ts_code,security_name,trade_date,close,pct_chg,amount,record_status,frequency,timezone,as_of,price_basis,amount_unit,source_api,source_url,retrieved_at,data_nature
000333.SZ,美的集团,2024-01-02,54.56,-0.1281,1305162.004,有行情,日线,Asia/Shanghai,2025-12-30T15:00:00+08:00,close为不复权；风险收益使用pct_chg÷100,千元,TuSharePro.daily,https://tushare.pro/document/1?doc_id=27,Fri Sep 04 2026 20:02:33 GMT+0800 (China Standard Time),公开行情历史快照
000858.SZ,五粮液,2024-01-02,136.0,-3.0718,2947170.557,有行情,日线,Asia/Shanghai,2025-12-30T15:00:00+08:00,close为不复权；风险收益使用pct_chg÷100,千元,TuSharePro.daily,https://tushare.pro/document/1?doc_id=27,Fri Sep 04 2026 20:02:33 GMT+0800 (China Standard Time),公开行情历史快照
002594.SZ,比亚迪,2024-01-02,192.6,-2.7273,2212162.4,有行情,日线,Asia/Shanghai,2025-12-30T15:00:00+08:00,close为不复权；风险收益使用pct_chg÷100,千元,TuSharePro.daily,https://tushare.pro/document/1?doc_id=27,Fri Sep 04 2026 20:02:33 GMT+0800 (China Standard Time),公开行情历史快照
300750.SZ,宁德时代,2024-01-02,156.83,-3.9385,3390080.35,有行情,日线,Asia/Shanghai,2025-12-30T15:00:00+08:00,close为不复权；风险收益使用pct_chg÷100,千元,TuSharePro.daily,https://tushare.pro/document/1?doc_id=27,Fri Sep 04 2026 20:02:33 GMT+0800 (China Standard Time),公开行情历史快照
600519.SH,贵州茅台,2024-01-02,1685.01,-2.3749,5440082.548,有行情,日线,Asia/Shanghai,2025-12-30T15:00:00+08:00,close为不复权；风险收益使用pct_chg÷100,千元,TuSharePro.daily,https://tushare.pro/document/1?doc_id=27,Fri Sep 04 2026 20:02:33 GMT+0800 (China Standard Time),公开行情历史快照
601318.SH,中国平安,2024-01-02,39.47,-2.0596,1740486.365,有行情,日线,Asia/Shanghai,2025-12-30T15:00:00+08:00,close为不复权；风险收益使用pct_chg÷100,千元,TuSharePro.daily,https://tushare.pro/document/1?doc_id=27,Fri Sep 04 2026 20:02:33 GMT+0800 (China Standard Time),公开行情历史快照
000333.SZ,美的集团,2024-01-03,54.45,-0.2016,1126649.739,有行情,日线,Asia/Shanghai,2025-12-30T15:00:00+08:00,close为不复权；风险收益使用pct_chg÷100,千元,TuSharePro.daily,https://tushare.pro/document/1?doc_id=27,Fri Sep 04 2026 20:02:33 GMT+0800 (China Standard Time),公开行情历史快照
000858.SZ,五粮液,2024-01-03,134.88,-0.8235,2211980.5,有行情,日线,Asia/Shanghai,2025-12-30T15:00:00+08:00,close为不复权；风险收益使用pct_chg÷100,千元,TuSharePro.daily,https://tushare.pro/document/1?doc_id=27,Fri Sep 04 2026 20:02:33 GMT+0800 (China Standard Time),公开行情历史快照
002594.SZ,比亚迪,2024-01-03,193.17,0.296,1624093.056,有行情,日线,Asia/Shanghai,2025-12-30T15:00:00+08:00,close为不复权；风险收益使用pct_chg÷100,千元,TuSharePro.daily,https://tushare.pro/document/1?doc_id=27,Fri Sep 04 2026 20:02:33 GMT+0800 (China Standard Time),公开行情历史快照
300750.SZ,宁德时代,2024-01-03,155.8,-0.6568,3070016.674,有行情,日线,Asia/Shanghai,2025-12-30T15:00:00+08:00,close为不复权；风险收益使用pct_chg÷100,千元,TuSharePro.daily,https://tushare.pro/document/1?doc_id=27,Fri Sep 04 2026 20:02:33 GMT+0800 (China Standard Time),公开行情历史快照
600519.SH,贵州茅台,2024-01-03,1694.0,0.5335,3411400.667,有行情,日线,Asia/Shanghai,2025-12-30T15:00:00+08:00,close为不复权；风险收益使用pct_chg÷100,千元,TuSharePro.daily,https://tushare.pro/document/1?doc_id=27,Fri Sep 04 2026 20:02:33 GMT+0800 (China Standard Time),公开行情历史快照
601318.SH,中国平安,2024-01-03,39.4,-0.1773,1432855.499,有行情,日线,Asia/Shanghai,2025-12-30T15:00:00+08:00,close为不复权；风险收益使用pct_chg÷100,千元,TuSharePro.daily,https://tushare.pro/document/1?doc_id=27,Fri Sep 04 2026 20:02:33 GMT+0800 (China Standard Time),公开行情历史快照
000333.SZ,美的集团,2024-01-04,55.25,1.4692,1467886.385,有行情,日线,Asia/Shanghai,2025-12-30T15:00:00+08:00,close为不复权；风险收益使用pct_chg÷100,千元,TuSharePro.daily,https://tushare.pro/document/1?doc_id=27,Fri Sep 04 2026 20:02:33 GMT+0800 (China Standard Time),公开行情历史快照
000858.SZ,五粮液,2024-01-04,132.32,-1.898,2371204.452,有行情,日线,Asia/Shanghai,2025-12-30T15:00:00+08:00,close为不复权；风险收益使用pct_chg÷100,千元,TuSharePro.daily,https://tushare.pro/document/1?doc_id=27,Fri Sep 04 2026 20:02:33 GMT+0800 (China Standard Time),公开行情历史快照
002594.SZ,比亚迪,2024-01-04,193.02,-0.0777,1731882.12,有行情,日线,Asia/Shanghai,2025-12-30T15:00:00+08:00,close为不复权；风险收益使用pct_chg÷100,千元,TuSharePro.daily,https://tushare.pro/document/1?doc_id=27,Fri Sep 04 2026 20:02:33 GMT+0800 (China Standard Time),公开行情历史快照
300750.SZ,宁德时代,2024-01-04,151.2,-2.9525,4114835.335,有行情,日线,Asia/Shanghai,2025-12-30T15:00:00+08:00,close为不复权；风险收益使用pct_chg÷100,千元,TuSharePro.daily,https://tushare.pro/document/1?doc_id=27,Fri Sep 04 2026 20:02:33 GMT+0800 (China Standard Time),公开行情历史快照
600519.SH,贵州茅台,2024-01-04,1669.0,-1.4758,3603970.147,有行情,日线,Asia/Shanghai,2025-12-30T15:00:00+08:00,close为不复权；风险收益使用pct_chg÷100,千元,TuSharePro.daily,https://tushare.pro/document/1?doc_id=27,Fri Sep 04 2026 20:02:33 GMT+0800 (China Standard Time),公开行情历史快照
601318.SH,中国平安,2024-01-04,38.9,-1.269,1819793.957,有行情,日线,Asia/Shanghai,2025-12-30T15:00:00+08:00,close为不复权；风险收益使用pct_chg÷100,千元,TuSharePro.daily,https://tushare.pro/document/1?doc_id=27,Fri Sep 04 2026 20:02:33 GMT+0800 (China Standard Time),公开行情历史快照
000333.SZ,美的集团,2024-01-05,55.6,0.6335,1669357.551,有行情,日线,Asia/Shanghai,2025-12-30T15:00:00+08:00,close为不复权；风险收益使用pct_chg÷100,千元,TuSharePro.daily,https://tushare.pro/document/1?doc_id=27,Fri Sep 04 2026 20:02:33 GMT+0800 (China Standard Time),公开行情历史快照
000858.SZ,五粮液,2024-01-05,131.24,-0.8162,2062827.516,有行情,日线,Asia/Shanghai,2025-12-30T15:00:00+08:00,close为不复权；风险收益使用pct_chg÷100,千元,TuSharePro.daily,https://tushare.pro/document/1?doc_id=27,Fri Sep 04 2026 20:02:33 GMT+0800 (China Standard Time),公开行情历史快照
002594.SZ,比亚迪,2024-01-05,192.68,-0.1761,2187835.615,有行情,日线,Asia/Shanghai,2025-12-30T15:00:00+08:00,close为不复权；风险收益使用pct_chg÷100,千元,TuSharePro.daily,https://tushare.pro/document/1?doc_id=27,Fri Sep 04 2026 20:02:33 GMT+0800 (China Standard Time),公开行情历史快照
300750.SZ,宁德时代,2024-01-05,150.9,-0.1984,3195235.677,有行情,日线,Asia/Shanghai,2025-12-30T15:00:00+08:00,close为不复权；风险收益使用pct_chg÷100,千元,TuSharePro.daily,https://tushare.pro/document/1?doc_id=27,Fri Sep 04 2026 20:02:33 GMT+0800 (China Standard Time),公开行情历史快照
600519.SH,贵州茅台,2024-01-05,1663.36,-0.3379,3373155.627,有行情,日线,Asia/Shanghai,2025-12-30T15:00:00+08:00,close为不复权；风险收益使用pct_chg÷100,千元,TuSharePro.daily,https://tushare.pro/document/1?doc_id=27,Fri Sep 04 2026 20:02:33 GMT+0800 (China Standard Time),公开行情历史快照
601318.SH,中国平安,2024-01-05,38.97,0.1799,1955115.16,有行情,日线,Asia/Shanghai,2025-12-30T15:00:00+08:00,close为不复权；风险收益使用pct_chg÷100,千元,TuSharePro.daily,https://tushare.pro/document/1?doc_id=27,Fri Sep 04 2026 20:02:33 GMT+0800 (China Standard Time),公开行情历史快照
000333.SZ,美的集团,2024-01-08,55.0,-1.0791,1531117.699,有行情,日线,Asia/Shanghai,2025-12-30T15:00:00+08:00,close为不复权；风险收益使用pct_chg÷100,千元,TuSharePro.daily,https://tushare.pro/document/1?doc_id=27,Fri Sep 04 2026 20:02:33 GMT+0800 (China Standard Time),公开行情历史快照
000858.SZ,五粮液,2024-01-08,128.1,-2.3926,2706248.456,有行情,日线,Asia/Shanghai,2025-12-30T15:00:00+08:00,close为不复权；风险收益使用pct_chg÷100,千元,TuSharePro.daily,https://tushare.pro/document/1?doc_id=27,Fri Sep 04 2026 20:02:33 GMT+0800 (China Standard Time),公开行情历史快照
002594.SZ,比亚迪,2024-01-08,189.4,-1.7023,1543893.919,有行情,日线,Asia/Shanghai,2025-12-30T15:00:00+08:00,close为不复权；风险收益使用pct_chg÷100,千元,TuSharePro.daily,https://tushare.pro/document/1?doc_id=27,Fri Sep 04 2026 20:02:33 GMT+0800 (China Standard Time),公开行情历史快照
300750.SZ,宁德时代,2024-01-08,150.0,-0.5964,2926528.362,有行情,日线,Asia/Shanghai,2025-12-30T15:00:00+08:00,close为不复权；风险收益使用pct_chg÷100,千元,TuSharePro.daily,https://tushare.pro/document/1?doc_id=27,Fri Sep 04 2026 20:02:33 GMT+0800 (China Standard Time),公开行情历史快照
600519.SH,贵州茅台,2024-01-08,1643.99,-1.1645,4211918.629,有行情,日线,Asia/Shanghai,2025-12-30T15:00:00+08:00,close为不复权；风险收益使用pct_chg÷100,千元,TuSharePro.daily,https://tushare.pro/document/1?doc_id=27,Fri Sep 04 2026 20:02:33 GMT+0800 (China Standard Time),公开行情历史快照
601318.SH,中国平安,2024-01-08,38.45,-1.3344,1983794.142,有行情,日线,Asia/Shanghai,2025-12-30T15:00:00+08:00,close为不复权；风险收益使用pct_chg÷100,千元,TuSharePro.daily,https://tushare.pro/document/1?doc_id=27,Fri Sep 04 2026 20:02:33 GMT+0800 (China Standard Time),公开行情历史快照
000333.SZ,美的集团,2024-01-09,55.17,0.3091,1184711.712,有行情,日线,Asia/Shanghai,2025-12-30T15:00:00+08:00,close为不复权；风险收益使用pct_chg÷100,千元,TuSharePro.daily,https://tushare.pro/document/1?doc_id=27,Fri Sep 04 2026 20:02:33 GMT+0800 (China Standard Time),公开行情历史快照
000858.SZ,五粮液,2024-01-09,127.81,-0.2264,2241449.42,有行情,日线,Asia/Shanghai,2025-12-30T15:00:00+08:00,close为不复权；风险收益使用pct_chg÷100,千元,TuSharePro.daily,https://tushare.pro/document/1?doc_id=27,Fri Sep 04 2026 20:02:33 GMT+0800 (China Standard Time),公开行情历史快照
002594.SZ,比亚迪,2024-01-09,192.86,1.8268,2167747.852,有行情,日线,Asia/Shanghai,2025-12-30T15:00:00+08:00,close为不复权；风险收益使用pct_chg÷100,千元,TuSharePro.daily,https://tushare.pro/document/1?doc_id=27,Fri Sep 04 2026 20:02:33 GMT+0800 (China Standard Time),公开行情历史快照
300750.SZ,宁德时代,2024-01-09,148.7,-0.8667,3473507.46,有行情,日线,Asia/Shanghai,2025-12-30T15:00:00+08:00,close为不复权；风险收益使用pct_chg÷100,千元,TuSharePro.daily,https://tushare.pro/document/1?doc_id=27,Fri Sep 04 2026 20:02:33 GMT+0800 (China Standard Time),公开行情历史快照
600519.SH,贵州茅台,2024-01-09,1641.0,-0.1819,4009826.496,有行情,日线,Asia/Shanghai,2025-12-30T15:00:00+08:00,close为不复权；风险收益使用pct_chg÷100,千元,TuSharePro.daily,https://tushare.pro/document/1?doc_id=27,Fri Sep 04 2026 20:02:33 GMT+0800 (China Standard Time),公开行情历史快照
601318.SH,中国平安,2024-01-09,38.38,-0.1821,1423188.301,有行情,日线,Asia/Shanghai,2025-12-30T15:00:00+08:00,close为不复权；风险收益使用pct_chg÷100,千元,TuSharePro.daily,https://tushare.pro/document/1?doc_id=27,Fri Sep 04 2026 20:02:33 GMT+0800 (China Standard Time),公开行情历史快照
000333.SZ,美的集团,2024-01-10,55.22,0.0906,984854.746,有行情,日线,Asia/Shanghai,2025-12-30T15:00:00+08:00,close为不复权；风险收益使用pct_chg÷100,千元,TuSharePro.daily,https://tushare.pro/document/1?doc_id=27,Fri Sep 04 2026 20:02:33 GMT+0800 (China Standard Time),公开行情历史快照
000858.SZ,五粮液,2024-01-10,128.8,0.7746,2118536.476,有行情,日线,Asia/Shanghai,2025-12-30T15:00:00+08:00,close为不复权；风险收益使用pct_chg÷100,千元,TuSharePro.daily,https://tushare.pro/document/1?doc_id=27,Fri Sep 04 2026 20:02:33 GMT+0800 (China Standard Time),公开行情历史快照
002594.SZ,比亚迪,2024-01-10,190.29,-1.3326,1364589.162,有行情,日线,Asia/Shanghai,2025-12-30T15:00:00+08:00,close为不复权；风险收益使用pct_chg÷100,千元,TuSharePro.daily,https://tushare.pro/document/1?doc_id=27,Fri Sep 04 2026 20:02:33 GMT+0800 (China Standard Time),公开行情历史快照
300750.SZ,宁德时代,2024-01-10,150.66,1.3181,3500326.62,有行情,日线,Asia/Shanghai,2025-12-30T15:00:00+08:00,close为不复权；风险收益使用pct_chg÷100,千元,TuSharePro.daily,https://tushare.pro/document/1?doc_id=27,Fri Sep 04 2026 20:02:33 GMT+0800 (China Standard Time),公开行情历史快照
600519.SH,贵州茅台,2024-01-10,1641.5,0.0305,2856120.718,有行情,日线,Asia/Shanghai,2025-12-30T15:00:00+08:00,close为不复权；风险收益使用pct_chg÷100,千元,TuSharePro.daily,https://tushare.pro/document/1?doc_id=27,Fri Sep 04 2026 20:02:33 GMT+0800 (China Standard Time),公开行情历史快照
601318.SH,中国平安,2024-01-10,37.82,-1.4591,1677706.638,有行情,日线,Asia/Shanghai,2025-12-30T15:00:00+08:00,close为不复权；风险收益使用pct_chg÷100,千元,TuSharePro.daily,https://tushare.pro/document/1?doc_id=27,Fri Sep 04 2026 20:02:33 GMT+0800 (China Standard Time),公开行情历史快照
000333.SZ,美的集团,2024-01-11,55.0,-0.3984,1168392.665,有行情,日线,Asia/Shanghai,2025-12-30T15:00:00+08:00,close为不复权；风险收益使用pct_chg÷100,千元,TuSharePro.daily,https://tushare.pro/document/1?doc_id=27,Fri Sep 04 2026 20:02:33 GMT+0800 (China Standard Time),公开行情历史快照
000858.SZ,五粮液,2024-01-11,129.62,0.6366,2021717.964,有行情,日线,Asia/Shanghai,2025-12-30T15:00:00+08:00,close为不复权；风险收益使用pct_chg÷100,千元,TuSharePro.daily,https://tushare.pro/document/1?doc_id=27,Fri Sep 04 2026 20:02:33 GMT+0800 (China Standard Time),公开行情历史快照
002594.SZ,比亚迪,2024-01-11,196.78,3.4106,3120354.836,有行情,日线,Asia/Shanghai,2025-12-30T15:00:00+08:00,close为不复权；风险收益使用pct_chg÷100,千元,TuSharePro.daily,https://tushare.pro/document/1?doc_id=27,Fri Sep 04 2026 20:02:33 GMT+0800 (China Standard Time),公开行情历史快照
300750.SZ,宁德时代,2024-01-11,154.82,2.7612,5037065.544,有行情,日线,Asia/Shanghai,2025-12-30T15:00:00+08:00,close为不复权；风险收益使用pct_chg÷100,千元,TuSharePro.daily,https://tushare.pro/document/1?doc_id=27,Fri Sep 04 2026 20:02:33 GMT+0800 (China Standard Time),公开行情历史快照
600519.SH,贵州茅台,2024-01-11,1646.57,0.3089,2708764.5,有行情,日线,Asia/Shanghai,2025-12-30T15:00:00+08:00,close为不复权；风险收益使用pct_chg÷100,千元,TuSharePro.daily,https://tushare.pro/document/1?doc_id=27,Fri Sep 04 2026 20:02:33 GMT+0800 (China Standard Time),公开行情历史快照
601318.SH,中国平安,2024-01-11,38.43,1.6129,1457906.651,有行情,日线,Asia/Shanghai,2025-12-30T15:00:00+08:00,close为不复权；风险收益使用pct_chg÷100,千元,TuSharePro.daily,https://tushare.pro/document/1?doc_id=27,Fri Sep 04 2026 20:02:33 GMT+0800 (China Standard Time),公开行情历史快照
000333.SZ,美的集团,2024-01-12,55.0,0.0,1343879.865,有行情,日线,Asia/Shanghai,2025-12-30T15:00:00+08:00,close为不复权；风险收益使用pct_chg÷100,千元,TuSharePro.daily,https://tushare.pro/document/1?doc_id=27,Fri Sep 04 2026 20:02:33 GMT+0800 (China Standard Time),公开行情历史快照
000858.SZ,五粮液,2024-01-12,128.75,-0.6712,1539729.131,有行情,日线,Asia/Shanghai,2025-12-30T15:00:00+08:00,close为不复权；风险收益使用pct_chg÷100,千元,TuSharePro.daily,https://tushare.pro/document/1?doc_id=27,Fri Sep 04 2026 20:02:33 GMT+0800 (China Standard Time),公开行情历史快照
002594.SZ,比亚迪,2024-01-12,195.87,-0.4624,1711086.656,有行情,日线,Asia/Shanghai,2025-12-30T15:00:00+08:00,close为不复权；风险收益使用pct_chg÷100,千元,TuSharePro.daily,https://tushare.pro/document/1?doc_id=27,Fri Sep 04 2026 20:02:33 GMT+0800 (China Standard Time),公开行情历史快照
300750.SZ,宁德时代,2024-01-12,154.63,-0.1227,3943737.151,有行情,日线,Asia/Shanghai,2025-12-30T15:00:00+08:00,close为不复权；风险收益使用pct_chg÷100,千元,TuSharePro.daily,https://tushare.pro/document/1?doc_id=27,Fri Sep 04 2026 20:02:33 GMT+0800 (China Standard Time),公开行情历史快照
600519.SH,贵州茅台,2024-01-12,1643.06,-0.2132,1908084.612,有行情,日线,Asia/Shanghai,2025-12-30T15:00:00+08:00,close为不复权；风险收益使用pct_chg÷100,千元,TuSharePro.daily,https://tushare.pro/document/1?doc_id=27,Fri Sep 04 2026 20:02:33 GMT+0800 (China Standard Time),公开行情历史快照
601318.SH,中国平安,2024-01-12,38.03,-1.0409,1158392.103,有行情,日线,Asia/Shanghai,2025-12-30T15:00:00+08:00,close为不复权；风险收益使用pct_chg÷100,千元,TuSharePro.daily,https://tushare.pro/document/1?doc_id=27,Fri Sep 04 2026 20:02:33 GMT+0800 (China Standard Time),公开行情历史快照
000333.SZ,美的集团,2024-01-15,55.88,1.6,1063527.119,有行情,日线,Asia/Shanghai,2025-12-30T15:00:00+08:00,close为不复权；风险收益使用pct_chg÷100,千元,TuSharePro.daily,https://tushare.pro/document/1?doc_id=27,Fri Sep 04 2026 20:02:33 GMT+0800 (China Standard Time),公开行情历史快照
000858.SZ,五粮液,2024-01-15,128.68,-0.0544,1485609.939,有行情,日线,Asia/Shanghai,2025-12-30T15:00:00+08:00,close为不复权；风险收益使用pct_chg÷100,千元,TuSharePro.daily,https://tushare.pro/document/1?doc_id=27,Fri Sep 04 2026 20:02:33 GMT+0800 (China Standard Time),公开行情历史快照
002594.SZ,比亚迪,2024-01-15,194.61,-0.6433,1364639.692,有行情,日线,Asia/Shanghai,2025-12-30T15:00:00+08:00,close为不复权；风险收益使用pct_chg÷100,千元,TuSharePro.daily,https://tushare.pro/document/1?doc_id=27,Fri Sep 04 2026 20:02:33 GMT+0800 (China Standard Time),公开行情历史快照
300750.SZ,宁德时代,2024-01-15,151.7,-1.8948,2618158.008,有行情,日线,Asia/Shanghai,2025-12-30T15:00:00+08:00,close为不复权；风险收益使用pct_chg÷100,千元,TuSharePro.daily,https://tushare.pro/document/1?doc_id=27,Fri Sep 04 2026 20:02:33 GMT+0800 (China Standard Time),公开行情历史快照
600519.SH,贵州茅台,2024-01-15,1640.0,-0.1862,2931202.343,有行情,日线,Asia/Shanghai,2025-12-30T15:00:00+08:00,close为不复权；风险收益使用pct_chg÷100,千元,TuSharePro.daily,https://tushare.pro/document/1?doc_id=27,Fri Sep 04 2026 20:02:33 GMT+0800 (China Standard Time),公开行情历史快照
601318.SH,中国平安,2024-01-15,38.17,0.3681,1244858.223,有行情,日线,Asia/Shanghai,2025-12-30T15:00:00+08:00,close为不复权；风险收益使用pct_chg÷100,千元,TuSharePro.daily,https://tushare.pro/document/1?doc_id=27,Fri Sep 04 2026 20:02:33 GMT+0800 (China Standard Time),公开行情历史快照
000333.SZ,美的集团,2024-01-16,56.92,1.8611,1903147.107,有行情,日线,Asia/Shanghai,2025-12-30T15:00:00+08:00,close为不复权；风险收益使用pct_chg÷100,千元,TuSharePro.daily,https://tushare.pro/document/1?doc_id=27,Fri Sep 04 2026 20:02:33 GMT+0800 (China Standard Time),公开行情历史快照
000858.SZ,五粮液,2024-01-16,128.41,-0.2098,1604334.708,有行情,日线,Asia/Shanghai,2025-12-30T15:00:00+08:00,close为不复权；风险收益使用pct_chg÷100,千元,TuSharePro.daily,https://tushare.pro/document/1?doc_id=27,Fri Sep 04 2026 20:02:33 GMT+0800 (China Standard Time),公开行情历史快照
002594.SZ,比亚迪,2024-01-16,195.3,0.3546,1633959.523,有行情,日线,Asia/Shanghai,2025-12-30T15:00:00+08:00,close为不复权；风险收益使用pct_chg÷100,千元,TuSharePro.daily,https://tushare.pro/document/1?doc_id=27,Fri Sep 04 2026 20:02:33 GMT+0800 (China Standard Time),公开行情历史快照
300750.SZ,宁德时代,2024-01-16,156.95,3.4608,4421625.829,有行情,日线,Asia/Shanghai,2025-12-30T15:00:00+08:00,close为不复权；风险收益使用pct_chg÷100,千元,TuSharePro.daily,https://tushare.pro/document/1?doc_id=27,Fri Sep 04 2026 20:02:33 GMT+0800 (China Standard Time),公开行情历史快照
600519.SH,贵州茅台,2024-01-16,1639.43,-0.0348,4236042.96,有行情,日线,Asia/Shanghai,2025-12-30T15:00:00+08:00,close为不复权；风险收益使用pct_chg÷100,千元,TuSharePro.daily,https://tushare.pro/document/1?doc_id=27,Fri Sep 04 2026 20:02:33 GMT+0800 (China Standard Time),公开行情历史快照
601318.SH,中国平安,2024-01-16,38.7,1.3885,2095337.501,有行情,日线,Asia/Shanghai,2025-12-30T15:00:00+08:00,close为不复权；风险收益使用pct_chg÷100,千元,TuSharePro.daily,https://tushare.pro/document/1?doc_id=27,Fri Sep 04 2026 20:02:33 GMT+0800 (China Standard Time),公开行情历史快照
000333.SZ,美的集团,2024-01-17,56.37,-0.9663,1530395.102,有行情,日线,Asia/Shanghai,2025-12-30T15:00:00+08:00,close为不复权；风险收益使用pct_chg÷100,千元,TuSharePro.daily,https://tushare.pro/document/1?doc_id=27,Fri Sep 04 2026 20:02:33 GMT+0800 (China Standard Time),公开行情历史快照
000858.SZ,五粮液,2024-01-17,125.14,-2.5465,2232551.975,有行情,日线,Asia/Shanghai,2025-12-30T15:00:00+08:00,close为不复权；风险收益使用pct_chg÷100,千元,TuSharePro.daily,https://tushare.pro/document/1?doc_id=27,Fri Sep 04 2026 20:02:33 GMT+0800 (China Standard Time),公开行情历史快照
002594.SZ,比亚迪,2024-01-17,186.8,-4.3523,3050944.39,有行情,日线,Asia/Shanghai,2025-12-30T15:00:00+08:00,close为不复权；风险收益使用pct_chg÷100,千元,TuSharePro.daily,https://tushare.pro/document/1?doc_id=27,Fri Sep 04 2026 20:02:33 GMT+0800 (China Standard Time),公开行情历史快照
300750.SZ,宁德时代,2024-01-17,152.24,-3.001,3343384.132,有行情,日线,Asia/Shanghai,2025-12-30T15:00:00+08:00,close为不复权；风险收益使用pct_chg÷100,千元,TuSharePro.daily,https://tushare.pro/document/1?doc_id=27,Fri Sep 04 2026 20:02:33 GMT+0800 (China Standard Time),公开行情历史快照
600519.SH,贵州茅台,2024-01-17,1577.0,-3.808,8251735.591,有行情,日线,Asia/Shanghai,2025-12-30T15:00:00+08:00,close为不复权；风险收益使用pct_chg÷100,千元,TuSharePro.daily,https://tushare.pro/document/1?doc_id=27,Fri Sep 04 2026 20:02:33 GMT+0800 (China Standard Time),公开行情历史快照
601318.SH,中国平安,2024-01-17,38.01,-1.7829,2148072.06,有行情,日线,Asia/Shanghai,2025-12-30T15:00:00+08:00,close为不复权；风险收益使用pct_chg÷100,千元,TuSharePro.daily,https://tushare.pro/document/1?doc_id=27,Fri Sep 04 2026 20:02:33 GMT+0800 (China Standard Time),公开行情历史快照
000333.SZ,美的集团,2024-01-18,56.4,0.0532,2175726.536,有行情,日线,Asia/Shanghai,2025-12-30T15:00:00+08:00,close为不复权；风险收益使用pct_chg÷100,千元,TuSharePro.daily,https://tushare.pro/document/1?doc_id=27,Fri Sep 04 2026 20:02:33 GMT+0800 (China Standard Time),公开行情历史快照
000858.SZ,五粮液,2024-01-18,127.9,2.2055,2961463.082,有行情,日线,Asia/Shanghai,2025-12-30T15:00:00+08:00,close为不复权；风险收益使用pct_chg÷100,千元,TuSharePro.daily,https://tushare.pro/document/1?doc_id=27,Fri Sep 04 2026 20:02:33 GMT+0800 (China Standard Time),公开行情历史快照
002594.SZ,比亚迪,2024-01-18,190.48,1.97,2150839.668,有行情,日线,Asia/Shanghai,2025-12-30T15:00:00+08:00,close为不复权；风险收益使用pct_chg÷100,千元,TuSharePro.daily,https://tushare.pro/document/1?doc_id=27,Fri Sep 04 2026 20:02:33 GMT+0800 (China Standard Time),公开行情历史快照
300750.SZ,宁德时代,2024-01-18,154.61,1.5568,4688436.698,有行情,日线,Asia/Shanghai,2025-12-30T15:00:00+08:00,close为不复权；风险收益使用pct_chg÷100,千元,TuSharePro.daily,https://tushare.pro/document/1?doc_id=27,Fri Sep 04 2026 20:02:33 GMT+0800 (China Standard Time),公开行情历史快照
600519.SH,贵州茅台,2024-01-18,1610.87,2.1477,9566349.514,有行情,日线,Asia/Shanghai,2025-12-30T15:00:00+08:00,close为不复权；风险收益使用pct_chg÷100,千元,TuSharePro.daily,https://tushare.pro/document/1?doc_id=27,Fri Sep 04 2026 20:02:33 GMT+0800 (China Standard Time),公开行情历史快照
601318.SH,中国平安,2024-01-18,38.99,2.5783,3289028.901,有行情,日线,Asia/Shanghai,2025-12-30T15:00:00+08:00,close为不复权；风险收益使用pct_chg÷100,千元,TuSharePro.daily,https://tushare.pro/document/1?doc_id=27,Fri Sep 04 2026 20:02:33 GMT+0800 (China Standard Time),公开行情历史快照
000333.SZ,美的集团,2024-01-19,56.14,-0.461,1681993.909,有行情,日线,Asia/Shanghai,2025-12-30T15:00:00+08:00,close为不复权；风险收益使用pct_chg÷100,千元,TuSharePro.daily,https://tushare.pro/document/1?doc_id=27,Fri Sep 04 2026 20:02:33 GMT+0800 (China Standard Time),公开行情历史快照
000858.SZ,五粮液,2024-01-19,128.89,0.774,2891090.564,有行情,日线,Asia/Shanghai,2025-12-30T15:00:00+08:00,close为不复权；风险收益使用pct_chg÷100,千元,TuSharePro.daily,https://tushare.pro/document/1?doc_id=27,Fri Sep 04 2026 20:02:33 GMT+0800 (China Standard Time),公开行情历史快照
002594.SZ,比亚迪,2024-01-19,189.34,-0.5985,1540978.199,有行情,日线,Asia/Shanghai,2025-12-30T15:00:00+08:00,close为不复权；风险收益使用pct_chg÷100,千元,TuSharePro.daily,https://tushare.pro/document/1?doc_id=27,Fri Sep 04 2026 20:02:33 GMT+0800 (China Standard Time),公开行情历史快照
300750.SZ,宁德时代,2024-01-19,154.9,0.1876,4136034.233,有行情,日线,Asia/Shanghai,2025-12-30T15:00:00+08:00,close为不复权；风险收益使用pct_chg÷100,千元,TuSharePro.daily,https://tushare.pro/document/1?doc_id=27,Fri Sep 04 2026 20:02:33 GMT+0800 (China Standard Time),公开行情历史快照
600519.SH,贵州茅台,2024-01-19,1635.0,1.4979,7550144.389,有行情,日线,Asia/Shanghai,2025-12-30T15:00:00+08:00,close为不复权；风险收益使用pct_chg÷100,千元,TuSharePro.daily,https://tushare.pro/document/1?doc_id=27,Fri Sep 04 2026 20:02:33 GMT+0800 (China Standard Time),公开行情历史快照
601318.SH,中国平安,2024-01-19,39.2,0.5386,2493579.882,有行情,日线,Asia/Shanghai,2025-12-30T15:00:00+08:00,close为不复权；风险收益使用pct_chg÷100,千元,TuSharePro.daily,https://tushare.pro/document/1?doc_id=27,Fri Sep 04 2026 20:02:33 GMT+0800 (China Standard Time),公开行情历史快照
000333.SZ,美的集团,2024-01-22,55.34,-1.425,2017295.149,有行情,日线,Asia/Shanghai,2025-12-30T15:00:00+08:00,close为不复权；风险收益使用pct_chg÷100,千元,TuSharePro.daily,https://tushare.pro/document/1?doc_id=27,Fri Sep 04 2026 20:02:33 GMT+0800 (China Standard Time),公开行情历史快照
000858.SZ,五粮液,2024-01-22,127.0,-1.4664,2733754.456,有行情,日线,Asia/Shanghai,2025-12-30T15:00:00+08:00,close为不复权；风险收益使用pct_chg÷100,千元,TuSharePro.daily,https://tushare.pro/document/1?doc_id=27,Fri Sep 04 2026 20:02:33 GMT+0800 (China Standard Time),公开行情历史快照
002594.SZ,比亚迪,2024-01-22,185.34,-2.1126,2487370.789,有行情,日线,Asia/Shanghai,2025-12-30T15:00:00+08:00,close为不复权；风险收益使用pct_chg÷100,千元,TuSharePro.daily,https://tushare.pro/document/1?doc_id=27,Fri Sep 04 2026 20:02:33 GMT+0800 (China Standard Time),公开行情历史快照
300750.SZ,宁德时代,2024-01-22,155.66,0.4906,6323471.153,有行情,日线,Asia/Shanghai,2025-12-30T15:00:00+08:00,close为不复权；风险收益使用pct_chg÷100,千元,TuSharePro.daily,https://tushare.pro/document/1?doc_id=27,Fri Sep 04 2026 20:02:33 GMT+0800 (China Standard Time),公开行情历史快照
600519.SH,贵州茅台,2024-01-22,1642.0,0.4281,7678297.836,有行情,日线,Asia/Shanghai,2025-12-30T15:00:00+08:00,close为不复权；风险收益使用pct_chg÷100,千元,TuSharePro.daily,https://tushare.pro/document/1?doc_id=27,Fri Sep 04 2026 20:02:33 GMT+0800 (China Standard Time),公开行情历史快照
601318.SH,中国平安,2024-01-22,39.48,0.7143,3800265.431,有行情,日线,Asia/Shanghai,2025-12-30T15:00:00+08:00,close为不复权；风险收益使用pct_chg÷100,千元,TuSharePro.daily,https://tushare.pro/document/1?doc_id=27,Fri Sep 04 2026 20:02:33 GMT+0800 (China Standard Time),公开行情历史快照
000333.SZ,美的集团,2024-01-23,56.38,1.8793,1612570.166,有行情,日线,Asia/Shanghai,2025-12-30T15:00:00+08:00,close为不复权；风险收益使用pct_chg÷100,千元,TuSharePro.daily,https://tushare.pro/document/1?doc_id=27,Fri Sep 04 2026 20:02:33 GMT+0800 (China Standard Time),公开行情历史快照
000858.SZ,五粮液,2024-01-23,127.38,0.2992,2053575.26,有行情,日线,Asia/Shanghai,2025-12-30T15:00:00+08:00,close为不复权；风险收益使用pct_chg÷100,千元,TuSharePro.daily,https://tushare.pro/document/1?doc_id=27,Fri Sep 04 2026 20:02:33 GMT+0800 (China Standard Time),公开行情历史快照
002594.SZ,比亚迪,2024-01-23,187.85,1.3543,2072060.504,有行情,日线,Asia/Shanghai,2025-12-30T15:00:00+08:00,close为不复权；风险收益使用pct_chg÷100,千元,TuSharePro.daily,https://tushare.pro/document/1?doc_id=27,Fri Sep 04 2026 20:02:33 GMT+0800 (China Standard Time),公开行情历史快照
300750.SZ,宁德时代,2024-01-23,153.91,-1.1242,5033058.276,有行情,日线,Asia/Shanghai,2025-12-30T15:00:00+08:00,close为不复权；风险收益使用pct_chg÷100,千元,TuSharePro.daily,https://tushare.pro/document/1?doc_id=27,Fri Sep 04 2026 20:02:33 GMT+0800 (China Standard Time),公开行情历史快照
600519.SH,贵州茅台,2024-01-23,1619.0,-1.4007,5659457.115,有行情,日线,Asia/Shanghai,2025-12-30T15:00:00+08:00,close为不复权；风险收益使用pct_chg÷100,千元,TuSharePro.daily,https://tushare.pro/document/1?doc_id=27,Fri Sep 04 2026 20:02:33 GMT+0800 (China Standard Time),公开行情历史快照
601318.SH,中国平安,2024-01-23,39.36,-0.304,2363927.977,有行情,日线,Asia/Shanghai,2025-12-30T15:00:00+08:00,close为不复权；风险收益使用pct_chg÷100,千元,TuSharePro.daily,https://tushare.pro/document/1?doc_id=27,Fri Sep 04 2026 20:02:33 GMT+0800 (China Standard Time),公开行情历史快照
000333.SZ,美的集团,2024-01-24,57.19,1.4367,1503303.923,有行情,日线,Asia/Shanghai,2025-12-30T15:00:00+08:00,close为不复权；风险收益使用pct_chg÷100,千元,TuSharePro.daily,https://tushare.pro/document/1?doc_id=27,Fri Sep 04 2026 20:02:33 GMT+0800 (China Standard Time),公开行情历史快照
000858.SZ,五粮液,2024-01-24,128.05,0.526,2118643.963,有行情,日线,Asia/Shanghai,2025-12-30T15:00:00+08:00,close为不复权；风险收益使用pct_chg÷100,千元,TuSharePro.daily,https://tushare.pro/document/1?doc_id=27,Fri Sep 04 2026 20:02:33 GMT+0800 (China Standard Time),公开行情历史快照
002594.SZ,比亚迪,2024-01-24,188.7,0.4525,1805379.382,有行情,日线,Asia/Shanghai,2025-12-30T15:00:00+08:00,close为不复权；风险收益使用pct_chg÷100,千元,TuSharePro.daily,https://tushare.pro/document/1?doc_id=27,Fri Sep 04 2026 20:02:33 GMT+0800 (China Standard Time),公开行情历史快照
300750.SZ,宁德时代,2024-01-24,153.48,-0.2794,3776131.708,有行情,日线,Asia/Shanghai,2025-12-30T15:00:00+08:00,close为不复权；风险收益使用pct_chg÷100,千元,TuSharePro.daily,https://tushare.pro/document/1?doc_id=27,Fri Sep 04 2026 20:02:33 GMT+0800 (China Standard Time),公开行情历史快照
600519.SH,贵州茅台,2024-01-24,1626.0,0.4324,5373603.703,有行情,日线,Asia/Shanghai,2025-12-30T15:00:00+08:00,close为不复权；风险收益使用pct_chg÷100,千元,TuSharePro.daily,https://tushare.pro/document/1?doc_id=27,Fri Sep 04 2026 20:02:33 GMT+0800 (China Standard Time),公开行情历史快照
601318.SH,中国平安,2024-01-24,40.17,2.0579,3023883.703,有行情,日线,Asia/Shanghai,2025-12-30T15:00:00+08:00,close为不复权；风险收益使用pct_chg÷100,千元,TuSharePro.daily,https://tushare.pro/document/1?doc_id=27,Fri Sep 04 2026 20:02:33 GMT+0800 (China Standard Time),公开行情历史快照
000333.SZ,美的集团,2024-01-25,56.35,-1.4688,1412367.268,有行情,日线,Asia/Shanghai,2025-12-30T15:00:00+08:00,close为不复权；风险收益使用pct_chg÷100,千元,TuSharePro.daily,https://tushare.pro/document/1?doc_id=27,Fri Sep 04 2026 20:02:33 GMT+0800 (China Standard Time),公开行情历史快照
000858.SZ,五粮液,2024-01-25,131.11,2.3897,3546308.96,有行情,日线,Asia/Shanghai,2025-12-30T15:00:00+08:00,close为不复权；风险收益使用pct_chg÷100,千元,TuSharePro.daily,https://tushare.pro/document/1?doc_id=27,Fri Sep 04 2026 20:02:33 GMT+0800 (China Standard Time),公开行情历史快照
002594.SZ,比亚迪,2024-01-25,189.9,0.6359,2470818.453,有行情,日线,Asia/Shanghai,2025-12-30T15:00:00+08:00,close为不复权；风险收益使用pct_chg÷100,千元,TuSharePro.daily,https://tushare.pro/document/1?doc_id=27,Fri Sep 04 2026 20:02:33 GMT+0800 (China Standard Time),公开行情历史快照
300750.SZ,宁德时代,2024-01-25,155.0,0.9904,4503492.568,有行情,日线,Asia/Shanghai,2025-12-30T15:00:00+08:00,close为不复权；风险收益使用pct_chg÷100,千元,TuSharePro.daily,https://tushare.pro/document/1?doc_id=27,Fri Sep 04 2026 20:02:33 GMT+0800 (China Standard Time),公开行情历史快照
600519.SH,贵州茅台,2024-01-25,1638.0,0.738,5094508.165,有行情,日线,Asia/Shanghai,2025-12-30T15:00:00+08:00,close为不复权；风险收益使用pct_chg÷100,千元,TuSharePro.daily,https://tushare.pro/document/1?doc_id=27,Fri Sep 04 2026 20:02:33 GMT+0800 (China Standard Time),公开行情历史快照
601318.SH,中国平安,2024-01-25,41.15,2.4396,4022141.715,有行情,日线,Asia/Shanghai,2025-12-30T15:00:00+08:00,close为不复权；风险收益使用pct_chg÷100,千元,TuSharePro.daily,https://tushare.pro/document/1?doc_id=27,Fri Sep 04 2026 20:02:33 GMT+0800 (China Standard Time),公开行情历史快照
000333.SZ,美的集团,2024-01-26,57.51,2.0586,1874299.633,有行情,日线,Asia/Shanghai,2025-12-30T15:00:00+08:00,close为不复权；风险收益使用pct_chg÷100,千元,TuSharePro.daily,https://tushare.pro/document/1?doc_id=27,Fri Sep 04 2026 20:02:33 GMT+0800 (China Standard Time),公开行情历史快照
000858.SZ,五粮液,2024-01-26,131.0,-0.0839,2522565.252,有行情,日线,Asia/Shanghai,2025-12-30T15:00:00+08:00,close为不复权；风险收益使用pct_chg÷100,千元,TuSharePro.daily,https://tushare.pro/document/1?doc_id=27,Fri Sep 04 2026 20:02:33 GMT+0800 (China Standard Time),公开行情历史快照
002594.SZ,比亚迪,2024-01-26,185.86,-2.1274,2160578.276,有行情,日线,Asia/Shanghai,2025-12-30T15:00:00+08:00,close为不复权；风险收益使用pct_chg÷100,千元,TuSharePro.daily,https://tushare.pro/document/1?doc_id=27,Fri Sep 04 2026 20:02:33 GMT+0800 (China Standard Time),公开行情历史快照
300750.SZ,宁德时代,2024-01-26,150.0,-3.2258,4118576.148,有行情,日线,Asia/Shanghai,2025-12-30T15:00:00+08:00,close为不复权；风险收益使用pct_chg÷100,千元,TuSharePro.daily,https://tushare.pro/document/1?doc_id=27,Fri Sep 04 2026 20:02:33 GMT+0800 (China Standard Time),公开行情历史快照
600519.SH,贵州茅台,2024-01-26,1637.32,-0.0415,4402111.882,有行情,日线,Asia/Shanghai,2025-12-30T15:00:00+08:00,close为不复权；风险收益使用pct_chg÷100,千元,TuSharePro.daily,https://tushare.pro/document/1?doc_id=27,Fri Sep 04 2026 20:02:33 GMT+0800 (China Standard Time),公开行情历史快照
601318.SH,中国平安,2024-01-26,41.25,0.243,3225824.129,有行情,日线,Asia/Shanghai,2025-12-30T15:00:00+08:00,close为不复权；风险收益使用pct_chg÷100,千元,TuSharePro.daily,https://tushare.pro/document/1?doc_id=27,Fri Sep 04 2026 20:02:33 GMT+0800 (China Standard Time),公开行情历史快照
000333.SZ,美的集团,2024-01-29,58.69,2.0518,2204469.37,有行情,日线,Asia/Shanghai,2025-12-30T15:00:00+08:00,close为不复权；风险收益使用pct_chg÷100,千元,TuSharePro.daily,https://tushare.pro/document/1?doc_id=27,Fri Sep 04 2026 20:02:33 GMT+0800 (China Standard Time),公开行情历史快照
000858.SZ,五粮液,2024-01-29,131.78,0.5954,2860907.562,有行情,日线,Asia/Shanghai,2025-12-30T15:00:00+08:00,close为不复权；风险收益使用pct_chg÷100,千元,TuSharePro.daily,https://tushare.pro/document/1?doc_id=27,Fri Sep 04 2026 20:02:33 GMT+0800 (China Standard Time),公开行情历史快照
002594.SZ,比亚迪,2024-01-29,178.44,-3.9923,2647388.166,有行情,日线,Asia/Shanghai,2025-12-30T15:00:00+08:00,close为不复权；风险收益使用pct_chg÷100,千元,TuSharePro.daily,https://tushare.pro/document/1?doc_id=27,Fri Sep 04 2026 20:02:33 GMT+0800 (China Standard Time),公开行情历史快照
300750.SZ,宁德时代,2024-01-29,147.02,-1.9867,3235910.043,有行情,日线,Asia/Shanghai,2025-12-30T15:00:00+08:00,close为不复权；风险收益使用pct_chg÷100,千元,TuSharePro.daily,https://tushare.pro/document/1?doc_id=27,Fri Sep 04 2026 20:02:33 GMT+0800 (China Standard Time),公开行情历史快照
600519.SH,贵州茅台,2024-01-29,1650.0,0.7744,5189014.946,有行情,日线,Asia/Shanghai,2025-12-30T15:00:00+08:00,close为不复权；风险收益使用pct_chg÷100,千元,TuSharePro.daily,https://tushare.pro/document/1?doc_id=27,Fri Sep 04 2026 20:02:33 GMT+0800 (China Standard Time),公开行情历史快照
601318.SH,中国平安,2024-01-29,40.98,-0.6545,2560232.02,有行情,日线,Asia/Shanghai,2025-12-30T15:00:00+08:00,close为不复权；风险收益使用pct_chg÷100,千元,TuSharePro.daily,https://tushare.pro/document/1?doc_id=27,Fri Sep 04 2026 20:02:33 GMT+0800 (China Standard Time),公开行情历史快照
000333.SZ,美的集团,2024-01-30,58.22,-0.8008,1604993.046,有行情,日线,Asia/Shanghai,2025-12-30T15:00:00+08:00,close为不复权；风险收益使用pct_chg÷100,千元,TuSharePro.daily,https://tushare.pro/document/1?doc_id=27,Fri Sep 04 2026 20:02:33 GMT+0800 (China Standard Time),公开行情历史快照
000858.SZ,五粮液,2024-01-30,127.71,-3.0885,2196117.733,有行情,日线,Asia/Shanghai,2025-12-30T15:00:00+08:00,close为不复权；风险收益使用pct_chg÷100,千元,TuSharePro.daily,https://tushare.pro/document/1?doc_id=27,Fri Sep 04 2026 20:02:33 GMT+0800 (China Standard Time),公开行情历史快照
002594.SZ,比亚迪,2024-01-30,171.97,-3.6259,3296016.841,有行情,日线,Asia/Shanghai,2025-12-30T15:00:00+08:00,close为不复权；风险收益使用pct_chg÷100,千元,TuSharePro.daily,https://tushare.pro/document/1?doc_id=27,Fri Sep 04 2026 20:02:33 GMT+0800 (China Standard Time),公开行情历史快照
300750.SZ,宁德时代,2024-01-30,140.75,-4.2647,4680164.654,有行情,日线,Asia/Shanghai,2025-12-30T15:00:00+08:00,close为不复权；风险收益使用pct_chg÷100,千元,TuSharePro.daily,https://tushare.pro/document/1?doc_id=27,Fri Sep 04 2026 20:02:33 GMT+0800 (China Standard Time),公开行情历史快照
600519.SH,贵州茅台,2024-01-30,1613.0,-2.2424,5010784.454,有行情,日线,Asia/Shanghai,2025-12-30T15:00:00+08:00,close为不复权；风险收益使用pct_chg÷100,千元,TuSharePro.daily,https://tushare.pro/document/1?doc_id=27,Fri Sep 04 2026 20:02:33 GMT+0800 (China Standard Time),公开行情历史快照
601318.SH,中国平安,2024-01-30,40.19,-1.9278,2308550.033,有行情,日线,Asia/Shanghai,2025-12-30T15:00:00+08:00,close为不复权；风险收益使用pct_chg÷100,千元,TuSharePro.daily,https://tushare.pro/document/1?doc_id=27,Fri Sep 04 2026 20:02:33 GMT+0800 (China Standard Time),公开行情历史快照
000333.SZ,美的集团,2024-01-31,58.25,0.0515,1486711.039,有行情,日线,Asia/Shanghai,2025-12-30T15:00:00+08:00,close为不复权；风险收益使用pct_chg÷100,千元,TuSharePro.daily,https://tushare.pro/document/1?doc_id=27,Fri Sep 04 2026 20:02:33 GMT+0800 (China Standard Time),公开行情历史快照
000858.SZ,五粮液,2024-01-31,126.3,-1.1041,1717132.839,有行情,日线,Asia/Shanghai,2025-12-30T15:00:00+08:00,close为不复权；风险收益使用pct_chg÷100,千元,TuSharePro.daily,https://tushare.pro/document/1?doc_id=27,Fri Sep 04 2026 20:02:33 GMT+0800 (China Standard Time),公开行情历史快照
002594.SZ,比亚迪,2024-01-31,170.73,-0.7211,2155163.736,有行情,日线,Asia/Shanghai,2025-12-30T15:00:00+08:00,close为不复权；风险收益使用pct_chg÷100,千元,TuSharePro.daily,https://tushare.pro/document/1?doc_id=27,Fri Sep 04 2026 20:02:33 GMT+0800 (China Standard Time),公开行情历史快照
300750.SZ,宁德时代,2024-01-31,151.59,7.7016,8943013.793,有行情,日线,Asia/Shanghai,2025-12-30T15:00:00+08:00,close为不复权；风险收益使用pct_chg÷100,千元,TuSharePro.daily,https://tushare.pro/document/1?doc_id=27,Fri Sep 04 2026 20:02:33 GMT+0800 (China Standard Time),公开行情历史快照
600519.SH,贵州茅台,2024-01-31,1604.91,-0.5015,4770104.891,有行情,日线,Asia/Shanghai,2025-12-30T15:00:00+08:00,close为不复权；风险收益使用pct_chg÷100,千元,TuSharePro.daily,https://tushare.pro/document/1?doc_id=27,Fri Sep 04 2026 20:02:33 GMT+0800 (China Standard Time),公开行情历史快照
601318.SH,中国平安,2024-01-31,40.51,0.7962,2253897.731,有行情,日线,Asia/Shanghai,2025-12-30T15:00:00+08:00,close为不复权；风险收益使用pct_chg÷100,千元,TuSharePro.daily,https://tushare.pro/document/1?doc_id=27,Fri Sep 04 2026 20:02:33 GMT+0800 (China Standard Time),公开行情历史快照
000333.SZ,美的集团,2024-02-01,58.81,0.9614,1785789.271,有行情,日线,Asia/Shanghai,2025-12-30T15:00:00+08:00,close为不复权；风险收益使用pct_chg÷100,千元,TuSharePro.daily,https://tushare.pro/document/1?doc_id=27,Fri Sep 04 2026 20:02:33 GMT+0800 (China Standard Time),公开行情历史快照
000858.SZ,五粮液,2024-02-01,126.5,0.1584,1745356.476,有行情,日线,Asia/Shanghai,2025-12-30T15:00:00+08:00,close为不复权；风险收益使用pct_chg÷100,千元,TuSharePro.daily,https://tushare.pro/document/1?doc_id=27,Fri Sep 04 2026 20:02:33 GMT+0800 (China Standard Time),公开行情历史快照
002594.SZ,比亚迪,2024-02-01,170.89,0.0937,1996429.637,有行情,日线,Asia/Shanghai,2025-12-30T15:00:00+08:00,close为不复权；风险收益使用pct_chg÷100,千元,TuSharePro.daily,https://tushare.pro/document/1?doc_id=27,Fri Sep 04 2026 20:02:33 GMT+0800 (China Standard Time),公开行情历史快照
300750.SZ,宁德时代,2024-02-01,149.02,-1.6954,4197978.843,有行情,日线,Asia/Shanghai,2025-12-30T15:00:00+08:00,close为不复权；风险收益使用pct_chg÷100,千元,TuSharePro.daily,https://tushare.pro/document/1?doc_id=27,Fri Sep 04 2026 20:02:33 GMT+0800 (China Standard Time),公开行情历史快照
600519.SH,贵州茅台,2024-02-01,1610.03,0.319,4272298.576,有行情,日线,Asia/Shanghai,2025-12-30T15:00:00+08:00,close为不复权；风险收益使用pct_chg÷100,千元,TuSharePro.daily,https://tushare.pro/document/1?doc_id=27,Fri Sep 04 2026 20:02:33 GMT+0800 (China Standard Time),公开行情历史快照
601318.SH,中国平安,2024-02-01,40.3,-0.5184,1980485.849,有行情,日线,Asia/Shanghai,2025-12-30T15:00:00+08:00,close为不复权；风险收益使用pct_chg÷100,千元,TuSharePro.daily,https://tushare.pro/document/1?doc_id=27,Fri Sep 04 2026 20:02:33 GMT+0800 (China Standard Time),公开行情历史快照
000333.SZ,美的集团,2024-02-02,58.25,-0.9522,1687829.337,有行情,日线,Asia/Shanghai,2025-12-30T15:00:00+08:00,close为不复权；风险收益使用pct_chg÷100,千元,TuSharePro.daily,https://tushare.pro/document/1?doc_id=27,Fri Sep 04 2026 20:02:33 GMT+0800 (China Standard Time),公开行情历史快照
000858.SZ,五粮液,2024-02-02,123.82,-2.1186,2658388.905,有行情,日线,Asia/Shanghai,2025-12-30T15:00:00+08:00,close为不复权；风险收益使用pct_chg÷100,千元,TuSharePro.daily,https://tushare.pro/document/1?doc_id=27,Fri Sep 04 2026 20:02:33 GMT+0800 (China Standard Time),公开行情历史快照
002594.SZ,比亚迪,2024-02-02,167.0,-2.2763,2485326.236,有行情,日线,Asia/Shanghai,2025-12-30T15:00:00+08:00,close为不复权；风险收益使用pct_chg÷100,千元,TuSharePro.daily,https://tushare.pro/document/1?doc_id=27,Fri Sep 04 2026 20:02:33 GMT+0800 (China Standard Time),公开行情历史快照
300750.SZ,宁德时代,2024-02-02,146.0,-2.0266,4494266.568,有行情,日线,Asia/Shanghai,2025-12-30T15:00:00+08:00,close为不复权；风险收益使用pct_chg÷100,千元,TuSharePro.daily,https://tushare.pro/document/1?doc_id=27,Fri Sep 04 2026 20:02:33 GMT+0800 (China Standard Time),公开行情历史快照
600519.SH,贵州茅台,2024-02-02,1596.0,-0.8714,6336691.194,有行情,日线,Asia/Shanghai,2025-12-30T15:00:00+08:00,close为不复权；风险收益使用pct_chg÷100,千元,TuSharePro.daily,https://tushare.pro/document/1?doc_id=27,Fri Sep 04 2026 20:02:33 GMT+0800 (China Standard Time),公开行情历史快照
601318.SH,中国平安,2024-02-02,40.1,-0.4963,2771398.286,有行情,日线,Asia/Shanghai,2025-12-30T15:00:00+08:00,close为不复权；风险收益使用pct_chg÷100,千元,TuSharePro.daily,https://tushare.pro/document/1?doc_id=27,Fri Sep 04 2026 20:02:33 GMT+0800 (China Standard Time),公开行情历史快照
000333.SZ,美的集团,2024-02-05,59.45,2.0601,2724269.122,有行情,日线,Asia/Shanghai,2025-12-30T15:00:00+08:00,close为不复权；风险收益使用pct_chg÷100,千元,TuSharePro.daily,https://tushare.pro/document/1?doc_id=27,Fri Sep 04 2026 20:02:33 GMT+0800 (China Standard Time),公开行情历史快照
000858.SZ,五粮液,2024-02-05,126.57,2.221,3864410.349,有行情,日线,Asia/Shanghai,2025-12-30T15:00:00+08:00,close为不复权；风险收益使用pct_chg÷100,千元,TuSharePro.daily,https://tushare.pro/document/1?doc_id=27,Fri Sep 04 2026 20:02:33 GMT+0800 (China Standard Time),公开行情历史快照
002594.SZ,比亚迪,2024-02-05,168.0,0.5988,3122618.403,有行情,日线,Asia/Shanghai,2025-12-30T15:00:00+08:00,close为不复权；风险收益使用pct_chg÷100,千元,TuSharePro.daily,https://tushare.pro/document/1?doc_id=27,Fri Sep 04 2026 20:02:33 GMT+0800 (China Standard Time),公开行情历史快照
300750.SZ,宁德时代,2024-02-05,151.94,4.0685,7035622.773,有行情,日线,Asia/Shanghai,2025-12-30T15:00:00+08:00,close为不复权；风险收益使用pct_chg÷100,千元,TuSharePro.daily,https://tushare.pro/document/1?doc_id=27,Fri Sep 04 2026 20:02:33 GMT+0800 (China Standard Time),公开行情历史快照
600519.SH,贵州茅台,2024-02-05,1630.01,2.131,8590683.071,有行情,日线,Asia/Shanghai,2025-12-30T15:00:00+08:00,close为不复权；风险收益使用pct_chg÷100,千元,TuSharePro.daily,https://tushare.pro/document/1?doc_id=27,Fri Sep 04 2026 20:02:33 GMT+0800 (China Standard Time),公开行情历史快照
601318.SH,中国平安,2024-02-05,40.68,1.4464,3247211.014,有行情,日线,Asia/Shanghai,2025-12-30T15:00:00+08:00,close为不复权；风险收益使用pct_chg÷100,千元,TuSharePro.daily,https://tushare.pro/document/1?doc_id=27,Fri Sep 04 2026 20:02:33 GMT+0800 (China Standard Time),公开行情历史快照
000333.SZ,美的集团,2024-02-06,59.95,0.841,2279549.238,有行情,日线,Asia/Shanghai,2025-12-30T15:00:00+08:00,close为不复权；风险收益使用pct_chg÷100,千元,TuSharePro.daily,https://tushare.pro/document/1?doc_id=27,Fri Sep 04 2026 20:02:33 GMT+0800 (China Standard Time),公开行情历史快照
000858.SZ,五粮液,2024-02-06,132.99,5.0723,4239033.653,有行情,日线,Asia/Shanghai,2025-12-30T15:00:00+08:00,close为不复权；风险收益使用pct_chg÷100,千元,TuSharePro.daily,https://tushare.pro/document/1?doc_id=27,Fri Sep 04 2026 20:02:33 GMT+0800 (China Standard Time),公开行情历史快照
002594.SZ,比亚迪,2024-02-06,175.87,4.6845,3054635.573,有行情,日线,Asia/Shanghai,2025-12-30T15:00:00+08:00,close为不复权；风险收益使用pct_chg÷100,千元,TuSharePro.daily,https://tushare.pro/document/1?doc_id=27,Fri Sep 04 2026 20:02:33 GMT+0800 (China Standard Time),公开行情历史快照
300750.SZ,宁德时代,2024-02-06,158.33,4.2056,6828296.924,有行情,日线,Asia/Shanghai,2025-12-30T15:00:00+08:00,close为不复权；风险收益使用pct_chg÷100,千元,TuSharePro.daily,https://tushare.pro/document/1?doc_id=27,Fri Sep 04 2026 20:02:33 GMT+0800 (China Standard Time),公开行情历史快照
600519.SH,贵州茅台,2024-02-06,1676.0,2.8215,8740646.588,有行情,日线,Asia/Shanghai,2025-12-30T15:00:00+08:00,close为不复权；风险收益使用pct_chg÷100,千元,TuSharePro.daily,https://tushare.pro/document/1?doc_id=27,Fri Sep 04 2026 20:02:33 GMT+0800 (China Standard Time),公开行情历史快照
601318.SH,中国平安,2024-02-06,41.56,2.1632,3381216.759,有行情,日线,Asia/Shanghai,2025-12-30T15:00:00+08:00,close为不复权；风险收益使用pct_chg÷100,千元,TuSharePro.daily,https://tushare.pro/document/1?doc_id=27,Fri Sep 04 2026 20:02:33 GMT+0800 (China Standard Time),公开行情历史快照
000333.SZ,美的集团,2024-02-07,61.11,1.9349,2791586.567,有行情,日线,Asia/Shanghai,2025-12-30T15:00:00+08:00,close为不复权；风险收益使用pct_chg÷100,千元,TuSharePro.daily,https://tushare.pro/document/1?doc_id=27,Fri Sep 04 2026 20:02:33 GMT+0800 (China Standard Time),公开行情历史快照
000858.SZ,五粮液,2024-02-07,133.87,0.6617,3882655.957,有行情,日线,Asia/Shanghai,2025-12-30T15:00:00+08:00,close为不复权；风险收益使用pct_chg÷100,千元,TuSharePro.daily,https://tushare.pro/document/1?doc_id=27,Fri Sep 04 2026 20:02:33 GMT+0800 (China Standard Time),公开行情历史快照
002594.SZ,比亚迪,2024-02-07,179.56,2.0981,2880398.922,有行情,日线,Asia/Shanghai,2025-12-30T15:00:00+08:00,close为不复权；风险收益使用pct_chg÷100,千元,TuSharePro.daily,https://tushare.pro/document/1?doc_id=27,Fri Sep 04 2026 20:02:33 GMT+0800 (China Standard Time),公开行情历史快照
300750.SZ,宁德时代,2024-02-07,159.6,0.8021,5800699.416,有行情,日线,Asia/Shanghai,2025-12-30T15:00:00+08:00,close为不复权；风险收益使用pct_chg÷100,千元,TuSharePro.daily,https://tushare.pro/document/1?doc_id=27,Fri Sep 04 2026 20:02:33 GMT+0800 (China Standard Time),公开行情历史快照
600519.SH,贵州茅台,2024-02-07,1710.99,2.0877,8899606.867,有行情,日线,Asia/Shanghai,2025-12-30T15:00:00+08:00,close为不复权；风险收益使用pct_chg÷100,千元,TuSharePro.daily,https://tushare.pro/document/1?doc_id=27,Fri Sep 04 2026 20:02:33 GMT+0800 (China Standard Time),公开行情历史快照
601318.SH,中国平安,2024-02-07,42.38,1.9731,3833614.844,有行情,日线,Asia/Shanghai,2025-12-30T15:00:00+08:00,close为不复权；风险收益使用pct_chg÷100,千元,TuSharePro.daily,https://tushare.pro/document/1?doc_id=27,Fri Sep 04 2026 20:02:33 GMT+0800 (China Standard Time),公开行情历史快照
000333.SZ,美的集团,2024-02-08,60.29,-1.3418,2112587.867,有行情,日线,Asia/Shanghai,2025-12-30T15:00:00+08:00,close为不复权；风险收益使用pct_chg÷100,千元,TuSharePro.daily,https://tushare.pro/document/1?doc_id=27,Fri Sep 04 2026 20:02:33 GMT+0800 (China Standard Time),公开行情历史快照
000858.SZ,五粮液,2024-02-08,133.59,-0.2092,3267001.019,有行情,日线,Asia/Shanghai,2025-12-30T15:00:00+08:00,close为不复权；风险收益使用pct_chg÷100,千元,TuSharePro.daily,https://tushare.pro/document/1?doc_id=27,Fri Sep 04 2026 20:02:33 GMT+0800 (China Standard Time),公开行情历史快照
002594.SZ,比亚迪,2024-02-08,181.17,0.8966,2168509.15,有行情,日线,Asia/Shanghai,2025-12-30T15:00:00+08:00,close为不复权；风险收益使用pct_chg÷100,千元,TuSharePro.daily,https://tushare.pro/document/1?doc_id=27,Fri Sep 04 2026 20:02:33 GMT+0800 (China Standard Time),公开行情历史快照
300750.SZ,宁德时代,2024-02-08,162.84,2.0301,5016344.779,有行情,日线,Asia/Shanghai,2025-12-30T15:00:00+08:00,close为不复权；风险收益使用pct_chg÷100,千元,TuSharePro.daily,https://tushare.pro/document/1?doc_id=27,Fri Sep 04 2026 20:02:33 GMT+0800 (China Standard Time),公开行情历史快照
600519.SH,贵州茅台,2024-02-08,1706.0,-0.2916,7953438.044,有行情,日线,Asia/Shanghai,2025-12-30T15:00:00+08:00,close为不复权；风险收益使用pct_chg÷100,千元,TuSharePro.daily,https://tushare.pro/document/1?doc_id=27,Fri Sep 04 2026 20:02:33 GMT+0800 (China Standard Time),公开行情历史快照
601318.SH,中国平安,2024-02-08,42.78,0.9438,3274133.649,有行情,日线,Asia/Shanghai,2025-12-30T15:00:00+08:00,close为不复权；风险收益使用pct_chg÷100,千元,TuSharePro.daily,https://tushare.pro/document/1?doc_id=27,Fri Sep 04 2026 20:02:33 GMT+0800 (China Standard Time),公开行情历史快照
000333.SZ,美的集团,2024-02-19,60.6,0.5142,2157379.733,有行情,日线,Asia/Shanghai,2025-12-30T15:00:00+08:00,close为不复权；风险收益使用pct_chg÷100,千元,TuSharePro.daily,https://tushare.pro/document/1?doc_id=27,Fri Sep 04 2026 20:02:33 GMT+0800 (China Standard Time),公开行情历史快照
000858.SZ,五粮液,2024-02-19,136.15,1.9163,3951748.63,有行情,日线,Asia/Shanghai,2025-12-30T15:00:00+08:00,close为不复权；风险收益使用pct_chg÷100,千元,TuSharePro.daily,https://tushare.pro/document/1?doc_id=27,Fri Sep 04 2026 20:02:33 GMT+0800 (China Standard Time),公开行情历史快照
002594.SZ,比亚迪,2024-02-19,183.5,1.2861,2192419.553,有行情,日线,Asia/Shanghai,2025-12-30T15:00:00+08:00,close为不复权；风险收益使用pct_chg÷100,千元,TuSharePro.daily,https://tushare.pro/document/1?doc_id=27,Fri Sep 04 2026 20:02:33 GMT+0800 (China Standard Time),公开行情历史快照
300750.SZ,宁德时代,2024-02-19,160.09,-1.6888,4355156.563,有行情,日线,Asia/Shanghai,2025-12-30T15:00:00+08:00,close为不复权；风险收益使用pct_chg÷100,千元,TuSharePro.daily,https://tushare.pro/document/1?doc_id=27,Fri Sep 04 2026 20:02:33 GMT+0800 (China Standard Time),公开行情历史快照
600519.SH,贵州茅台,2024-02-19,1695.43,-0.6196,6288277.98,有行情,日线,Asia/Shanghai,2025-12-30T15:00:00+08:00,close为不复权；风险收益使用pct_chg÷100,千元,TuSharePro.daily,https://tushare.pro/document/1?doc_id=27,Fri Sep 04 2026 20:02:33 GMT+0800 (China Standard Time),公开行情历史快照
601318.SH,中国平安,2024-02-19,42.73,-0.1169,2324847.504,有行情,日线,Asia/Shanghai,2025-12-30T15:00:00+08:00,close为不复权；风险收益使用pct_chg÷100,千元,TuSharePro.daily,https://tushare.pro/document/1?doc_id=27,Fri Sep 04 2026 20:02:33 GMT+0800 (China Standard Time),公开行情历史快照
000333.SZ,美的集团,2024-02-20,61.7,1.8152,1807531.882,有行情,日线,Asia/Shanghai,2025-12-30T15:00:00+08:00,close为不复权；风险收益使用pct_chg÷100,千元,TuSharePro.daily,https://tushare.pro/document/1?doc_id=27,Fri Sep 04 2026 20:02:33 GMT+0800 (China Standard Time),公开行情历史快照
000858.SZ,五粮液,2024-02-20,134.38,-1.3,2841706.724,有行情,日线,Asia/Shanghai,2025-12-30T15:00:00+08:00,close为不复权；风险收益使用pct_chg÷100,千元,TuSharePro.daily,https://tushare.pro/document/1?doc_id=27,Fri Sep 04 2026 20:02:33 GMT+0800 (China Standard Time),公开行情历史快照
002594.SZ,比亚迪,2024-02-20,179.02,-2.4414,2023820.072,有行情,日线,Asia/Shanghai,2025-12-30T15:00:00+08:00,close为不复权；风险收益使用pct_chg÷100,千元,TuSharePro.daily,https://tushare.pro/document/1?doc_id=27,Fri Sep 04 2026 20:02:33 GMT+0800 (China Standard Time),公开行情历史快照
300750.SZ,宁德时代,2024-02-20,158.33,-1.0994,3506366.283,有行情,日线,Asia/Shanghai,2025-12-30T15:00:00+08:00,close为不复权；风险收益使用pct_chg÷100,千元,TuSharePro.daily,https://tushare.pro/document/1?doc_id=27,Fri Sep 04 2026 20:02:33 GMT+0800 (China Standard Time),公开行情历史快照
600519.SH,贵州茅台,2024-02-20,1670.0,-1.4999,5755266.893,有行情,日线,Asia/Shanghai,2025-12-30T15:00:00+08:00,close为不复权；风险收益使用pct_chg÷100,千元,TuSharePro.daily,https://tushare.pro/document/1?doc_id=27,Fri Sep 04 2026 20:02:33 GMT+0800 (China Standard Time),公开行情历史快照
601318.SH,中国平安,2024-02-20,42.35,-0.8893,1989976.125,有行情,日线,Asia/Shanghai,2025-12-30T15:00:00+08:00,close为不复权；风险收益使用pct_chg÷100,千元,TuSharePro.daily,https://tushare.pro/document/1?doc_id=27,Fri Sep 04 2026 20:02:33 GMT+0800 (China Standard Time),公开行情历史快照
000333.SZ,美的集团,2024-02-21,61.71,0.0162,1719403.866,有行情,日线,Asia/Shanghai,2025-12-30T15:00:00+08:00,close为不复权；风险收益使用pct_chg÷100,千元,TuSharePro.daily,https://tushare.pro/document/1?doc_id=27,Fri Sep 04 2026 20:02:33 GMT+0800 (China Standard Time),公开行情历史快照
000858.SZ,五粮液,2024-02-21,141.02,4.9412,6492866.977,有行情,日线,Asia/Shanghai,2025-12-30T15:00:00+08:00,close为不复权；风险收益使用pct_chg÷100,千元,TuSharePro.daily,https://tushare.pro/document/1?doc_id=27,Fri Sep 04 2026 20:02:33 GMT+0800 (China Standard Time),公开行情历史快照
002594.SZ,比亚迪,2024-02-21,183.0,2.2232,2700340.931,有行情,日线,Asia/Shanghai,2025-12-30T15:00:00+08:00,close为不复权；风险收益使用pct_chg÷100,千元,TuSharePro.daily,https://tushare.pro/document/1?doc_id=27,Fri Sep 04 2026 20:02:33 GMT+0800 (China Standard Time),公开行情历史快照
300750.SZ,宁德时代,2024-02-21,161.2,1.8127,4135575.624,有行情,日线,Asia/Shanghai,2025-12-30T15:00:00+08:00,close为不复权；风险收益使用pct_chg÷100,千元,TuSharePro.daily,https://tushare.pro/document/1?doc_id=27,Fri Sep 04 2026 20:02:33 GMT+0800 (China Standard Time),公开行情历史快照
600519.SH,贵州茅台,2024-02-21,1717.66,2.8539,7868784.082,有行情,日线,Asia/Shanghai,2025-12-30T15:00:00+08:00,close为不复权；风险收益使用pct_chg÷100,千元,TuSharePro.daily,https://tushare.pro/document/1?doc_id=27,Fri Sep 04 2026 20:02:33 GMT+0800 (China Standard Time),公开行情历史快照
601318.SH,中国平安,2024-02-21,43.59,2.928,4827664.819,有行情,日线,Asia/Shanghai,2025-12-30T15:00:00+08:00,close为不复权；风险收益使用pct_chg÷100,千元,TuSharePro.daily,https://tushare.pro/document/1?doc_id=27,Fri Sep 04 2026 20:02:33 GMT+0800 (China Standard Time),公开行情历史快照
000333.SZ,美的集团,2024-02-22,61.35,-0.5834,1180530.93,有行情,日线,Asia/Shanghai,2025-12-30T15:00:00+08:00,close为不复权；风险收益使用pct_chg÷100,千元,TuSharePro.daily,https://tushare.pro/document/1?doc_id=27,Fri Sep 04 2026 20:02:33 GMT+0800 (China Standard Time),公开行情历史快照
000858.SZ,五粮液,2024-02-22,141.1,0.0567,2646660.001,有行情,日线,Asia/Shanghai,2025-12-30T15:00:00+08:00,close为不复权；风险收益使用pct_chg÷100,千元,TuSharePro.daily,https://tushare.pro/document/1?doc_id=27,Fri Sep 04 2026 20:02:33 GMT+0800 (China Standard Time),公开行情历史快照
002594.SZ,比亚迪,2024-02-22,182.99,-0.0055,1476863.326,有行情,日线,Asia/Shanghai,2025-12-30T15:00:00+08:00,close为不复权；风险收益使用pct_chg÷100,千元,TuSharePro.daily,https://tushare.pro/document/1?doc_id=27,Fri Sep 04 2026 20:02:33 GMT+0800 (China Standard Time),公开行情历史快照
300750.SZ,宁德时代,2024-02-22,160.35,-0.5273,3349275.887,有行情,日线,Asia/Shanghai,2025-12-30T15:00:00+08:00,close为不复权；风险收益使用pct_chg÷100,千元,TuSharePro.daily,https://tushare.pro/document/1?doc_id=27,Fri Sep 04 2026 20:02:33 GMT+0800 (China Standard Time),公开行情历史快照
600519.SH,贵州茅台,2024-02-22,1718.38,0.0419,3905984.695,有行情,日线,Asia/Shanghai,2025-12-30T15:00:00+08:00,close为不复权；风险收益使用pct_chg÷100,千元,TuSharePro.daily,https://tushare.pro/document/1?doc_id=27,Fri Sep 04 2026 20:02:33 GMT+0800 (China Standard Time),公开行情历史快照
601318.SH,中国平安,2024-02-22,43.7,0.2524,2252345.68,有行情,日线,Asia/Shanghai,2025-12-30T15:00:00+08:00,close为不复权；风险收益使用pct_chg÷100,千元,TuSharePro.daily,https://tushare.pro/document/1?doc_id=27,Fri Sep 04 2026 20:02:33 GMT+0800 (China Standard Time),公开行情历史快照
000333.SZ,美的集团,2024-02-23,59.62,-2.8199,2580957.129,有行情,日线,Asia/Shanghai,2025-12-30T15:00:00+08:00,close为不复权；风险收益使用pct_chg÷100,千元,TuSharePro.daily,https://tushare.pro/document/1?doc_id=27,Fri Sep 04 2026 20:02:33 GMT+0800 (China Standard Time),公开行情历史快照
000858.SZ,五粮液,2024-02-23,141.71,0.4323,2613714.172,有行情,日线,Asia/Shanghai,2025-12-30T15:00:00+08:00,close为不复权；风险收益使用pct_chg÷100,千元,TuSharePro.daily,https://tushare.pro/document/1?doc_id=27,Fri Sep 04 2026 20:02:33 GMT+0800 (China Standard Time),公开行情历史快照
002594.SZ,比亚迪,2024-02-23,182.68,-0.1694,1660682.308,有行情,日线,Asia/Shanghai,2025-12-30T15:00:00+08:00,close为不复权；风险收益使用pct_chg÷100,千元,TuSharePro.daily,https://tushare.pro/document/1?doc_id=27,Fri Sep 04 2026 20:02:33 GMT+0800 (China Standard Time),公开行情历史快照
300750.SZ,宁德时代,2024-02-23,160.5,0.0935,3368773.226,有行情,日线,Asia/Shanghai,2025-12-30T15:00:00+08:00,close为不复权；风险收益使用pct_chg÷100,千元,TuSharePro.daily,https://tushare.pro/document/1?doc_id=27,Fri Sep 04 2026 20:02:33 GMT+0800 (China Standard Time),公开行情历史快照
600519.SH,贵州茅台,2024-02-23,1714.09,-0.2497,4670706.95,有行情,日线,Asia/Shanghai,2025-12-30T15:00:00+08:00,close为不复权；风险收益使用pct_chg÷100,千元,TuSharePro.daily,https://tushare.pro/document/1?doc_id=27,Fri Sep 04 2026 20:02:33 GMT+0800 (China Standard Time),公开行情历史快照
601318.SH,中国平安,2024-02-23,44.07,0.8467,2843810.763,有行情,日线,Asia/Shanghai,2025-12-30T15:00:00+08:00,close为不复权；风险收益使用pct_chg÷100,千元,TuSharePro.daily,https://tushare.pro/document/1?doc_id=27,Fri Sep 04 2026 20:02:33 GMT+0800 (China Standard Time),公开行情历史快照
000333.SZ,美的集团,2024-02-26,60.3,1.1406,2070387.072,有行情,日线,Asia/Shanghai,2025-12-30T15:00:00+08:00,close为不复权；风险收益使用pct_chg÷100,千元,TuSharePro.daily,https://tushare.pro/document/1?doc_id=27,Fri Sep 04 2026 20:02:33 GMT+0800 (China Standard Time),公开行情历史快照
000858.SZ,五粮液,2024-02-26,139.76,-1.376,1961062.78,有行情,日线,Asia/Shanghai,2025-12-30T15:00:00+08:00,close为不复权；风险收益使用pct_chg÷100,千元,TuSharePro.daily,https://tushare.pro/document/1?doc_id=27,Fri Sep 04 2026 20:02:33 GMT+0800 (China Standard Time),公开行情历史快照
002594.SZ,比亚迪,2024-02-26,186.0,1.8174,2912982.36,有行情,日线,Asia/Shanghai,2025-12-30T15:00:00+08:00,close为不复权；风险收益使用pct_chg÷100,千元,TuSharePro.daily,https://tushare.pro/document/1?doc_id=27,Fri Sep 04 2026 20:02:33 GMT+0800 (China Standard Time),公开行情历史快照
300750.SZ,宁德时代,2024-02-26,156.0,-2.8037,5638931.754,有行情,日线,Asia/Shanghai,2025-12-30T15:00:00+08:00,close为不复权；风险收益使用pct_chg÷100,千元,TuSharePro.daily,https://tushare.pro/document/1?doc_id=27,Fri Sep 04 2026 20:02:33 GMT+0800 (China Standard Time),公开行情历史快照
600519.SH,贵州茅台,2024-02-26,1694.98,-1.1149,4625594.409,有行情,日线,Asia/Shanghai,2025-12-30T15:00:00+08:00,close为不复权；风险收益使用pct_chg÷100,千元,TuSharePro.daily,https://tushare.pro/document/1?doc_id=27,Fri Sep 04 2026 20:02:33 GMT+0800 (China Standard Time),公开行情历史快照
601318.SH,中国平安,2024-02-26,42.95,-2.5414,2667499.279,有行情,日线,Asia/Shanghai,2025-12-30T15:00:00+08:00,close为不复权；风险收益使用pct_chg÷100,千元,TuSharePro.daily,https://tushare.pro/document/1?doc_id=27,Fri Sep 04 2026 20:02:33 GMT+0800 (China Standard Time),公开行情历史快照
000333.SZ,美的集团,2024-02-27,61.92,2.6866,1720508.595,有行情,日线,Asia/Shanghai,2025-12-30T15:00:00+08:00,close为不复权；风险收益使用pct_chg÷100,千元,TuSharePro.daily,https://tushare.pro/document/1?doc_id=27,Fri Sep 04 2026 20:02:33 GMT+0800 (China Standard Time),公开行情历史快照
000858.SZ,五粮液,2024-02-27,139.76,0.0,2092382.021,有行情,日线,Asia/Shanghai,2025-12-30T15:00:00+08:00,close为不复权；风险收益使用pct_chg÷100,千元,TuSharePro.daily,https://tushare.pro/document/1?doc_id=27,Fri Sep 04 2026 20:02:33 GMT+0800 (China Standard Time),公开行情历史快照
002594.SZ,比亚迪,2024-02-27,193.7,4.1398,3958101.887,有行情,日线,Asia/Shanghai,2025-12-30T15:00:00+08:00,close为不复权；风险收益使用pct_chg÷100,千元,TuSharePro.daily,https://tushare.pro/document/1?doc_id=27,Fri Sep 04 2026 20:02:33 GMT+0800 (China Standard Time),公开行情历史快照
300750.SZ,宁德时代,2024-02-27,157.83,1.1731,4531078.101,有行情,日线,Asia/Shanghai,2025-12-30T15:00:00+08:00,close为不复权；风险收益使用pct_chg÷100,千元,TuSharePro.daily,https://tushare.pro/document/1?doc_id=27,Fri Sep 04 2026 20:02:33 GMT+0800 (China Standard Time),公开行情历史快照
600519.SH,贵州茅台,2024-02-27,1689.5,-0.3233,3718478.358,有行情,日线,Asia/Shanghai,2025-12-30T15:00:00+08:00,close为不复权；风险收益使用pct_chg÷100,千元,TuSharePro.daily,https://tushare.pro/document/1?doc_id=27,Fri Sep 04 2026 20:02:33 GMT+0800 (China Standard Time),公开行情历史快照
601318.SH,中国平安,2024-02-27,43.12,0.3958,1840668.678,有行情,日线,Asia/Shanghai,2025-12-30T15:00:00+08:00,close为不复权；风险收益使用pct_chg÷100,千元,TuSharePro.daily,https://tushare.pro/document/1?doc_id=27,Fri Sep 04 2026 20:02:33 GMT+0800 (China Standard Time),公开行情历史快照
000333.SZ,美的集团,2024-02-28,61.82,-0.1615,1568616.989,有行情,日线,Asia/Shanghai,2025-12-30T15:00:00+08:00,close为不复权；风险收益使用pct_chg÷100,千元,TuSharePro.daily,https://tushare.pro/document/1?doc_id=27,Fri Sep 04 2026 20:02:33 GMT+0800 (China Standard Time),公开行情历史快照
000858.SZ,五粮液,2024-02-28,139.53,-0.1646,2753522.611,有行情,日线,Asia/Shanghai,2025-12-30T15:00:00+08:00,close为不复权；风险收益使用pct_chg÷100,千元,TuSharePro.daily,https://tushare.pro/document/1?doc_id=27,Fri Sep 04 2026 20:02:33 GMT+0800 (China Standard Time),公开行情历史快照
002594.SZ,比亚迪,2024-02-28,188.0,-2.9427,3223632.043,有行情,日线,Asia/Shanghai,2025-12-30T15:00:00+08:00,close为不复权；风险收益使用pct_chg÷100,千元,TuSharePro.daily,https://tushare.pro/document/1?doc_id=27,Fri Sep 04 2026 20:02:33 GMT+0800 (China Standard Time),公开行情历史快照
300750.SZ,宁德时代,2024-02-28,157.01,-0.5195,6423464.926,有行情,日线,Asia/Shanghai,2025-12-30T15:00:00+08:00,close为不复权；风险收益使用pct_chg÷100,千元,TuSharePro.daily,https://tushare.pro/document/1?doc_id=27,Fri Sep 04 2026 20:02:33 GMT+0800 (China Standard Time),公开行情历史快照
600519.SH,贵州茅台,2024-02-28,1681.55,-0.4706,5371312.847,有行情,日线,Asia/Shanghai,2025-12-30T15:00:00+08:00,close为不复权；风险收益使用pct_chg÷100,千元,TuSharePro.daily,https://tushare.pro/document/1?doc_id=27,Fri Sep 04 2026 20:02:33 GMT+0800 (China Standard Time),公开行情历史快照
601318.SH,中国平安,2024-02-28,42.65,-1.09,2298186.002,有行情,日线,Asia/Shanghai,2025-12-30T15:00:00+08:00,close为不复权；风险收益使用pct_chg÷100,千元,TuSharePro.daily,https://tushare.pro/document/1?doc_id=27,Fri Sep 04 2026 20:02:33 GMT+0800 (China Standard Time),公开行情历史快照
000333.SZ,美的集团,2024-02-29,62.63,1.3103,3071855.396,有行情,日线,Asia/Shanghai,2025-12-30T15:00:00+08:00,close为不复权；风险收益使用pct_chg÷100,千元,TuSharePro.daily,https://tushare.pro/document/1?doc_id=27,Fri Sep 04 2026 20:02:33 GMT+0800 (China Standard Time),公开行情历史快照
000858.SZ,五粮液,2024-02-29,142.25,1.9494,2496984.973,有行情,日线,Asia/Shanghai,2025-12-30T15:00:00+08:00,close为不复权；风险收益使用pct_chg÷100,千元,TuSharePro.daily,https://tushare.pro/document/1?doc_id=27,Fri Sep 04 2026 20:02:33 GMT+0800 (China Standard Time),公开行情历史快照
002594.SZ,比亚迪,2024-02-29,191.2,1.7021,2323915.657,有行情,日线,Asia/Shanghai,2025-12-30T15:00:00+08:00,close为不复权；风险收益使用pct_chg÷100,千元,TuSharePro.daily,https://tushare.pro/document/1?doc_id=27,Fri Sep 04 2026 20:02:33 GMT+0800 (China Standard Time),公开行情历史快照
300750.SZ,宁德时代,2024-02-29,163.51,4.1399,6315294.345,有行情,日线,Asia/Shanghai,2025-12-30T15:00:00+08:00,close为不复权；风险收益使用pct_chg÷100,千元,TuSharePro.daily,https://tushare.pro/document/1?doc_id=27,Fri Sep 04 2026 20:02:33 GMT+0800 (China Standard Time),公开行情历史快照
600519.SH,贵州茅台,2024-02-29,1695.0,0.7999,4184917.973,有行情,日线,Asia/Shanghai,2025-12-30T15:00:00+08:00,close为不复权；风险收益使用pct_chg÷100,千元,TuSharePro.daily,https://tushare.pro/document/1?doc_id=27,Fri Sep 04 2026 20:02:33 GMT+0800 (China Standard Time),公开行情历史快照
601318.SH,中国平安,2024-02-29,42.9,0.5862,1948642.485,有行情,日线,Asia/Shanghai,2025-12-30T15:00:00+08:00,close为不复权；风险收益使用pct_chg÷100,千元,TuSharePro.daily,https://tushare.pro/document/1?doc_id=27,Fri Sep 04 2026 20:02:33 GMT+0800 (China Standard Time),公开行情历史快照
000333.SZ,美的集团,2024-03-01,64.47,2.9379,2102800.96,有行情,日线,Asia/Shanghai,2025-12-30T15:00:00+08:00,close为不复权；风险收益使用pct_chg÷100,千元,TuSharePro.daily,https://tushare.pro/document/1?doc_id=27,Fri Sep 04 2026 20:02:33 GMT+0800 (China Standard Time),公开行情历史快照
000858.SZ,五粮液,2024-03-01,142.59,0.239,2261267.887,有行情,日线,Asia/Shanghai,2025-12-30T15:00:00+08:00,close为不复权；风险收益使用pct_chg÷100,千元,TuSharePro.daily,https://tushare.pro/document/1?doc_id=27,Fri Sep 04 2026 20:02:33 GMT+0800 (China Standard Time),公开行情历史快照
002594.SZ,比亚迪,2024-03-01,192.18,0.5126,2336111.334,有行情,日线,Asia/Shanghai,2025-12-30T15:00:00+08:00,close为不复权；风险收益使用pct_chg÷100,千元,TuSharePro.daily,https://tushare.pro/document/1?doc_id=27,Fri Sep 04 2026 20:02:33 GMT+0800 (China Standard Time),公开行情历史快照
300750.SZ,宁德时代,2024-03-01,164.55,0.636,4610970.231,有行情,日线,Asia/Shanghai,2025-12-30T15:00:00+08:00,close为不复权；风险收益使用pct_chg÷100,千元,TuSharePro.daily,https://tushare.pro/document/1?doc_id=27,Fri Sep 04 2026 20:02:33 GMT+0800 (China Standard Time),公开行情历史快照
600519.SH,贵州茅台,2024-03-01,1685.06,-0.5864,4526845.398,有行情,日线,Asia/Shanghai,2025-12-30T15:00:00+08:00,close为不复权；风险收益使用pct_chg÷100,千元,TuSharePro.daily,https://tushare.pro/document/1?doc_id=27,Fri Sep 04 2026 20:02:33 GMT+0800 (China Standard Time),公开行情历史快照
601318.SH,中国平安,2024-03-01,42.99,0.2098,1908395.624,有行情,日线,Asia/Shanghai,2025-12-30T15:00:00+08:00,close为不复权；风险收益使用pct_chg÷100,千元,TuSharePro.daily,https://tushare.pro/document/1?doc_id=27,Fri Sep 04 2026 20:02:33 GMT+0800 (China Standard Time),公开行情历史快照
000333.SZ,美的集团,2024-03-04,64.6,0.2016,2415284.58,有行情,日线,Asia/Shanghai,2025-12-30T15:00:00+08:00,close为不复权；风险收益使用pct_chg÷100,千元,TuSharePro.daily,https://tushare.pro/document/1?doc_id=27,Fri Sep 04 2026 20:02:33 GMT+0800 (China Standard Time),公开行情历史快照
000858.SZ,五粮液,2024-03-04,140.33,-1.585,2170817.658,有行情,日线,Asia/Shanghai,2025-12-30T15:00:00+08:00,close为不复权；风险收益使用pct_chg÷100,千元,TuSharePro.daily,https://tushare.pro/document/1?doc_id=27,Fri Sep 04 2026 20:02:33 GMT+0800 (China Standard Time),公开行情历史快照
002594.SZ,比亚迪,2024-03-04,189.27,-1.5142,2401200.046,有行情,日线,Asia/Shanghai,2025-12-30T15:00:00+08:00,close为不复权；风险收益使用pct_chg÷100,千元,TuSharePro.daily,https://tushare.pro/document/1?doc_id=27,Fri Sep 04 2026 20:02:33 GMT+0800 (China Standard Time),公开行情历史快照
300750.SZ,宁德时代,2024-03-04,163.9,-0.395,4424835.39,有行情,日线,Asia/Shanghai,2025-12-30T15:00:00+08:00,close为不复权；风险收益使用pct_chg÷100,千元,TuSharePro.daily,https://tushare.pro/document/1?doc_id=27,Fri Sep 04 2026 20:02:33 GMT+0800 (China Standard Time),公开行情历史快照
600519.SH,贵州茅台,2024-03-04,1676.3,-0.5199,4434401.015,有行情,日线,Asia/Shanghai,2025-12-30T15:00:00+08:00,close为不复权；风险收益使用pct_chg÷100,千元,TuSharePro.daily,https://tushare.pro/document/1?doc_id=27,Fri Sep 04 2026 20:02:33 GMT+0800 (China Standard Time),公开行情历史快照
601318.SH,中国平安,2024-03-04,42.34,-1.512,2311470.911,有行情,日线,Asia/Shanghai,2025-12-30T15:00:00+08:00,close为不复权；风险收益使用pct_chg÷100,千元,TuSharePro.daily,https://tushare.pro/document/1?doc_id=27,Fri Sep 04 2026 20:02:33 GMT+0800 (China Standard Time),公开行情历史快照
000333.SZ,美的集团,2024-03-05,65.04,0.6811,2288367.736,有行情,日线,Asia/Shanghai,2025-12-30T15:00:00+08:00,close为不复权；风险收益使用pct_chg÷100,千元,TuSharePro.daily,https://tushare.pro/document/1?doc_id=27,Fri Sep 04 2026 20:02:33 GMT+0800 (China Standard Time),公开行情历史快照
000858.SZ,五粮液,2024-03-05,141.59,0.8979,2251931.873,有行情,日线,Asia/Shanghai,2025-12-30T15:00:00+08:00,close为不复权；风险收益使用pct_chg÷100,千元,TuSharePro.daily,https://tushare.pro/document/1?doc_id=27,Fri Sep 04 2026 20:02:33 GMT+0800 (China Standard Time),公开行情历史快照
002594.SZ,比亚迪,2024-03-05,190.82,0.8189,2826124.074,有行情,日线,Asia/Shanghai,2025-12-30T15:00:00+08:00,close为不复权；风险收益使用pct_chg÷100,千元,TuSharePro.daily,https://tushare.pro/document/1?doc_id=27,Fri Sep 04 2026 20:02:33 GMT+0800 (China Standard Time),公开行情历史快照
300750.SZ,宁德时代,2024-03-05,164.65,0.4576,4478109.344,有行情,日线,Asia/Shanghai,2025-12-30T15:00:00+08:00,close为不复权；风险收益使用pct_chg÷100,千元,TuSharePro.daily,https://tushare.pro/document/1?doc_id=27,Fri Sep 04 2026 20:02:33 GMT+0800 (China Standard Time),公开行情历史快照
600519.SH,贵州茅台,2024-03-05,1695.1,1.1215,6102136.582,有行情,日线,Asia/Shanghai,2025-12-30T15:00:00+08:00,close为不复权；风险收益使用pct_chg÷100,千元,TuSharePro.daily,https://tushare.pro/document/1?doc_id=27,Fri Sep 04 2026 20:02:33 GMT+0800 (China Standard Time),公开行情历史快照
601318.SH,中国平安,2024-03-05,42.81,1.1101,2650564.784,有行情,日线,Asia/Shanghai,2025-12-30T15:00:00+08:00,close为不复权；风险收益使用pct_chg÷100,千元,TuSharePro.daily,https://tushare.pro/document/1?doc_id=27,Fri Sep 04 2026 20:02:33 GMT+0800 (China Standard Time),公开行情历史快照
000333.SZ,美的集团,2024-03-06,64.51,-0.8149,1422222.516,有行情,日线,Asia/Shanghai,2025-12-30T15:00:00+08:00,close为不复权；风险收益使用pct_chg÷100,千元,TuSharePro.daily,https://tushare.pro/document/1?doc_id=27,Fri Sep 04 2026 20:02:33 GMT+0800 (China Standard Time),公开行情历史快照
000858.SZ,五粮液,2024-03-06,139.06,-1.7868,2459134.906,有行情,日线,Asia/Shanghai,2025-12-30T15:00:00+08:00,close为不复权；风险收益使用pct_chg÷100,千元,TuSharePro.daily,https://tushare.pro/document/1?doc_id=27,Fri Sep 04 2026 20:02:33 GMT+0800 (China Standard Time),公开行情历史快照
002594.SZ,比亚迪,2024-03-06,191.65,0.435,1914828.109,有行情,日线,Asia/Shanghai,2025-12-30T15:00:00+08:00,close为不复权；风险收益使用pct_chg÷100,千元,TuSharePro.daily,https://tushare.pro/document/1?doc_id=27,Fri Sep 04 2026 20:02:33 GMT+0800 (China Standard Time),公开行情历史快照
300750.SZ,宁德时代,2024-03-06,163.64,-0.6134,3067856.205,有行情,日线,Asia/Shanghai,2025-12-30T15:00:00+08:00,close为不复权；风险收益使用pct_chg÷100,千元,TuSharePro.daily,https://tushare.pro/document/1?doc_id=27,Fri Sep 04 2026 20:02:33 GMT+0800 (China Standard Time),公开行情历史快照
600519.SH,贵州茅台,2024-03-06,1680.55,-0.8584,3725582.802,有行情,日线,Asia/Shanghai,2025-12-30T15:00:00+08:00,close为不复权；风险收益使用pct_chg÷100,千元,TuSharePro.daily,https://tushare.pro/document/1?doc_id=27,Fri Sep 04 2026 20:02:33 GMT+0800 (China Standard Time),公开行情历史快照
601318.SH,中国平安,2024-03-06,42.5,-0.7241,1461294.746,有行情,日线,Asia/Shanghai,2025-12-30T15:00:00+08:00,close为不复权；风险收益使用pct_chg÷100,千元,TuSharePro.daily,https://tushare.pro/document/1?doc_id=27,Fri Sep 04 2026 20:02:33 GMT+0800 (China Standard Time),公开行情历史快照
000333.SZ,美的集团,2024-03-07,65.8,1.9997,2020641.414,有行情,日线,Asia/Shanghai,2025-12-30T15:00:00+08:00,close为不复权；风险收益使用pct_chg÷100,千元,TuSharePro.daily,https://tushare.pro/document/1?doc_id=27,Fri Sep 04 2026 20:02:33 GMT+0800 (China Standard Time),公开行情历史快照
000858.SZ,五粮液,2024-03-07,138.25,-0.5825,1559868.152,有行情,日线,Asia/Shanghai,2025-12-30T15:00:00+08:00,close为不复权；风险收益使用pct_chg÷100,千元,TuSharePro.daily,https://tushare.pro/document/1?doc_id=27,Fri Sep 04 2026 20:02:33 GMT+0800 (China Standard Time),公开行情历史快照
002594.SZ,比亚迪,2024-03-07,188.89,-1.4401,1935953.172,有行情,日线,Asia/Shanghai,2025-12-30T15:00:00+08:00,close为不复权；风险收益使用pct_chg÷100,千元,TuSharePro.daily,https://tushare.pro/document/1?doc_id=27,Fri Sep 04 2026 20:02:33 GMT+0800 (China Standard Time),公开行情历史快照
300750.SZ,宁德时代,2024-03-07,160.15,-2.1327,3568786.297,有行情,日线,Asia/Shanghai,2025-12-30T15:00:00+08:00,close为不复权；风险收益使用pct_chg÷100,千元,TuSharePro.daily,https://tushare.pro/document/1?doc_id=27,Fri Sep 04 2026 20:02:33 GMT+0800 (China Standard Time),公开行情历史快照
600519.SH,贵州茅台,2024-03-07,1683.63,0.1833,3633934.774,有行情,日线,Asia/Shanghai,2025-12-30T15:00:00+08:00,close为不复权；风险收益使用pct_chg÷100,千元,TuSharePro.daily,https://tushare.pro/document/1?doc_id=27,Fri Sep 04 2026 20:02:33 GMT+0800 (China Standard Time),公开行情历史快照
601318.SH,中国平安,2024-03-07,43.06,1.3176,2796783.751,有行情,日线,Asia/Shanghai,2025-12-30T15:00:00+08:00,close为不复权；风险收益使用pct_chg÷100,千元,TuSharePro.daily,https://tushare.pro/document/1?doc_id=27,Fri Sep 04 2026 20:02:33 GMT+0800 (China Standard Time),公开行情历史快照
000333.SZ,美的集团,2024-03-08,66.1,0.4559,1714883.401,有行情,日线,Asia/Shanghai,2025-12-30T15:00:00+08:00,close为不复权；风险收益使用pct_chg÷100,千元,TuSharePro.daily,https://tushare.pro/document/1?doc_id=27,Fri Sep 04 2026 20:02:33 GMT+0800 (China Standard Time),公开行情历史快照
000858.SZ,五粮液,2024-03-08,138.42,0.123,1687886.719,有行情,日线,Asia/Shanghai,2025-12-30T15:00:00+08:00,close为不复权；风险收益使用pct_chg÷100,千元,TuSharePro.daily,https://tushare.pro/document/1?doc_id=27,Fri Sep 04 2026 20:02:33 GMT+0800 (China Standard Time),公开行情历史快照
002594.SZ,比亚迪,2024-03-08,188.09,-0.4235,1263993.368,有行情,日线,Asia/Shanghai,2025-12-30T15:00:00+08:00,close为不复权；风险收益使用pct_chg÷100,千元,TuSharePro.daily,https://tushare.pro/document/1?doc_id=27,Fri Sep 04 2026 20:02:33 GMT+0800 (China Standard Time),公开行情历史快照
300750.SZ,宁德时代,2024-03-08,158.0,-1.3425,3194520.067,有行情,日线,Asia/Shanghai,2025-12-30T15:00:00+08:00,close为不复权；风险收益使用pct_chg÷100,千元,TuSharePro.daily,https://tushare.pro/document/1?doc_id=27,Fri Sep 04 2026 20:02:33 GMT+0800 (China Standard Time),公开行情历史快照
600519.SH,贵州茅台,2024-03-08,1671.43,-0.7246,3710678.522,有行情,日线,Asia/Shanghai,2025-12-30T15:00:00+08:00,close为不复权；风险收益使用pct_chg÷100,千元,TuSharePro.daily,https://tushare.pro/document/1?doc_id=27,Fri Sep 04 2026 20:02:33 GMT+0800 (China Standard Time),公开行情历史快照
601318.SH,中国平安,2024-03-08,42.88,-0.418,1595770.014,有行情,日线,Asia/Shanghai,2025-12-30T15:00:00+08:00,close为不复权；风险收益使用pct_chg÷100,千元,TuSharePro.daily,https://tushare.pro/document/1?doc_id=27,Fri Sep 04 2026 20:02:33 GMT+0800 (China Standard Time),公开行情历史快照
000333.SZ,美的集团,2024-03-11,65.42,-1.0287,1826293.592,有行情,日线,Asia/Shanghai,2025-12-30T15:00:00+08:00,close为不复权；风险收益使用pct_chg÷100,千元,TuSharePro.daily,https://tushare.pro/document/1?doc_id=27,Fri Sep 04 2026 20:02:33 GMT+0800 (China Standard Time),公开行情历史快照
000858.SZ,五粮液,2024-03-11,141.16,1.9795,2713055.197,有行情,日线,Asia/Shanghai,2025-12-30T15:00:00+08:00,close为不复权；风险收益使用pct_chg÷100,千元,TuSharePro.daily,https://tushare.pro/document/1?doc_id=27,Fri Sep 04 2026 20:02:33 GMT+0800 (China Standard Time),公开行情历史快照
002594.SZ,比亚迪,2024-03-11,198.74,5.6622,5440726.383,有行情,日线,Asia/Shanghai,2025-12-30T15:00:00+08:00,close为不复权；风险收益使用pct_chg÷100,千元,TuSharePro.daily,https://tushare.pro/document/1?doc_id=27,Fri Sep 04 2026 20:02:33 GMT+0800 (China Standard Time),公开行情历史快照
300750.SZ,宁德时代,2024-03-11,180.85,14.462,13248182.793,有行情,日线,Asia/Shanghai,2025-12-30T15:00:00+08:00,close为不复权；风险收益使用pct_chg÷100,千元,TuSharePro.daily,https://tushare.pro/document/1?doc_id=27,Fri Sep 04 2026 20:02:33 GMT+0800 (China Standard Time),公开行情历史快照
600519.SH,贵州茅台,2024-03-11,1694.49,1.3797,5048394.347,有行情,日线,Asia/Shanghai,2025-12-30T15:00:00+08:00,close为不复权；风险收益使用pct_chg÷100,千元,TuSharePro.daily,https://tushare.pro/document/1?doc_id=27,Fri Sep 04 2026 20:02:33 GMT+0800 (China Standard Time),公开行情历史快照
601318.SH,中国平安,2024-03-11,43.16,0.653,1877454.174,有行情,日线,Asia/Shanghai,2025-12-30T15:00:00+08:00,close为不复权；风险收益使用pct_chg÷100,千元,TuSharePro.daily,https://tushare.pro/document/1?doc_id=27,Fri Sep 04 2026 20:02:33 GMT+0800 (China Standard Time),公开行情历史快照
000333.SZ,美的集团,2024-03-12,64.13,-1.9719,3241294.651,有行情,日线,Asia/Shanghai,2025-12-30T15:00:00+08:00,close为不复权；风险收益使用pct_chg÷100,千元,TuSharePro.daily,https://tushare.pro/document/1?doc_id=27,Fri Sep 04 2026 20:02:33 GMT+0800 (China Standard Time),公开行情历史快照
000858.SZ,五粮液,2024-03-12,148.31,5.0652,6608708.733,有行情,日线,Asia/Shanghai,2025-12-30T15:00:00+08:00,close为不复权；风险收益使用pct_chg÷100,千元,TuSharePro.daily,https://tushare.pro/document/1?doc_id=27,Fri Sep 04 2026 20:02:33 GMT+0800 (China Standard Time),公开行情历史快照
002594.SZ,比亚迪,2024-03-12,205.1,3.2002,4958824.423,有行情,日线,Asia/Shanghai,2025-12-30T15:00:00+08:00,close为不复权；风险收益使用pct_chg÷100,千元,TuSharePro.daily,https://tushare.pro/document/1?doc_id=27,Fri Sep 04 2026 20:02:33 GMT+0800 (China Standard Time),公开行情历史快照
300750.SZ,宁德时代,2024-03-12,185.84,2.7592,11428112.945,有行情,日线,Asia/Shanghai,2025-12-30T15:00:00+08:00,close为不复权；风险收益使用pct_chg÷100,千元,TuSharePro.daily,https://tushare.pro/document/1?doc_id=27,Fri Sep 04 2026 20:02:33 GMT+0800 (China Standard Time),公开行情历史快照
600519.SH,贵州茅台,2024-03-12,1745.0,2.9808,9393309.052,有行情,日线,Asia/Shanghai,2025-12-30T15:00:00+08:00,close为不复权；风险收益使用pct_chg÷100,千元,TuSharePro.daily,https://tushare.pro/document/1?doc_id=27,Fri Sep 04 2026 20:02:33 GMT+0800 (China Standard Time),公开行情历史快照
601318.SH,中国平安,2024-03-12,43.81,1.506,2952502.139,有行情,日线,Asia/Shanghai,2025-12-30T15:00:00+08:00,close为不复权；风险收益使用pct_chg÷100,千元,TuSharePro.daily,https://tushare.pro/document/1?doc_id=27,Fri Sep 04 2026 20:02:33 GMT+0800 (China Standard Time),公开行情历史快照
000333.SZ,美的集团,2024-03-13,64.07,-0.0936,2084900.582,有行情,日线,Asia/Shanghai,2025-12-30T15:00:00+08:00,close为不复权；风险收益使用pct_chg÷100,千元,TuSharePro.daily,https://tushare.pro/document/1?doc_id=27,Fri Sep 04 2026 20:02:33 GMT+0800 (China Standard Time),公开行情历史快照
000858.SZ,五粮液,2024-03-13,147.76,-0.3708,2649479.635,有行情,日线,Asia/Shanghai,2025-12-30T15:00:00+08:00,close为不复权；风险收益使用pct_chg÷100,千元,TuSharePro.daily,https://tushare.pro/document/1?doc_id=27,Fri Sep 04 2026 20:02:33 GMT+0800 (China Standard Time),公开行情历史快照
002594.SZ,比亚迪,2024-03-13,206.36,0.6143,3691839.469,有行情,日线,Asia/Shanghai,2025-12-30T15:00:00+08:00,close为不复权；风险收益使用pct_chg÷100,千元,TuSharePro.daily,https://tushare.pro/document/1?doc_id=27,Fri Sep 04 2026 20:02:33 GMT+0800 (China Standard Time),公开行情历史快照
300750.SZ,宁德时代,2024-03-13,185.18,-0.3551,6444102.062,有行情,日线,Asia/Shanghai,2025-12-30T15:00:00+08:00,close为不复权；风险收益使用pct_chg÷100,千元,TuSharePro.daily,https://tushare.pro/document/1?doc_id=27,Fri Sep 04 2026 20:02:33 GMT+0800 (China Standard Time),公开行情历史快照
600519.SH,贵州茅台,2024-03-13,1727.45,-1.0057,4588879.42,有行情,日线,Asia/Shanghai,2025-12-30T15:00:00+08:00,close为不复权；风险收益使用pct_chg÷100,千元,TuSharePro.daily,https://tushare.pro/document/1?doc_id=27,Fri Sep 04 2026 20:02:33 GMT+0800 (China Standard Time),公开行情历史快照
601318.SH,中国平安,2024-03-13,42.63,-2.6934,3008059.272,有行情,日线,Asia/Shanghai,2025-12-30T15:00:00+08:00,close为不复权；风险收益使用pct_chg÷100,千元,TuSharePro.daily,https://tushare.pro/document/1?doc_id=27,Fri Sep 04 2026 20:02:33 GMT+0800 (China Standard Time),公开行情历史快照
000333.SZ,美的集团,2024-03-14,64.5,0.6711,2026233.407,有行情,日线,Asia/Shanghai,2025-12-30T15:00:00+08:00,close为不复权；风险收益使用pct_chg÷100,千元,TuSharePro.daily,https://tushare.pro/document/1?doc_id=27,Fri Sep 04 2026 20:02:33 GMT+0800 (China Standard Time),公开行情历史快照
000858.SZ,五粮液,2024-03-14,149.56,1.2182,3320434.207,有行情,日线,Asia/Shanghai,2025-12-30T15:00:00+08:00,close为不复权；风险收益使用pct_chg÷100,千元,TuSharePro.daily,https://tushare.pro/document/1?doc_id=27,Fri Sep 04 2026 20:02:33 GMT+0800 (China Standard Time),公开行情历史快照
002594.SZ,比亚迪,2024-03-14,212.08,2.7719,4497086.17,有行情,日线,Asia/Shanghai,2025-12-30T15:00:00+08:00,close为不复权；风险收益使用pct_chg÷100,千元,TuSharePro.daily,https://tushare.pro/document/1?doc_id=27,Fri Sep 04 2026 20:02:33 GMT+0800 (China Standard Time),公开行情历史快照
300750.SZ,宁德时代,2024-03-14,183.81,-0.7398,5642924.971,有行情,日线,Asia/Shanghai,2025-12-30T15:00:00+08:00,close为不复权；风险收益使用pct_chg÷100,千元,TuSharePro.daily,https://tushare.pro/document/1?doc_id=27,Fri Sep 04 2026 20:02:33 GMT+0800 (China Standard Time),公开行情历史快照
600519.SH,贵州茅台,2024-03-14,1716.63,-0.6264,3338768.308,有行情,日线,Asia/Shanghai,2025-12-30T15:00:00+08:00,close为不复权；风险收益使用pct_chg÷100,千元,TuSharePro.daily,https://tushare.pro/document/1?doc_id=27,Fri Sep 04 2026 20:02:33 GMT+0800 (China Standard Time),公开行情历史快照
601318.SH,中国平安,2024-03-14,42.45,-0.4222,1535653.343,有行情,日线,Asia/Shanghai,2025-12-30T15:00:00+08:00,close为不复权；风险收益使用pct_chg÷100,千元,TuSharePro.daily,https://tushare.pro/document/1?doc_id=27,Fri Sep 04 2026 20:02:33 GMT+0800 (China Standard Time),公开行情历史快照
000333.SZ,美的集团,2024-03-15,64.02,-0.7442,1624685.427,有行情,日线,Asia/Shanghai,2025-12-30T15:00:00+08:00,close为不复权；风险收益使用pct_chg÷100,千元,TuSharePro.daily,https://tushare.pro/document/1?doc_id=27,Fri Sep 04 2026 20:02:33 GMT+0800 (China Standard Time),公开行情历史快照
000858.SZ,五粮液,2024-03-15,152.49,1.9591,3639737.823,有行情,日线,Asia/Shanghai,2025-12-30T15:00:00+08:00,close为不复权；风险收益使用pct_chg÷100,千元,TuSharePro.daily,https://tushare.pro/document/1?doc_id=27,Fri Sep 04 2026 20:02:33 GMT+0800 (China Standard Time),公开行情历史快照
002594.SZ,比亚迪,2024-03-15,209.47,-1.2307,3057950.744,有行情,日线,Asia/Shanghai,2025-12-30T15:00:00+08:00,close为不复权；风险收益使用pct_chg÷100,千元,TuSharePro.daily,https://tushare.pro/document/1?doc_id=27,Fri Sep 04 2026 20:02:33 GMT+0800 (China Standard Time),公开行情历史快照
300750.SZ,宁德时代,2024-03-15,181.0,-1.5288,6371462.215,有行情,日线,Asia/Shanghai,2025-12-30T15:00:00+08:00,close为不复权；风险收益使用pct_chg÷100,千元,TuSharePro.daily,https://tushare.pro/document/1?doc_id=27,Fri Sep 04 2026 20:02:33 GMT+0800 (China Standard Time),公开行情历史快照
600519.SH,贵州茅台,2024-03-15,1717.49,0.0501,3066692.399,有行情,日线,Asia/Shanghai,2025-12-30T15:00:00+08:00,close为不复权；风险收益使用pct_chg÷100,千元,TuSharePro.daily,https://tushare.pro/document/1?doc_id=27,Fri Sep 04 2026 20:02:33 GMT+0800 (China Standard Time),公开行情历史快照
601318.SH,中国平安,2024-03-15,42.48,0.0707,1687264.409,有行情,日线,Asia/Shanghai,2025-12-30T15:00:00+08:00,close为不复权；风险收益使用pct_chg÷100,千元,TuSharePro.daily,https://tushare.pro/document/1?doc_id=27,Fri Sep 04 2026 20:02:33 GMT+0800 (China Standard Time),公开行情历史快照
000333.SZ,美的集团,2024-03-18,62.36,-2.5929,2667915.014,有行情,日线,Asia/Shanghai,2025-12-30T15:00:00+08:00,close为不复权；风险收益使用pct_chg÷100,千元,TuSharePro.daily,https://tushare.pro/document/1?doc_id=27,Fri Sep 04 2026 20:02:33 GMT+0800 (China Standard Time),公开行情历史快照
000858.SZ,五粮液,2024-03-18,153.5,0.6623,2908432.466,有行情,日线,Asia/Shanghai,2025-12-30T15:00:00+08:00,close为不复权；风险收益使用pct_chg÷100,千元,TuSharePro.daily,https://tushare.pro/document/1?doc_id=27,Fri Sep 04 2026 20:02:33 GMT+0800 (China Standard Time),公开行情历史快照
002594.SZ,比亚迪,2024-03-18,218.03,4.0865,4250885.884,有行情,日线,Asia/Shanghai,2025-12-30T15:00:00+08:00,close为不复权；风险收益使用pct_chg÷100,千元,TuSharePro.daily,https://tushare.pro/document/1?doc_id=27,Fri Sep 04 2026 20:02:33 GMT+0800 (China Standard Time),公开行情历史快照
300750.SZ,宁德时代,2024-03-18,190.96,5.5028,9229188.79,有行情,日线,Asia/Shanghai,2025-12-30T15:00:00+08:00,close为不复权；风险收益使用pct_chg÷100,千元,TuSharePro.daily,https://tushare.pro/document/1?doc_id=27,Fri Sep 04 2026 20:02:33 GMT+0800 (China Standard Time),公开行情历史快照
600519.SH,贵州茅台,2024-03-18,1708.26,-0.5374,4446059.13,有行情,日线,Asia/Shanghai,2025-12-30T15:00:00+08:00,close为不复权；风险收益使用pct_chg÷100,千元,TuSharePro.daily,https://tushare.pro/document/1?doc_id=27,Fri Sep 04 2026 20:02:33 GMT+0800 (China Standard Time),公开行情历史快照
601318.SH,中国平安,2024-03-18,42.56,0.1883,1764489.757,有行情,日线,Asia/Shanghai,2025-12-30T15:00:00+08:00,close为不复权；风险收益使用pct_chg÷100,千元,TuSharePro.daily,https://tushare.pro/document/1?doc_id=27,Fri Sep 04 2026 20:02:33 GMT+0800 (China Standard Time),公开行情历史快照
000333.SZ,美的集团,2024-03-19,62.6,0.3849,1867932.284,有行情,日线,Asia/Shanghai,2025-12-30T15:00:00+08:00,close为不复权；风险收益使用pct_chg÷100,千元,TuSharePro.daily,https://tushare.pro/document/1?doc_id=27,Fri Sep 04 2026 20:02:33 GMT+0800 (China Standard Time),公开行情历史快照
000858.SZ,五粮液,2024-03-19,157.37,2.5212,5328394.237,有行情,日线,Asia/Shanghai,2025-12-30T15:00:00+08:00,close为不复权；风险收益使用pct_chg÷100,千元,TuSharePro.daily,https://tushare.pro/document/1?doc_id=27,Fri Sep 04 2026 20:02:33 GMT+0800 (China Standard Time),公开行情历史快照
002594.SZ,比亚迪,2024-03-19,216.8,-0.5641,3194716.173,有行情,日线,Asia/Shanghai,2025-12-30T15:00:00+08:00,close为不复权；风险收益使用pct_chg÷100,千元,TuSharePro.daily,https://tushare.pro/document/1?doc_id=27,Fri Sep 04 2026 20:02:33 GMT+0800 (China Standard Time),公开行情历史快照
300750.SZ,宁德时代,2024-03-19,187.25,-1.9428,5099068.939,有行情,日线,Asia/Shanghai,2025-12-30T15:00:00+08:00,close为不复权；风险收益使用pct_chg÷100,千元,TuSharePro.daily,https://tushare.pro/document/1?doc_id=27,Fri Sep 04 2026 20:02:33 GMT+0800 (China Standard Time),公开行情历史快照
600519.SH,贵州茅台,2024-03-19,1708.02,-0.014,4093701.261,有行情,日线,Asia/Shanghai,2025-12-30T15:00:00+08:00,close为不复权；风险收益使用pct_chg÷100,千元,TuSharePro.daily,https://tushare.pro/document/1?doc_id=27,Fri Sep 04 2026 20:02:33 GMT+0800 (China Standard Time),公开行情历史快照
601318.SH,中国平安,2024-03-19,41.83,-1.7152,2045765.039,有行情,日线,Asia/Shanghai,2025-12-30T15:00:00+08:00,close为不复权；风险收益使用pct_chg÷100,千元,TuSharePro.daily,https://tushare.pro/document/1?doc_id=27,Fri Sep 04 2026 20:02:33 GMT+0800 (China Standard Time),公开行情历史快照
000333.SZ,美的集团,2024-03-20,61.88,-1.1502,2337851.554,有行情,日线,Asia/Shanghai,2025-12-30T15:00:00+08:00,close为不复权；风险收益使用pct_chg÷100,千元,TuSharePro.daily,https://tushare.pro/document/1?doc_id=27,Fri Sep 04 2026 20:02:33 GMT+0800 (China Standard Time),公开行情历史快照
000858.SZ,五粮液,2024-03-20,156.95,-0.2669,2535854.998,有行情,日线,Asia/Shanghai,2025-12-30T15:00:00+08:00,close为不复权；风险收益使用pct_chg÷100,千元,TuSharePro.daily,https://tushare.pro/document/1?doc_id=27,Fri Sep 04 2026 20:02:33 GMT+0800 (China Standard Time),公开行情历史快照
002594.SZ,比亚迪,2024-03-20,218.48,0.7749,2118610.339,有行情,日线,Asia/Shanghai,2025-12-30T15:00:00+08:00,close为不复权；风险收益使用pct_chg÷100,千元,TuSharePro.daily,https://tushare.pro/document/1?doc_id=27,Fri Sep 04 2026 20:02:33 GMT+0800 (China Standard Time),公开行情历史快照
300750.SZ,宁德时代,2024-03-20,189.48,1.1909,3987105.282,有行情,日线,Asia/Shanghai,2025-12-30T15:00:00+08:00,close为不复权；风险收益使用pct_chg÷100,千元,TuSharePro.daily,https://tushare.pro/document/1?doc_id=27,Fri Sep 04 2026 20:02:33 GMT+0800 (China Standard Time),公开行情历史快照
600519.SH,贵州茅台,2024-03-20,1709.6,0.0925,2604543.856,有行情,日线,Asia/Shanghai,2025-12-30T15:00:00+08:00,close为不复权；风险收益使用pct_chg÷100,千元,TuSharePro.daily,https://tushare.pro/document/1?doc_id=27,Fri Sep 04 2026 20:02:33 GMT+0800 (China Standard Time),公开行情历史快照
601318.SH,中国平安,2024-03-20,41.92,0.2152,1187979.289,有行情,日线,Asia/Shanghai,2025-12-30T15:00:00+08:00,close为不复权；风险收益使用pct_chg÷100,千元,TuSharePro.daily,https://tushare.pro/document/1?doc_id=27,Fri Sep 04 2026 20:02:33 GMT+0800 (China Standard Time),公开行情历史快照
000333.SZ,美的集团,2024-03-21,60.55,-2.1493,2377326.996,有行情,日线,Asia/Shanghai,2025-12-30T15:00:00+08:00,close为不复权；风险收益使用pct_chg÷100,千元,TuSharePro.daily,https://tushare.pro/document/1?doc_id=27,Fri Sep 04 2026 20:02:33 GMT+0800 (China Standard Time),公开行情历史快照
000858.SZ,五粮液,2024-03-21,156.61,-0.2166,2139591.363,有行情,日线,Asia/Shanghai,2025-12-30T15:00:00+08:00,close为不复权；风险收益使用pct_chg÷100,千元,TuSharePro.daily,https://tushare.pro/document/1?doc_id=27,Fri Sep 04 2026 20:02:33 GMT+0800 (China Standard Time),公开行情历史快照
002594.SZ,比亚迪,2024-03-21,218.95,0.2151,1938901.108,有行情,日线,Asia/Shanghai,2025-12-30T15:00:00+08:00,close为不复权；风险收益使用pct_chg÷100,千元,TuSharePro.daily,https://tushare.pro/document/1?doc_id=27,Fri Sep 04 2026 20:02:33 GMT+0800 (China Standard Time),公开行情历史快照
300750.SZ,宁德时代,2024-03-21,189.08,-0.2111,3571619.014,有行情,日线,Asia/Shanghai,2025-12-30T15:00:00+08:00,close为不复权；风险收益使用pct_chg÷100,千元,TuSharePro.daily,https://tushare.pro/document/1?doc_id=27,Fri Sep 04 2026 20:02:33 GMT+0800 (China Standard Time),公开行情历史快照
600519.SH,贵州茅台,2024-03-21,1709.0,-0.0351,2839332.631,有行情,日线,Asia/Shanghai,2025-12-30T15:00:00+08:00,close为不复权；风险收益使用pct_chg÷100,千元,TuSharePro.daily,https://tushare.pro/document/1?doc_id=27,Fri Sep 04 2026 20:02:33 GMT+0800 (China Standard Time),公开行情历史快照
601318.SH,中国平安,2024-03-21,42.03,0.2624,1745351.699,有行情,日线,Asia/Shanghai,2025-12-30T15:00:00+08:00,close为不复权；风险收益使用pct_chg÷100,千元,TuSharePro.daily,https://tushare.pro/document/1?doc_id=27,Fri Sep 04 2026 20:02:33 GMT+0800 (China Standard Time),公开行情历史快照
000333.SZ,美的集团,2024-03-22,62.62,3.4187,2671677.605,有行情,日线,Asia/Shanghai,2025-12-30T15:00:00+08:00,close为不复权；风险收益使用pct_chg÷100,千元,TuSharePro.daily,https://tushare.pro/document/1?doc_id=27,Fri Sep 04 2026 20:02:33 GMT+0800 (China Standard Time),公开行情历史快照
000858.SZ,五粮液,2024-03-22,153.43,-2.0305,3098381.511,有行情,日线,Asia/Shanghai,2025-12-30T15:00:00+08:00,close为不复权；风险收益使用pct_chg÷100,千元,TuSharePro.daily,https://tushare.pro/document/1?doc_id=27,Fri Sep 04 2026 20:02:33 GMT+0800 (China Standard Time),公开行情历史快照
002594.SZ,比亚迪,2024-03-22,216.95,-0.9135,2266796.544,有行情,日线,Asia/Shanghai,2025-12-30T15:00:00+08:00,close为不复权；风险收益使用pct_chg÷100,千元,TuSharePro.daily,https://tushare.pro/document/1?doc_id=27,Fri Sep 04 2026 20:02:33 GMT+0800 (China Standard Time),公开行情历史快照
300750.SZ,宁德时代,2024-03-22,186.51,-1.3592,3563063.417,有行情,日线,Asia/Shanghai,2025-12-30T15:00:00+08:00,close为不复权；风险收益使用pct_chg÷100,千元,TuSharePro.daily,https://tushare.pro/document/1?doc_id=27,Fri Sep 04 2026 20:02:33 GMT+0800 (China Standard Time),公开行情历史快照
600519.SH,贵州茅台,2024-03-22,1701.35,-0.4476,4318592.818,有行情,日线,Asia/Shanghai,2025-12-30T15:00:00+08:00,close为不复权；风险收益使用pct_chg÷100,千元,TuSharePro.daily,https://tushare.pro/document/1?doc_id=27,Fri Sep 04 2026 20:02:33 GMT+0800 (China Standard Time),公开行情历史快照
601318.SH,中国平安,2024-03-22,40.56,-3.4975,4569953.333,有行情,日线,Asia/Shanghai,2025-12-30T15:00:00+08:00,close为不复权；风险收益使用pct_chg÷100,千元,TuSharePro.daily,https://tushare.pro/document/1?doc_id=27,Fri Sep 04 2026 20:02:33 GMT+0800 (China Standard Time),公开行情历史快照
000333.SZ,美的集团,2024-03-25,62.9,0.4471,1694247.611,有行情,日线,Asia/Shanghai,2025-12-30T15:00:00+08:00,close为不复权；风险收益使用pct_chg÷100,千元,TuSharePro.daily,https://tushare.pro/document/1?doc_id=27,Fri Sep 04 2026 20:02:33 GMT+0800 (China Standard Time),公开行情历史快照
000858.SZ,五粮液,2024-03-25,151.72,-1.1145,2447539.788,有行情,日线,Asia/Shanghai,2025-12-30T15:00:00+08:00,close为不复权；风险收益使用pct_chg÷100,千元,TuSharePro.daily,https://tushare.pro/document/1?doc_id=27,Fri Sep 04 2026 20:02:33 GMT+0800 (China Standard Time),公开行情历史快照
002594.SZ,比亚迪,2024-03-25,214.2,-1.2676,2133902.462,有行情,日线,Asia/Shanghai,2025-12-30T15:00:00+08:00,close为不复权；风险收益使用pct_chg÷100,千元,TuSharePro.daily,https://tushare.pro/document/1?doc_id=27,Fri Sep 04 2026 20:02:33 GMT+0800 (China Standard Time),公开行情历史快照
300750.SZ,宁德时代,2024-03-25,184.8,-0.9168,3046334.226,有行情,日线,Asia/Shanghai,2025-12-30T15:00:00+08:00,close为不复权；风险收益使用pct_chg÷100,千元,TuSharePro.daily,https://tushare.pro/document/1?doc_id=27,Fri Sep 04 2026 20:02:33 GMT+0800 (China Standard Time),公开行情历史快照
600519.SH,贵州茅台,2024-03-25,1689.01,-0.7253,4131446.237,有行情,日线,Asia/Shanghai,2025-12-30T15:00:00+08:00,close为不复权；风险收益使用pct_chg÷100,千元,TuSharePro.daily,https://tushare.pro/document/1?doc_id=27,Fri Sep 04 2026 20:02:33 GMT+0800 (China Standard Time),公开行情历史快照
601318.SH,中国平安,2024-03-25,40.44,-0.2959,1775455.396,有行情,日线,Asia/Shanghai,2025-12-30T15:00:00+08:00,close为不复权；风险收益使用pct_chg÷100,千元,TuSharePro.daily,https://tushare.pro/document/1?doc_id=27,Fri Sep 04 2026 20:02:33 GMT+0800 (China Standard Time),公开行情历史快照
000333.SZ,美的集团,2024-03-26,62.72,-0.2862,1591428.438,有行情,日线,Asia/Shanghai,2025-12-30T15:00:00+08:00,close为不复权；风险收益使用pct_chg÷100,千元,TuSharePro.daily,https://tushare.pro/document/1?doc_id=27,Fri Sep 04 2026 20:02:33 GMT+0800 (China Standard Time),公开行情历史快照
000858.SZ,五粮液,2024-03-26,155.22,2.3069,2787590.494,有行情,日线,Asia/Shanghai,2025-12-30T15:00:00+08:00,close为不复权；风险收益使用pct_chg÷100,千元,TuSharePro.daily,https://tushare.pro/document/1?doc_id=27,Fri Sep 04 2026 20:02:33 GMT+0800 (China Standard Time),公开行情历史快照
002594.SZ,比亚迪,2024-03-26,219.6,2.521,2864082.717,有行情,日线,Asia/Shanghai,2025-12-30T15:00:00+08:00,close为不复权；风险收益使用pct_chg÷100,千元,TuSharePro.daily,https://tushare.pro/document/1?doc_id=27,Fri Sep 04 2026 20:02:33 GMT+0800 (China Standard Time),公开行情历史快照
300750.SZ,宁德时代,2024-03-26,191.8,3.7879,5746016.496,有行情,日线,Asia/Shanghai,2025-12-30T15:00:00+08:00,close为不复权；风险收益使用pct_chg÷100,千元,TuSharePro.daily,https://tushare.pro/document/1?doc_id=27,Fri Sep 04 2026 20:02:33 GMT+0800 (China Standard Time),公开行情历史快照
600519.SH,贵州茅台,2024-03-26,1709.29,1.2007,4782899.074,有行情,日线,Asia/Shanghai,2025-12-30T15:00:00+08:00,close为不复权；风险收益使用pct_chg÷100,千元,TuSharePro.daily,https://tushare.pro/document/1?doc_id=27,Fri Sep 04 2026 20:02:33 GMT+0800 (China Standard Time),公开行情历史快照
601318.SH,中国平安,2024-03-26,40.9,1.1375,1640298.64,有行情,日线,Asia/Shanghai,2025-12-30T15:00:00+08:00,close为不复权；风险收益使用pct_chg÷100,千元,TuSharePro.daily,https://tushare.pro/document/1?doc_id=27,Fri Sep 04 2026 20:02:33 GMT+0800 (China Standard Time),公开行情历史快照
000333.SZ,美的集团,2024-03-27,63.67,1.5147,2227887.825,有行情,日线,Asia/Shanghai,2025-12-30T15:00:00+08:00,close为不复权；风险收益使用pct_chg÷100,千元,TuSharePro.daily,https://tushare.pro/document/1?doc_id=27,Fri Sep 04 2026 20:02:33 GMT+0800 (China Standard Time),公开行情历史快照
000858.SZ,五粮液,2024-03-27,152.66,-1.6493,1899180.647,有行情,日线,Asia/Shanghai,2025-12-30T15:00:00+08:00,close为不复权；风险收益使用pct_chg÷100,千元,TuSharePro.daily,https://tushare.pro/document/1?doc_id=27,Fri Sep 04 2026 20:02:33 GMT+0800 (China Standard Time),公开行情历史快照
002594.SZ,比亚迪,2024-03-27,211.98,-3.4699,4058093.22,有行情,日线,Asia/Shanghai,2025-12-30T15:00:00+08:00,close为不复权；风险收益使用pct_chg÷100,千元,TuSharePro.daily,https://tushare.pro/document/1?doc_id=27,Fri Sep 04 2026 20:02:33 GMT+0800 (China Standard Time),公开行情历史快照
300750.SZ,宁德时代,2024-03-27,188.0,-1.9812,3910050.276,有行情,日线,Asia/Shanghai,2025-12-30T15:00:00+08:00,close为不复权；风险收益使用pct_chg÷100,千元,TuSharePro.daily,https://tushare.pro/document/1?doc_id=27,Fri Sep 04 2026 20:02:33 GMT+0800 (China Standard Time),公开行情历史快照
600519.SH,贵州茅台,2024-03-27,1701.0,-0.485,3087792.98,有行情,日线,Asia/Shanghai,2025-12-30T15:00:00+08:00,close为不复权；风险收益使用pct_chg÷100,千元,TuSharePro.daily,https://tushare.pro/document/1?doc_id=27,Fri Sep 04 2026 20:02:33 GMT+0800 (China Standard Time),公开行情历史快照
601318.SH,中国平安,2024-03-27,40.65,-0.6112,1411539.594,有行情,日线,Asia/Shanghai,2025-12-30T15:00:00+08:00,close为不复权；风险收益使用pct_chg÷100,千元,TuSharePro.daily,https://tushare.pro/document/1?doc_id=27,Fri Sep 04 2026 20:02:33 GMT+0800 (China Standard Time),公开行情历史快照
000333.SZ,美的集团,2024-03-28,64.58,1.4292,2915943.394,有行情,日线,Asia/Shanghai,2025-12-30T15:00:00+08:00,close为不复权；风险收益使用pct_chg÷100,千元,TuSharePro.daily,https://tushare.pro/document/1?doc_id=27,Fri Sep 04 2026 20:02:33 GMT+0800 (China Standard Time),公开行情历史快照
000858.SZ,五粮液,2024-03-28,153.1,0.2882,2217801.275,有行情,日线,Asia/Shanghai,2025-12-30T15:00:00+08:00,close为不复权；风险收益使用pct_chg÷100,千元,TuSharePro.daily,https://tushare.pro/document/1?doc_id=27,Fri Sep 04 2026 20:02:33 GMT+0800 (China Standard Time),公开行情历史快照
002594.SZ,比亚迪,2024-03-28,208.38,-1.6983,3327175.192,有行情,日线,Asia/Shanghai,2025-12-30T15:00:00+08:00,close为不复权；风险收益使用pct_chg÷100,千元,TuSharePro.daily,https://tushare.pro/document/1?doc_id=27,Fri Sep 04 2026 20:02:33 GMT+0800 (China Standard Time),公开行情历史快照
300750.SZ,宁德时代,2024-03-28,188.78,0.4149,3792149.245,有行情,日线,Asia/Shanghai,2025-12-30T15:00:00+08:00,close为不复权；风险收益使用pct_chg÷100,千元,TuSharePro.daily,https://tushare.pro/document/1?doc_id=27,Fri Sep 04 2026 20:02:33 GMT+0800 (China Standard Time),公开行情历史快照
600519.SH,贵州茅台,2024-03-28,1701.64,0.0376,4201857.059,有行情,日线,Asia/Shanghai,2025-12-30T15:00:00+08:00,close为不复权；风险收益使用pct_chg÷100,千元,TuSharePro.daily,https://tushare.pro/document/1?doc_id=27,Fri Sep 04 2026 20:02:33 GMT+0800 (China Standard Time),公开行情历史快照
601318.SH,中国平安,2024-03-28,40.69,0.0984,1764795.886,有行情,日线,Asia/Shanghai,2025-12-30T15:00:00+08:00,close为不复权；风险收益使用pct_chg÷100,千元,TuSharePro.daily,https://tushare.pro/document/1?doc_id=27,Fri Sep 04 2026 20:02:33 GMT+0800 (China Standard Time),公开行情历史快照
000333.SZ,美的集团,2024-03-29,64.22,-0.5574,1638381.69,有行情,日线,Asia/Shanghai,2025-12-30T15:00:00+08:00,close为不复权；风险收益使用pct_chg÷100,千元,TuSharePro.daily,https://tushare.pro/document/1?doc_id=27,Fri Sep 04 2026 20:02:33 GMT+0800 (China Standard Time),公开行情历史快照
000858.SZ,五粮液,2024-03-29,153.51,0.2678,1358438.657,有行情,日线,Asia/Shanghai,2025-12-30T15:00:00+08:00,close为不复权；风险收益使用pct_chg÷100,千元,TuSharePro.daily,https://tushare.pro/document/1?doc_id=27,Fri Sep 04 2026 20:02:33 GMT+0800 (China Standard Time),公开行情历史快照
002594.SZ,比亚迪,2024-03-29,203.06,-2.553,2873380.486,有行情,日线,Asia/Shanghai,2025-12-30T15:00:00+08:00,close为不复权；风险收益使用pct_chg÷100,千元,TuSharePro.daily,https://tushare.pro/document/1?doc_id=27,Fri Sep 04 2026 20:02:33 GMT+0800 (China Standard Time),公开行情历史快照
300750.SZ,宁德时代,2024-03-29,190.16,0.731,3154024.729,有行情,日线,Asia/Shanghai,2025-12-30T15:00:00+08:00,close为不复权；风险收益使用pct_chg÷100,千元,TuSharePro.daily,https://tushare.pro/document/1?doc_id=27,Fri Sep 04 2026 20:02:33 GMT+0800 (China Standard Time),公开行情历史快照
600519.SH,贵州茅台,2024-03-29,1702.9,0.074,2290584.417,有行情,日线,Asia/Shanghai,2025-12-30T15:00:00+08:00,close为不复权；风险收益使用pct_chg÷100,千元,TuSharePro.daily,https://tushare.pro/document/1?doc_id=27,Fri Sep 04 2026 20:02:33 GMT+0800 (China Standard Time),公开行情历史快照
601318.SH,中国平安,2024-03-29,40.81,0.2949,1370420.387,有行情,日线,Asia/Shanghai,2025-12-30T15:00:00+08:00,close为不复权；风险收益使用pct_chg÷100,千元,TuSharePro.daily,https://tushare.pro/document/1?doc_id=27,Fri Sep 04 2026 20:02:33 GMT+0800 (China Standard Time),公开行情历史快照
000333.SZ,美的集团,2024-04-01,66.22,3.1143,2146737.286,有行情,日线,Asia/Shanghai,2025-12-30T15:00:00+08:00,close为不复权；风险收益使用pct_chg÷100,千元,TuSharePro.daily,https://tushare.pro/document/1?doc_id=27,Fri Sep 04 2026 20:02:33 GMT+0800 (China Standard Time),公开行情历史快照
000858.SZ,五粮液,2024-04-01,157.28,2.4559,2788229.516,有行情,日线,Asia/Shanghai,2025-12-30T15:00:00+08:00,close为不复权；风险收益使用pct_chg÷100,千元,TuSharePro.daily,https://tushare.pro/document/1?doc_id=27,Fri Sep 04 2026 20:02:33 GMT+0800 (China Standard Time),公开行情历史快照
002594.SZ,比亚迪,2024-04-01,212.01,4.4076,2995671.851,有行情,日线,Asia/Shanghai,2025-12-30T15:00:00+08:00,close为不复权；风险收益使用pct_chg÷100,千元,TuSharePro.daily,https://tushare.pro/document/1?doc_id=27,Fri Sep 04 2026 20:02:33 GMT+0800 (China Standard Time),公开行情历史快照
300750.SZ,宁德时代,2024-04-01,197.84,4.0387,5438688.735,有行情,日线,Asia/Shanghai,2025-12-30T15:00:00+08:00,close为不复权；风险收益使用pct_chg÷100,千元,TuSharePro.daily,https://tushare.pro/document/1?doc_id=27,Fri Sep 04 2026 20:02:33 GMT+0800 (China Standard Time),公开行情历史快照
600519.SH,贵州茅台,2024-04-01,1721.33,1.0823,4679371.035,有行情,日线,Asia/Shanghai,2025-12-30T15:00:00+08:00,close为不复权；风险收益使用pct_chg÷100,千元,TuSharePro.daily,https://tushare.pro/document/1?doc_id=27,Fri Sep 04 2026 20:02:33 GMT+0800 (China Standard Time),公开行情历史快照
601318.SH,中国平安,2024-04-01,41.25,1.0782,1592229.352,有行情,日线,Asia/Shanghai,2025-12-30T15:00:00+08:00,close为不复权；风险收益使用pct_chg÷100,千元,TuSharePro.daily,https://tushare.pro/document/1?doc_id=27,Fri Sep 04 2026 20:02:33 GMT+0800 (China Standard Time),公开行情历史快照
000333.SZ,美的集团,2024-04-02,66.25,0.0453,1497277.78,有行情,日线,Asia/Shanghai,2025-12-30T15:00:00+08:00,close为不复权；风险收益使用pct_chg÷100,千元,TuSharePro.daily,https://tushare.pro/document/1?doc_id=27,Fri Sep 04 2026 20:02:33 GMT+0800 (China Standard Time),公开行情历史快照
000858.SZ,五粮液,2024-04-02,155.5,-1.1317,1779060.167,有行情,日线,Asia/Shanghai,2025-12-30T15:00:00+08:00,close为不复权；风险收益使用pct_chg÷100,千元,TuSharePro.daily,https://tushare.pro/document/1?doc_id=27,Fri Sep 04 2026 20:02:33 GMT+0800 (China Standard Time),公开行情历史快照
002594.SZ,比亚迪,2024-04-02,212.34,0.1557,2301699.126,有行情,日线,Asia/Shanghai,2025-12-30T15:00:00+08:00,close为不复权；风险收益使用pct_chg÷100,千元,TuSharePro.daily,https://tushare.pro/document/1?doc_id=27,Fri Sep 04 2026 20:02:33 GMT+0800 (China Standard Time),公开行情历史快照
300750.SZ,宁德时代,2024-04-02,199.7,0.9402,4793028.387,有行情,日线,Asia/Shanghai,2025-12-30T15:00:00+08:00,close为不复权；风险收益使用pct_chg÷100,千元,TuSharePro.daily,https://tushare.pro/document/1?doc_id=27,Fri Sep 04 2026 20:02:33 GMT+0800 (China Standard Time),公开行情历史快照
600519.SH,贵州茅台,2024-04-02,1713.99,-0.4264,4360973.684,有行情,日线,Asia/Shanghai,2025-12-30T15:00:00+08:00,close为不复权；风险收益使用pct_chg÷100,千元,TuSharePro.daily,https://tushare.pro/document/1?doc_id=27,Fri Sep 04 2026 20:02:33 GMT+0800 (China Standard Time),公开行情历史快照
601318.SH,中国平安,2024-04-02,41.0,-0.6061,1644606.102,有行情,日线,Asia/Shanghai,2025-12-30T15:00:00+08:00,close为不复权；风险收益使用pct_chg÷100,千元,TuSharePro.daily,https://tushare.pro/document/1?doc_id=27,Fri Sep 04 2026 20:02:33 GMT+0800 (China Standard Time),公开行情历史快照
000333.SZ,美的集团,2024-04-03,66.73,0.7245,1370613.983,有行情,日线,Asia/Shanghai,2025-12-30T15:00:00+08:00,close为不复权；风险收益使用pct_chg÷100,千元,TuSharePro.daily,https://tushare.pro/document/1?doc_id=27,Fri Sep 04 2026 20:02:33 GMT+0800 (China Standard Time),公开行情历史快照
000858.SZ,五粮液,2024-04-03,154.6,-0.5788,1522506.39,有行情,日线,Asia/Shanghai,2025-12-30T15:00:00+08:00,close为不复权；风险收益使用pct_chg÷100,千元,TuSharePro.daily,https://tushare.pro/document/1?doc_id=27,Fri Sep 04 2026 20:02:33 GMT+0800 (China Standard Time),公开行情历史快照
002594.SZ,比亚迪,2024-04-03,208.16,-1.9685,1747159.207,有行情,日线,Asia/Shanghai,2025-12-30T15:00:00+08:00,close为不复权；风险收益使用pct_chg÷100,千元,TuSharePro.daily,https://tushare.pro/document/1?doc_id=27,Fri Sep 04 2026 20:02:33 GMT+0800 (China Standard Time),公开行情历史快照
300750.SZ,宁德时代,2024-04-03,197.65,-1.0265,4635543.376,有行情,日线,Asia/Shanghai,2025-12-30T15:00:00+08:00,close为不复权；风险收益使用pct_chg÷100,千元,TuSharePro.daily,https://tushare.pro/document/1?doc_id=27,Fri Sep 04 2026 20:02:33 GMT+0800 (China Standard Time),公开行情历史快照
600519.SH,贵州茅台,2024-04-03,1715.11,0.0653,5002390.042,有行情,日线,Asia/Shanghai,2025-12-30T15:00:00+08:00,close为不复权；风险收益使用pct_chg÷100,千元,TuSharePro.daily,https://tushare.pro/document/1?doc_id=27,Fri Sep 04 2026 20:02:33 GMT+0800 (China Standard Time),公开行情历史快照
601318.SH,中国平安,2024-04-03,40.5,-1.2195,1886029.049,有行情,日线,Asia/Shanghai,2025-12-30T15:00:00+08:00,close为不复权；风险收益使用pct_chg÷100,千元,TuSharePro.daily,https://tushare.pro/document/1?doc_id=27,Fri Sep 04 2026 20:02:33 GMT+0800 (China Standard Time),公开行情历史快照
000333.SZ,美的集团,2024-04-08,65.32,-2.113,2125546.169,有行情,日线,Asia/Shanghai,2025-12-30T15:00:00+08:00,close为不复权；风险收益使用pct_chg÷100,千元,TuSharePro.daily,https://tushare.pro/document/1?doc_id=27,Fri Sep 04 2026 20:02:33 GMT+0800 (China Standard Time),公开行情历史快照
000858.SZ,五粮液,2024-04-08,147.29,-4.7283,4002147.876,有行情,日线,Asia/Shanghai,2025-12-30T15:00:00+08:00,close为不复权；风险收益使用pct_chg÷100,千元,TuSharePro.daily,https://tushare.pro/document/1?doc_id=27,Fri Sep 04 2026 20:02:33 GMT+0800 (China Standard Time),公开行情历史快照
002594.SZ,比亚迪,2024-04-08,212.0,1.8447,2722271.578,有行情,日线,Asia/Shanghai,2025-12-30T15:00:00+08:00,close为不复权；风险收益使用pct_chg÷100,千元,TuSharePro.daily,https://tushare.pro/document/1?doc_id=27,Fri Sep 04 2026 20:02:33 GMT+0800 (China Standard Time),公开行情历史快照
300750.SZ,宁德时代,2024-04-08,194.6,-1.5431,3729974.587,有行情,日线,Asia/Shanghai,2025-12-30T15:00:00+08:00,close为不复权；风险收益使用pct_chg÷100,千元,TuSharePro.daily,https://tushare.pro/document/1?doc_id=27,Fri Sep 04 2026 20:02:33 GMT+0800 (China Standard Time),公开行情历史快照
600519.SH,贵州茅台,2024-04-08,1666.66,-2.8249,9907355.766,有行情,日线,Asia/Shanghai,2025-12-30T15:00:00+08:00,close为不复权；风险收益使用pct_chg÷100,千元,TuSharePro.daily,https://tushare.pro/document/1?doc_id=27,Fri Sep 04 2026 20:02:33 GMT+0800 (China Standard Time),公开行情历史快照
601318.SH,中国平安,2024-04-08,40.22,-0.6914,1752003.235,有行情,日线,Asia/Shanghai,2025-12-30T15:00:00+08:00,close为不复权；风险收益使用pct_chg÷100,千元,TuSharePro.daily,https://tushare.pro/document/1?doc_id=27,Fri Sep 04 2026 20:02:33 GMT+0800 (China Standard Time),公开行情历史快照
000333.SZ,美的集团,2024-04-09,65.04,-0.4287,1270147.986,有行情,日线,Asia/Shanghai,2025-12-30T15:00:00+08:00,close为不复权；风险收益使用pct_chg÷100,千元,TuSharePro.daily,https://tushare.pro/document/1?doc_id=27,Fri Sep 04 2026 20:02:33 GMT+0800 (China Standard Time),公开行情历史快照
000858.SZ,五粮液,2024-04-09,146.48,-0.5499,1909631.397,有行情,日线,Asia/Shanghai,2025-12-30T15:00:00+08:00,close为不复权；风险收益使用pct_chg÷100,千元,TuSharePro.daily,https://tushare.pro/document/1?doc_id=27,Fri Sep 04 2026 20:02:33 GMT+0800 (China Standard Time),公开行情历史快照
002594.SZ,比亚迪,2024-04-09,212.08,0.0377,1791256.313,有行情,日线,Asia/Shanghai,2025-12-30T15:00:00+08:00,close为不复权；风险收益使用pct_chg÷100,千元,TuSharePro.daily,https://tushare.pro/document/1?doc_id=27,Fri Sep 04 2026 20:02:33 GMT+0800 (China Standard Time),公开行情历史快照
300750.SZ,宁德时代,2024-04-09,196.0,0.7194,2845224.467,有行情,日线,Asia/Shanghai,2025-12-30T15:00:00+08:00,close为不复权；风险收益使用pct_chg÷100,千元,TuSharePro.daily,https://tushare.pro/document/1?doc_id=27,Fri Sep 04 2026 20:02:33 GMT+0800 (China Standard Time),公开行情历史快照
600519.SH,贵州茅台,2024-04-09,1662.22,-0.2664,4256226.333,有行情,日线,Asia/Shanghai,2025-12-30T15:00:00+08:00,close为不复权；风险收益使用pct_chg÷100,千元,TuSharePro.daily,https://tushare.pro/document/1?doc_id=27,Fri Sep 04 2026 20:02:33 GMT+0800 (China Standard Time),公开行情历史快照
601318.SH,中国平安,2024-04-09,40.11,-0.2735,1183293.257,有行情,日线,Asia/Shanghai,2025-12-30T15:00:00+08:00,close为不复权；风险收益使用pct_chg÷100,千元,TuSharePro.daily,https://tushare.pro/document/1?doc_id=27,Fri Sep 04 2026 20:02:33 GMT+0800 (China Standard Time),公开行情历史快照
000333.SZ,美的集团,2024-04-10,65.17,0.1999,1184377.719,有行情,日线,Asia/Shanghai,2025-12-30T15:00:00+08:00,close为不复权；风险收益使用pct_chg÷100,千元,TuSharePro.daily,https://tushare.pro/document/1?doc_id=27,Fri Sep 04 2026 20:02:33 GMT+0800 (China Standard Time),公开行情历史快照
000858.SZ,五粮液,2024-04-10,143.12,-2.2938,2464329.867,有行情,日线,Asia/Shanghai,2025-12-30T15:00:00+08:00,close为不复权；风险收益使用pct_chg÷100,千元,TuSharePro.daily,https://tushare.pro/document/1?doc_id=27,Fri Sep 04 2026 20:02:33 GMT+0800 (China Standard Time),公开行情历史快照
002594.SZ,比亚迪,2024-04-10,211.84,-0.1132,1537375.543,有行情,日线,Asia/Shanghai,2025-12-30T15:00:00+08:00,close为不复权；风险收益使用pct_chg÷100,千元,TuSharePro.daily,https://tushare.pro/document/1?doc_id=27,Fri Sep 04 2026 20:02:33 GMT+0800 (China Standard Time),公开行情历史快照
300750.SZ,宁德时代,2024-04-10,192.74,-1.6633,3459617.611,有行情,日线,Asia/Shanghai,2025-12-30T15:00:00+08:00,close为不复权；风险收益使用pct_chg÷100,千元,TuSharePro.daily,https://tushare.pro/document/1?doc_id=27,Fri Sep 04 2026 20:02:33 GMT+0800 (China Standard Time),公开行情历史快照
600519.SH,贵州茅台,2024-04-10,1647.98,-0.8567,4562853.88,有行情,日线,Asia/Shanghai,2025-12-30T15:00:00+08:00,close为不复权；风险收益使用pct_chg÷100,千元,TuSharePro.daily,https://tushare.pro/document/1?doc_id=27,Fri Sep 04 2026 20:02:33 GMT+0800 (China Standard Time),公开行情历史快照
601318.SH,中国平安,2024-04-10,39.2,-2.2688,2638684.983,有行情,日线,Asia/Shanghai,2025-12-30T15:00:00+08:00,close为不复权；风险收益使用pct_chg÷100,千元,TuSharePro.daily,https://tushare.pro/document/1?doc_id=27,Fri Sep 04 2026 20:02:33 GMT+0800 (China Standard Time),公开行情历史快照
000333.SZ,美的集团,2024-04-11,65.07,-0.1534,1239842.458,有行情,日线,Asia/Shanghai,2025-12-30T15:00:00+08:00,close为不复权；风险收益使用pct_chg÷100,千元,TuSharePro.daily,https://tushare.pro/document/1?doc_id=27,Fri Sep 04 2026 20:02:33 GMT+0800 (China Standard Time),公开行情历史快照
000858.SZ,五粮液,2024-04-11,142.34,-0.545,2264027.609,有行情,日线,Asia/Shanghai,2025-12-30T15:00:00+08:00,close为不复权；风险收益使用pct_chg÷100,千元,TuSharePro.daily,https://tushare.pro/document/1?doc_id=27,Fri Sep 04 2026 20:02:33 GMT+0800 (China Standard Time),公开行情历史快照
002594.SZ,比亚迪,2024-04-11,212.98,0.5381,2130444.828,有行情,日线,Asia/Shanghai,2025-12-30T15:00:00+08:00,close为不复权；风险收益使用pct_chg÷100,千元,TuSharePro.daily,https://tushare.pro/document/1?doc_id=27,Fri Sep 04 2026 20:02:33 GMT+0800 (China Standard Time),公开行情历史快照
300750.SZ,宁德时代,2024-04-11,192.6,-0.0726,3681659.228,有行情,日线,Asia/Shanghai,2025-12-30T15:00:00+08:00,close为不复权；风险收益使用pct_chg÷100,千元,TuSharePro.daily,https://tushare.pro/document/1?doc_id=27,Fri Sep 04 2026 20:02:33 GMT+0800 (China Standard Time),公开行情历史快照
600519.SH,贵州茅台,2024-04-11,1648.0,0.0012,3736417.595,有行情,日线,Asia/Shanghai,2025-12-30T15:00:00+08:00,close为不复权；风险收益使用pct_chg÷100,千元,TuSharePro.daily,https://tushare.pro/document/1?doc_id=27,Fri Sep 04 2026 20:02:33 GMT+0800 (China Standard Time),公开行情历史快照
601318.SH,中国平安,2024-04-11,38.95,-0.6378,1724750.105,有行情,日线,Asia/Shanghai,2025-12-30T15:00:00+08:00,close为不复权；风险收益使用pct_chg÷100,千元,TuSharePro.daily,https://tushare.pro/document/1?doc_id=27,Fri Sep 04 2026 20:02:33 GMT+0800 (China Standard Time),公开行情历史快照
000333.SZ,美的集团,2024-04-12,64.89,-0.2766,1414407.755,有行情,日线,Asia/Shanghai,2025-12-30T15:00:00+08:00,close为不复权；风险收益使用pct_chg÷100,千元,TuSharePro.daily,https://tushare.pro/document/1?doc_id=27,Fri Sep 04 2026 20:02:33 GMT+0800 (China Standard Time),公开行情历史快照
000858.SZ,五粮液,2024-04-12,140.49,-1.2997,1895837.989,有行情,日线,Asia/Shanghai,2025-12-30T15:00:00+08:00,close为不复权；风险收益使用pct_chg÷100,千元,TuSharePro.daily,https://tushare.pro/document/1?doc_id=27,Fri Sep 04 2026 20:02:33 GMT+0800 (China Standard Time),公开行情历史快照
002594.SZ,比亚迪,2024-04-12,210.6,-1.1175,2453371.047,有行情,日线,Asia/Shanghai,2025-12-30T15:00:00+08:00,close为不复权；风险收益使用pct_chg÷100,千元,TuSharePro.daily,https://tushare.pro/document/1?doc_id=27,Fri Sep 04 2026 20:02:33 GMT+0800 (China Standard Time),公开行情历史快照
300750.SZ,宁德时代,2024-04-12,188.39,-2.1859,3153751.599,有行情,日线,Asia/Shanghai,2025-12-30T15:00:00+08:00,close为不复权；风险收益使用pct_chg÷100,千元,TuSharePro.daily,https://tushare.pro/document/1?doc_id=27,Fri Sep 04 2026 20:02:33 GMT+0800 (China Standard Time),公开行情历史快照
600519.SH,贵州茅台,2024-04-12,1634.03,-0.8477,4403968.129,有行情,日线,Asia/Shanghai,2025-12-30T15:00:00+08:00,close为不复权；风险收益使用pct_chg÷100,千元,TuSharePro.daily,https://tushare.pro/document/1?doc_id=27,Fri Sep 04 2026 20:02:33 GMT+0800 (China Standard Time),公开行情历史快照
601318.SH,中国平安,2024-04-12,37.78,-3.0039,3503437.973,有行情,日线,Asia/Shanghai,2025-12-30T15:00:00+08:00,close为不复权；风险收益使用pct_chg÷100,千元,TuSharePro.daily,https://tushare.pro/document/1?doc_id=27,Fri Sep 04 2026 20:02:33 GMT+0800 (China Standard Time),公开行情历史快照
000333.SZ,美的集团,2024-04-15,66.84,3.0051,2102897.321,有行情,日线,Asia/Shanghai,2025-12-30T15:00:00+08:00,close为不复权；风险收益使用pct_chg÷100,千元,TuSharePro.daily,https://tushare.pro/document/1?doc_id=27,Fri Sep 04 2026 20:02:33 GMT+0800 (China Standard Time),公开行情历史快照
000858.SZ,五粮液,2024-04-15,147.32,4.8616,3701903.875,有行情,日线,Asia/Shanghai,2025-12-30T15:00:00+08:00,close为不复权；风险收益使用pct_chg÷100,千元,TuSharePro.daily,https://tushare.pro/document/1?doc_id=27,Fri Sep 04 2026 20:02:33 GMT+0800 (China Standard Time),公开行情历史快照
002594.SZ,比亚迪,2024-04-15,213.62,1.434,2418635.357,有行情,日线,Asia/Shanghai,2025-12-30T15:00:00+08:00,close为不复权；风险收益使用pct_chg÷100,千元,TuSharePro.daily,https://tushare.pro/document/1?doc_id=27,Fri Sep 04 2026 20:02:33 GMT+0800 (China Standard Time),公开行情历史快照
300750.SZ,宁德时代,2024-04-15,197.14,4.6446,5978911.501,有行情,日线,Asia/Shanghai,2025-12-30T15:00:00+08:00,close为不复权；风险收益使用pct_chg÷100,千元,TuSharePro.daily,https://tushare.pro/document/1?doc_id=27,Fri Sep 04 2026 20:02:33 GMT+0800 (China Standard Time),公开行情历史快照
600519.SH,贵州茅台,2024-04-15,1672.98,2.3837,5960815.532,有行情,日线,Asia/Shanghai,2025-12-30T15:00:00+08:00,close为不复权；风险收益使用pct_chg÷100,千元,TuSharePro.daily,https://tushare.pro/document/1?doc_id=27,Fri Sep 04 2026 20:02:33 GMT+0800 (China Standard Time),公开行情历史快照
601318.SH,中国平安,2024-04-15,38.36,1.5352,2953703.722,有行情,日线,Asia/Shanghai,2025-12-30T15:00:00+08:00,close为不复权；风险收益使用pct_chg÷100,千元,TuSharePro.daily,https://tushare.pro/document/1?doc_id=27,Fri Sep 04 2026 20:02:33 GMT+0800 (China Standard Time),公开行情历史快照
000333.SZ,美的集团,2024-04-16,68.31,2.1993,2659237.097,有行情,日线,Asia/Shanghai,2025-12-30T15:00:00+08:00,close为不复权；风险收益使用pct_chg÷100,千元,TuSharePro.daily,https://tushare.pro/document/1?doc_id=27,Fri Sep 04 2026 20:02:33 GMT+0800 (China Standard Time),公开行情历史快照
000858.SZ,五粮液,2024-04-16,144.97,-1.5952,1976125.483,有行情,日线,Asia/Shanghai,2025-12-30T15:00:00+08:00,close为不复权；风险收益使用pct_chg÷100,千元,TuSharePro.daily,https://tushare.pro/document/1?doc_id=27,Fri Sep 04 2026 20:02:33 GMT+0800 (China Standard Time),公开行情历史快照
002594.SZ,比亚迪,2024-04-16,211.63,-0.9316,2090984.65,有行情,日线,Asia/Shanghai,2025-12-30T15:00:00+08:00,close为不复权；风险收益使用pct_chg÷100,千元,TuSharePro.daily,https://tushare.pro/document/1?doc_id=27,Fri Sep 04 2026 20:02:33 GMT+0800 (China Standard Time),公开行情历史快照
300750.SZ,宁德时代,2024-04-16,197.15,0.0051,5450235.801,有行情,日线,Asia/Shanghai,2025-12-30T15:00:00+08:00,close为不复权；风险收益使用pct_chg÷100,千元,TuSharePro.daily,https://tushare.pro/document/1?doc_id=27,Fri Sep 04 2026 20:02:33 GMT+0800 (China Standard Time),公开行情历史快照
600519.SH,贵州茅台,2024-04-16,1670.0,-0.1781,4382796.962,有行情,日线,Asia/Shanghai,2025-12-30T15:00:00+08:00,close为不复权；风险收益使用pct_chg÷100,千元,TuSharePro.daily,https://tushare.pro/document/1?doc_id=27,Fri Sep 04 2026 20:02:33 GMT+0800 (China Standard Time),公开行情历史快照
601318.SH,中国平安,2024-04-16,38.28,-0.2086,2408876.665,有行情,日线,Asia/Shanghai,2025-12-30T15:00:00+08:00,close为不复权；风险收益使用pct_chg÷100,千元,TuSharePro.daily,https://tushare.pro/document/1?doc_id=27,Fri Sep 04 2026 20:02:33 GMT+0800 (China Standard Time),公开行情历史快照
000333.SZ,美的集团,2024-04-17,68.58,0.3953,1664966.38,有行情,日线,Asia/Shanghai,2025-12-30T15:00:00+08:00,close为不复权；风险收益使用pct_chg÷100,千元,TuSharePro.daily,https://tushare.pro/document/1?doc_id=27,Fri Sep 04 2026 20:02:33 GMT+0800 (China Standard Time),公开行情历史快照
000858.SZ,五粮液,2024-04-17,145.3,0.2276,1982007.044,有行情,日线,Asia/Shanghai,2025-12-30T15:00:00+08:00,close为不复权；风险收益使用pct_chg÷100,千元,TuSharePro.daily,https://tushare.pro/document/1?doc_id=27,Fri Sep 04 2026 20:02:33 GMT+0800 (China Standard Time),公开行情历史快照
002594.SZ,比亚迪,2024-04-17,213.0,0.6474,2046775.945,有行情,日线,Asia/Shanghai,2025-12-30T15:00:00+08:00,close为不复权；风险收益使用pct_chg÷100,千元,TuSharePro.daily,https://tushare.pro/document/1?doc_id=27,Fri Sep 04 2026 20:02:33 GMT+0800 (China Standard Time),公开行情历史快照
300750.SZ,宁德时代,2024-04-17,195.99,-0.5884,4211033.978,有行情,日线,Asia/Shanghai,2025-12-30T15:00:00+08:00,close为不复权；风险收益使用pct_chg÷100,千元,TuSharePro.daily,https://tushare.pro/document/1?doc_id=27,Fri Sep 04 2026 20:02:33 GMT+0800 (China Standard Time),公开行情历史快照
600519.SH,贵州茅台,2024-04-17,1667.0,-0.1796,4130322.018,有行情,日线,Asia/Shanghai,2025-12-30T15:00:00+08:00,close为不复权；风险收益使用pct_chg÷100,千元,TuSharePro.daily,https://tushare.pro/document/1?doc_id=27,Fri Sep 04 2026 20:02:33 GMT+0800 (China Standard Time),公开行情历史快照
601318.SH,中国平安,2024-04-17,38.95,1.7503,2294242.965,有行情,日线,Asia/Shanghai,2025-12-30T15:00:00+08:00,close为不复权；风险收益使用pct_chg÷100,千元,TuSharePro.daily,https://tushare.pro/document/1?doc_id=27,Fri Sep 04 2026 20:02:33 GMT+0800 (China Standard Time),公开行情历史快照
000333.SZ,美的集团,2024-04-18,70.0,2.0706,2777734.457,有行情,日线,Asia/Shanghai,2025-12-30T15:00:00+08:00,close为不复权；风险收益使用pct_chg÷100,千元,TuSharePro.daily,https://tushare.pro/document/1?doc_id=27,Fri Sep 04 2026 20:02:33 GMT+0800 (China Standard Time),公开行情历史快照
000858.SZ,五粮液,2024-04-18,144.98,-0.2202,2213439.017,有行情,日线,Asia/Shanghai,2025-12-30T15:00:00+08:00,close为不复权；风险收益使用pct_chg÷100,千元,TuSharePro.daily,https://tushare.pro/document/1?doc_id=27,Fri Sep 04 2026 20:02:33 GMT+0800 (China Standard Time),公开行情历史快照
002594.SZ,比亚迪,2024-04-18,213.6,0.2817,2863779.538,有行情,日线,Asia/Shanghai,2025-12-30T15:00:00+08:00,close为不复权；风险收益使用pct_chg÷100,千元,TuSharePro.daily,https://tushare.pro/document/1?doc_id=27,Fri Sep 04 2026 20:02:33 GMT+0800 (China Standard Time),公开行情历史快照
300750.SZ,宁德时代,2024-04-18,195.56,-0.2194,3808772.287,有行情,日线,Asia/Shanghai,2025-12-30T15:00:00+08:00,close为不复权；风险收益使用pct_chg÷100,千元,TuSharePro.daily,https://tushare.pro/document/1?doc_id=27,Fri Sep 04 2026 20:02:33 GMT+0800 (China Standard Time),公开行情历史快照
600519.SH,贵州茅台,2024-04-18,1670.78,0.2268,4445487.745,有行情,日线,Asia/Shanghai,2025-12-30T15:00:00+08:00,close为不复权；风险收益使用pct_chg÷100,千元,TuSharePro.daily,https://tushare.pro/document/1?doc_id=27,Fri Sep 04 2026 20:02:33 GMT+0800 (China Standard Time),公开行情历史快照
601318.SH,中国平安,2024-04-18,39.7,1.9255,3365907.681,有行情,日线,Asia/Shanghai,2025-12-30T15:00:00+08:00,close为不复权；风险收益使用pct_chg÷100,千元,TuSharePro.daily,https://tushare.pro/document/1?doc_id=27,Fri Sep 04 2026 20:02:33 GMT+0800 (China Standard Time),公开行情历史快照
000333.SZ,美的集团,2024-04-19,70.0,0.0,2017233.1,有行情,日线,Asia/Shanghai,2025-12-30T15:00:00+08:00,close为不复权；风险收益使用pct_chg÷100,千元,TuSharePro.daily,https://tushare.pro/document/1?doc_id=27,Fri Sep 04 2026 20:02:33 GMT+0800 (China Standard Time),公开行情历史快照
000858.SZ,五粮液,2024-04-19,142.9,-1.4347,1818608.488,有行情,日线,Asia/Shanghai,2025-12-30T15:00:00+08:00,close为不复权；风险收益使用pct_chg÷100,千元,TuSharePro.daily,https://tushare.pro/document/1?doc_id=27,Fri Sep 04 2026 20:02:33 GMT+0800 (China Standard Time),公开行情历史快照
002594.SZ,比亚迪,2024-04-19,210.13,-1.6245,2342512.356,有行情,日线,Asia/Shanghai,2025-12-30T15:00:00+08:00,close为不复权；风险收益使用pct_chg÷100,千元,TuSharePro.daily,https://tushare.pro/document/1?doc_id=27,Fri Sep 04 2026 20:02:33 GMT+0800 (China Standard Time),公开行情历史快照
300750.SZ,宁德时代,2024-04-19,190.8,-2.434,3533488.436,有行情,日线,Asia/Shanghai,2025-12-30T15:00:00+08:00,close为不复权；风险收益使用pct_chg÷100,千元,TuSharePro.daily,https://tushare.pro/document/1?doc_id=27,Fri Sep 04 2026 20:02:33 GMT+0800 (China Standard Time),公开行情历史快照
600519.SH,贵州茅台,2024-04-19,1646.64,-1.4448,3879233.242,有行情,日线,Asia/Shanghai,2025-12-30T15:00:00+08:00,close为不复权；风险收益使用pct_chg÷100,千元,TuSharePro.daily,https://tushare.pro/document/1?doc_id=27,Fri Sep 04 2026 20:02:33 GMT+0800 (China Standard Time),公开行情历史快照
601318.SH,中国平安,2024-04-19,39.42,-0.7053,1454378.302,有行情,日线,Asia/Shanghai,2025-12-30T15:00:00+08:00,close为不复权；风险收益使用pct_chg÷100,千元,TuSharePro.daily,https://tushare.pro/document/1?doc_id=27,Fri Sep 04 2026 20:02:33 GMT+0800 (China Standard Time),公开行情历史快照
000333.SZ,美的集团,2024-04-22,69.98,-0.0286,2032072.605,有行情,日线,Asia/Shanghai,2025-12-30T15:00:00+08:00,close为不复权；风险收益使用pct_chg÷100,千元,TuSharePro.daily,https://tushare.pro/document/1?doc_id=27,Fri Sep 04 2026 20:02:33 GMT+0800 (China Standard Time),公开行情历史快照
000858.SZ,五粮液,2024-04-22,144.56,1.1617,2035476.601,有行情,日线,Asia/Shanghai,2025-12-30T15:00:00+08:00,close为不复权；风险收益使用pct_chg÷100,千元,TuSharePro.daily,https://tushare.pro/document/1?doc_id=27,Fri Sep 04 2026 20:02:33 GMT+0800 (China Standard Time),公开行情历史快照
002594.SZ,比亚迪,2024-04-22,208.56,-0.7472,1353615.963,有行情,日线,Asia/Shanghai,2025-12-30T15:00:00+08:00,close为不复权；风险收益使用pct_chg÷100,千元,TuSharePro.daily,https://tushare.pro/document/1?doc_id=27,Fri Sep 04 2026 20:02:33 GMT+0800 (China Standard Time),公开行情历史快照
300750.SZ,宁德时代,2024-04-22,190.6,-0.1048,2903026.006,有行情,日线,Asia/Shanghai,2025-12-30T15:00:00+08:00,close为不复权；风险收益使用pct_chg÷100,千元,TuSharePro.daily,https://tushare.pro/document/1?doc_id=27,Fri Sep 04 2026 20:02:33 GMT+0800 (China Standard Time),公开行情历史快照
600519.SH,贵州茅台,2024-04-22,1675.06,1.7259,5001684.635,有行情,日线,Asia/Shanghai,2025-12-30T15:00:00+08:00,close为不复权；风险收益使用pct_chg÷100,千元,TuSharePro.daily,https://tushare.pro/document/1?doc_id=27,Fri Sep 04 2026 20:02:33 GMT+0800 (China Standard Time),公开行情历史快照
601318.SH,中国平安,2024-04-22,39.83,1.0401,1559348.109,有行情,日线,Asia/Shanghai,2025-12-30T15:00:00+08:00,close为不复权；风险收益使用pct_chg÷100,千元,TuSharePro.daily,https://tushare.pro/document/1?doc_id=27,Fri Sep 04 2026 20:02:33 GMT+0800 (China Standard Time),公开行情历史快照
000333.SZ,美的集团,2024-04-23,68.39,-2.2721,2605557.575,有行情,日线,Asia/Shanghai,2025-12-30T15:00:00+08:00,close为不复权；风险收益使用pct_chg÷100,千元,TuSharePro.daily,https://tushare.pro/document/1?doc_id=27,Fri Sep 04 2026 20:02:33 GMT+0800 (China Standard Time),公开行情历史快照
000858.SZ,五粮液,2024-04-23,147.03,1.7086,2507417.591,有行情,日线,Asia/Shanghai,2025-12-30T15:00:00+08:00,close为不复权；风险收益使用pct_chg÷100,千元,TuSharePro.daily,https://tushare.pro/document/1?doc_id=27,Fri Sep 04 2026 20:02:33 GMT+0800 (China Standard Time),公开行情历史快照
002594.SZ,比亚迪,2024-04-23,205.04,-1.6878,1793533.843,有行情,日线,Asia/Shanghai,2025-12-30T15:00:00+08:00,close为不复权；风险收益使用pct_chg÷100,千元,TuSharePro.daily,https://tushare.pro/document/1?doc_id=27,Fri Sep 04 2026 20:02:33 GMT+0800 (China Standard Time),公开行情历史快照
300750.SZ,宁德时代,2024-04-23,189.93,-0.3515,2113386.95,有行情,日线,Asia/Shanghai,2025-12-30T15:00:00+08:00,close为不复权；风险收益使用pct_chg÷100,千元,TuSharePro.daily,https://tushare.pro/document/1?doc_id=27,Fri Sep 04 2026 20:02:33 GMT+0800 (China Standard Time),公开行情历史快照
600519.SH,贵州茅台,2024-04-23,1692.28,1.028,4217855.279,有行情,日线,Asia/Shanghai,2025-12-30T15:00:00+08:00,close为不复权；风险收益使用pct_chg÷100,千元,TuSharePro.daily,https://tushare.pro/document/1?doc_id=27,Fri Sep 04 2026 20:02:33 GMT+0800 (China Standard Time),公开行情历史快照
601318.SH,中国平安,2024-04-23,39.89,0.1506,1367522.866,有行情,日线,Asia/Shanghai,2025-12-30T15:00:00+08:00,close为不复权；风险收益使用pct_chg÷100,千元,TuSharePro.daily,https://tushare.pro/document/1?doc_id=27,Fri Sep 04 2026 20:02:33 GMT+0800 (China Standard Time),公开行情历史快照
000333.SZ,美的集团,2024-04-24,67.9,-0.7165,2079963.046,有行情,日线,Asia/Shanghai,2025-12-30T15:00:00+08:00,close为不复权；风险收益使用pct_chg÷100,千元,TuSharePro.daily,https://tushare.pro/document/1?doc_id=27,Fri Sep 04 2026 20:02:33 GMT+0800 (China Standard Time),公开行情历史快照
000858.SZ,五粮液,2024-04-24,148.98,1.3263,2103883.224,有行情,日线,Asia/Shanghai,2025-12-30T15:00:00+08:00,close为不复权；风险收益使用pct_chg÷100,千元,TuSharePro.daily,https://tushare.pro/document/1?doc_id=27,Fri Sep 04 2026 20:02:33 GMT+0800 (China Standard Time),公开行情历史快照
002594.SZ,比亚迪,2024-04-24,207.42,1.1607,1546983.916,有行情,日线,Asia/Shanghai,2025-12-30T15:00:00+08:00,close为不复权；风险收益使用pct_chg÷100,千元,TuSharePro.daily,https://tushare.pro/document/1?doc_id=27,Fri Sep 04 2026 20:02:33 GMT+0800 (China Standard Time),公开行情历史快照
300750.SZ,宁德时代,2024-04-24,189.6,-0.1737,2865374.635,有行情,日线,Asia/Shanghai,2025-12-30T15:00:00+08:00,close为不复权；风险收益使用pct_chg÷100,千元,TuSharePro.daily,https://tushare.pro/document/1?doc_id=27,Fri Sep 04 2026 20:02:33 GMT+0800 (China Standard Time),公开行情历史快照
600519.SH,贵州茅台,2024-04-24,1693.6,0.078,2893555.635,有行情,日线,Asia/Shanghai,2025-12-30T15:00:00+08:00,close为不复权；风险收益使用pct_chg÷100,千元,TuSharePro.daily,https://tushare.pro/document/1?doc_id=27,Fri Sep 04 2026 20:02:33 GMT+0800 (China Standard Time),公开行情历史快照
601318.SH,中国平安,2024-04-24,40.6,1.7799,2226040.005,有行情,日线,Asia/Shanghai,2025-12-30T15:00:00+08:00,close为不复权；风险收益使用pct_chg÷100,千元,TuSharePro.daily,https://tushare.pro/document/1?doc_id=27,Fri Sep 04 2026 20:02:33 GMT+0800 (China Standard Time),公开行情历史快照
000333.SZ,美的集团,2024-04-25,68.24,0.5007,1500859.468,有行情,日线,Asia/Shanghai,2025-12-30T15:00:00+08:00,close为不复权；风险收益使用pct_chg÷100,千元,TuSharePro.daily,https://tushare.pro/document/1?doc_id=27,Fri Sep 04 2026 20:02:33 GMT+0800 (China Standard Time),公开行情历史快照
000858.SZ,五粮液,2024-04-25,148.98,0.0,1496358.808,有行情,日线,Asia/Shanghai,2025-12-30T15:00:00+08:00,close为不复权；风险收益使用pct_chg÷100,千元,TuSharePro.daily,https://tushare.pro/document/1?doc_id=27,Fri Sep 04 2026 20:02:33 GMT+0800 (China Standard Time),公开行情历史快照
002594.SZ,比亚迪,2024-04-25,208.94,0.7328,1980120.669,有行情,日线,Asia/Shanghai,2025-12-30T15:00:00+08:00,close为不复权；风险收益使用pct_chg÷100,千元,TuSharePro.daily,https://tushare.pro/document/1?doc_id=27,Fri Sep 04 2026 20:02:33 GMT+0800 (China Standard Time),公开行情历史快照
300750.SZ,宁德时代,2024-04-25,193.2,1.8987,3150746.112,有行情,日线,Asia/Shanghai,2025-12-30T15:00:00+08:00,close为不复权；风险收益使用pct_chg÷100,千元,TuSharePro.daily,https://tushare.pro/document/1?doc_id=27,Fri Sep 04 2026 20:02:33 GMT+0800 (China Standard Time),公开行情历史快照
600519.SH,贵州茅台,2024-04-25,1693.04,-0.0331,2447183.879,有行情,日线,Asia/Shanghai,2025-12-30T15:00:00+08:00,close为不复权；风险收益使用pct_chg÷100,千元,TuSharePro.daily,https://tushare.pro/document/1?doc_id=27,Fri Sep 04 2026 20:02:33 GMT+0800 (China Standard Time),公开行情历史快照
601318.SH,中国平安,2024-04-25,41.06,1.133,2379394.081,有行情,日线,Asia/Shanghai,2025-12-30T15:00:00+08:00,close为不复权；风险收益使用pct_chg÷100,千元,TuSharePro.daily,https://tushare.pro/document/1?doc_id=27,Fri Sep 04 2026 20:02:33 GMT+0800 (China Standard Time),公开行情历史快照
000333.SZ,美的集团,2024-04-26,68.37,0.1905,1650078.938,有行情,日线,Asia/Shanghai,2025-12-30T15:00:00+08:00,close为不复权；风险收益使用pct_chg÷100,千元,TuSharePro.daily,https://tushare.pro/document/1?doc_id=27,Fri Sep 04 2026 20:02:33 GMT+0800 (China Standard Time),公开行情历史快照
000858.SZ,五粮液,2024-04-26,152.25,2.1949,2719514.006,有行情,日线,Asia/Shanghai,2025-12-30T15:00:00+08:00,close为不复权；风险收益使用pct_chg÷100,千元,TuSharePro.daily,https://tushare.pro/document/1?doc_id=27,Fri Sep 04 2026 20:02:33 GMT+0800 (China Standard Time),公开行情历史快照
002594.SZ,比亚迪,2024-04-26,219.37,4.9919,5502292.294,有行情,日线,Asia/Shanghai,2025-12-30T15:00:00+08:00,close为不复权；风险收益使用pct_chg÷100,千元,TuSharePro.daily,https://tushare.pro/document/1?doc_id=27,Fri Sep 04 2026 20:02:33 GMT+0800 (China Standard Time),公开行情历史快照
300750.SZ,宁德时代,2024-04-26,198.48,2.7329,4413524.313,有行情,日线,Asia/Shanghai,2025-12-30T15:00:00+08:00,close为不复权；风险收益使用pct_chg÷100,千元,TuSharePro.daily,https://tushare.pro/document/1?doc_id=27,Fri Sep 04 2026 20:02:33 GMT+0800 (China Standard Time),公开行情历史快照
600519.SH,贵州茅台,2024-04-26,1709.43,0.9681,5290248.521,有行情,日线,Asia/Shanghai,2025-12-30T15:00:00+08:00,close为不复权；风险收益使用pct_chg÷100,千元,TuSharePro.daily,https://tushare.pro/document/1?doc_id=27,Fri Sep 04 2026 20:02:33 GMT+0800 (China Standard Time),公开行情历史快照
601318.SH,中国平安,2024-04-26,41.53,1.1447,2866574.033,有行情,日线,Asia/Shanghai,2025-12-30T15:00:00+08:00,close为不复权；风险收益使用pct_chg÷100,千元,TuSharePro.daily,https://tushare.pro/document/1?doc_id=27,Fri Sep 04 2026 20:02:33 GMT+0800 (China Standard Time),公开行情历史快照
000333.SZ,美的集团,2024-04-29,68.2,-0.2486,2264197.665,有行情,日线,Asia/Shanghai,2025-12-30T15:00:00+08:00,close为不复权；风险收益使用pct_chg÷100,千元,TuSharePro.daily,https://tushare.pro/document/1?doc_id=27,Fri Sep 04 2026 20:02:33 GMT+0800 (China Standard Time),公开行情历史快照
000858.SZ,五粮液,2024-04-29,151.75,-0.3284,4217464.059,有行情,日线,Asia/Shanghai,2025-12-30T15:00:00+08:00,close为不复权；风险收益使用pct_chg÷100,千元,TuSharePro.daily,https://tushare.pro/document/1?doc_id=27,Fri Sep 04 2026 20:02:33 GMT+0800 (China Standard Time),公开行情历史快照
002594.SZ,比亚迪,2024-04-29,221.38,0.9163,4256800.048,有行情,日线,Asia/Shanghai,2025-12-30T15:00:00+08:00,close为不复权；风险收益使用pct_chg÷100,千元,TuSharePro.daily,https://tushare.pro/document/1?doc_id=27,Fri Sep 04 2026 20:02:33 GMT+0800 (China Standard Time),公开行情历史快照
300750.SZ,宁德时代,2024-04-29,209.63,5.6177,9119637.969,有行情,日线,Asia/Shanghai,2025-12-30T15:00:00+08:00,close为不复权；风险收益使用pct_chg÷100,千元,TuSharePro.daily,https://tushare.pro/document/1?doc_id=27,Fri Sep 04 2026 20:02:33 GMT+0800 (China Standard Time),公开行情历史快照
600519.SH,贵州茅台,2024-04-29,1704.0,-0.3176,7072096.59,有行情,日线,Asia/Shanghai,2025-12-30T15:00:00+08:00,close为不复权；风险收益使用pct_chg÷100,千元,TuSharePro.daily,https://tushare.pro/document/1?doc_id=27,Fri Sep 04 2026 20:02:33 GMT+0800 (China Standard Time),公开行情历史快照
601318.SH,中国平安,2024-04-29,42.08,1.3243,3696991.24,有行情,日线,Asia/Shanghai,2025-12-30T15:00:00+08:00,close为不复权；风险收益使用pct_chg÷100,千元,TuSharePro.daily,https://tushare.pro/document/1?doc_id=27,Fri Sep 04 2026 20:02:33 GMT+0800 (China Standard Time),公开行情历史快照
000333.SZ,美的集团,2024-04-30,69.78,2.3167,3988190.598,有行情,日线,Asia/Shanghai,2025-12-30T15:00:00+08:00,close为不复权；风险收益使用pct_chg÷100,千元,TuSharePro.daily,https://tushare.pro/document/1?doc_id=27,Fri Sep 04 2026 20:02:33 GMT+0800 (China Standard Time),公开行情历史快照
000858.SZ,五粮液,2024-04-30,150.43,-0.8699,2359135.14,有行情,日线,Asia/Shanghai,2025-12-30T15:00:00+08:00,close为不复权；风险收益使用pct_chg÷100,千元,TuSharePro.daily,https://tushare.pro/document/1?doc_id=27,Fri Sep 04 2026 20:02:33 GMT+0800 (China Standard Time),公开行情历史快照
002594.SZ,比亚迪,2024-04-30,218.5,-1.3009,2542063.035,有行情,日线,Asia/Shanghai,2025-12-30T15:00:00+08:00,close为不复权；风险收益使用pct_chg÷100,千元,TuSharePro.daily,https://tushare.pro/document/1?doc_id=27,Fri Sep 04 2026 20:02:33 GMT+0800 (China Standard Time),公开行情历史快照
300750.SZ,宁德时代,2024-04-30,202.6,-0.9872,4377316.692,有行情,日线,Asia/Shanghai,2025-12-30T15:00:00+08:00,close为不复权；风险收益使用pct_chg÷100,千元,TuSharePro.daily,https://tushare.pro/document/1?doc_id=27,Fri Sep 04 2026 20:02:33 GMT+0800 (China Standard Time),公开行情历史快照
600519.SH,贵州茅台,2024-04-30,1705.0,0.0587,5273902.374,有行情,日线,Asia/Shanghai,2025-12-30T15:00:00+08:00,close为不复权；风险收益使用pct_chg÷100,千元,TuSharePro.daily,https://tushare.pro/document/1?doc_id=27,Fri Sep 04 2026 20:02:33 GMT+0800 (China Standard Time),公开行情历史快照
601318.SH,中国平安,2024-04-30,41.36,-1.711,2157456.541,有行情,日线,Asia/Shanghai,2025-12-30T15:00:00+08:00,close为不复权；风险收益使用pct_chg÷100,千元,TuSharePro.daily,https://tushare.pro/document/1?doc_id=27,Fri Sep 04 2026 20:02:33 GMT+0800 (China Standard Time),公开行情历史快照
000333.SZ,美的集团,2024-05-06,71.01,1.7627,3263609.833,有行情,日线,Asia/Shanghai,2025-12-30T15:00:00+08:00,close为不复权；风险收益使用pct_chg÷100,千元,TuSharePro.daily,https://tushare.pro/document/1?doc_id=27,Fri Sep 04 2026 20:02:33 GMT+0800 (China Standard Time),公开行情历史快照
000858.SZ,五粮液,2024-05-06,155.01,3.0446,4940155.161,有行情,日线,Asia/Shanghai,2025-12-30T15:00:00+08:00,close为不复权；风险收益使用pct_chg÷100,千元,TuSharePro.daily,https://tushare.pro/document/1?doc_id=27,Fri Sep 04 2026 20:02:33 GMT+0800 (China Standard Time),公开行情历史快照
002594.SZ,比亚迪,2024-05-06,226.3,3.5698,4226418.539,有行情,日线,Asia/Shanghai,2025-12-30T15:00:00+08:00,close为不复权；风险收益使用pct_chg÷100,千元,TuSharePro.daily,https://tushare.pro/document/1?doc_id=27,Fri Sep 04 2026 20:02:33 GMT+0800 (China Standard Time),公开行情历史快照
300750.SZ,宁德时代,2024-05-06,206.98,2.1619,5634660.01,有行情,日线,Asia/Shanghai,2025-12-30T15:00:00+08:00,close为不复权；风险收益使用pct_chg÷100,千元,TuSharePro.daily,https://tushare.pro/document/1?doc_id=27,Fri Sep 04 2026 20:02:33 GMT+0800 (China Standard Time),公开行情历史快照
600519.SH,贵州茅台,2024-05-06,1760.2,3.2375,10504351.712,有行情,日线,Asia/Shanghai,2025-12-30T15:00:00+08:00,close为不复权；风险收益使用pct_chg÷100,千元,TuSharePro.daily,https://tushare.pro/document/1?doc_id=27,Fri Sep 04 2026 20:02:33 GMT+0800 (China Standard Time),公开行情历史快照
601318.SH,中国平安,2024-05-06,42.49,2.7321,4554760.127,有行情,日线,Asia/Shanghai,2025-12-30T15:00:00+08:00,close为不复权；风险收益使用pct_chg÷100,千元,TuSharePro.daily,https://tushare.pro/document/1?doc_id=27,Fri Sep 04 2026 20:02:33 GMT+0800 (China Standard Time),公开行情历史快照
000333.SZ,美的集团,2024-05-07,71.1,0.1267,2176139.138,有行情,日线,Asia/Shanghai,2025-12-30T15:00:00+08:00,close为不复权；风险收益使用pct_chg÷100,千元,TuSharePro.daily,https://tushare.pro/document/1?doc_id=27,Fri Sep 04 2026 20:02:33 GMT+0800 (China Standard Time),公开行情历史快照
000858.SZ,五粮液,2024-05-07,155.94,0.6,2265634.112,有行情,日线,Asia/Shanghai,2025-12-30T15:00:00+08:00,close为不复权；风险收益使用pct_chg÷100,千元,TuSharePro.daily,https://tushare.pro/document/1?doc_id=27,Fri Sep 04 2026 20:02:33 GMT+0800 (China Standard Time),公开行情历史快照
002594.SZ,比亚迪,2024-05-07,229.88,1.582,3301364.34,有行情,日线,Asia/Shanghai,2025-12-30T15:00:00+08:00,close为不复权；风险收益使用pct_chg÷100,千元,TuSharePro.daily,https://tushare.pro/document/1?doc_id=27,Fri Sep 04 2026 20:02:33 GMT+0800 (China Standard Time),公开行情历史快照
300750.SZ,宁德时代,2024-05-07,206.88,-0.0483,2722386.148,有行情,日线,Asia/Shanghai,2025-12-30T15:00:00+08:00,close为不复权；风险收益使用pct_chg÷100,千元,TuSharePro.daily,https://tushare.pro/document/1?doc_id=27,Fri Sep 04 2026 20:02:33 GMT+0800 (China Standard Time),公开行情历史快照
600519.SH,贵州茅台,2024-05-07,1770.0,0.5568,4413196.426,有行情,日线,Asia/Shanghai,2025-12-30T15:00:00+08:00,close为不复权；风险收益使用pct_chg÷100,千元,TuSharePro.daily,https://tushare.pro/document/1?doc_id=27,Fri Sep 04 2026 20:02:33 GMT+0800 (China Standard Time),公开行情历史快照
601318.SH,中国平安,2024-05-07,42.59,0.2353,2249302.993,有行情,日线,Asia/Shanghai,2025-12-30T15:00:00+08:00,close为不复权；风险收益使用pct_chg÷100,千元,TuSharePro.daily,https://tushare.pro/document/1?doc_id=27,Fri Sep 04 2026 20:02:33 GMT+0800 (China Standard Time),公开行情历史快照
000333.SZ,美的集团,2024-05-08,70.75,-0.4923,1252248.295,有行情,日线,Asia/Shanghai,2025-12-30T15:00:00+08:00,close为不复权；风险收益使用pct_chg÷100,千元,TuSharePro.daily,https://tushare.pro/document/1?doc_id=27,Fri Sep 04 2026 20:02:33 GMT+0800 (China Standard Time),公开行情历史快照
000858.SZ,五粮液,2024-05-08,155.0,-0.6028,1567926.317,有行情,日线,Asia/Shanghai,2025-12-30T15:00:00+08:00,close为不复权；风险收益使用pct_chg÷100,千元,TuSharePro.daily,https://tushare.pro/document/1?doc_id=27,Fri Sep 04 2026 20:02:33 GMT+0800 (China Standard Time),公开行情历史快照
002594.SZ,比亚迪,2024-05-08,226.23,-1.5878,2070673.827,有行情,日线,Asia/Shanghai,2025-12-30T15:00:00+08:00,close为不复权；风险收益使用pct_chg÷100,千元,TuSharePro.daily,https://tushare.pro/document/1?doc_id=27,Fri Sep 04 2026 20:02:33 GMT+0800 (China Standard Time),公开行情历史快照
300750.SZ,宁德时代,2024-05-08,203.23,-1.7643,2544539.626,有行情,日线,Asia/Shanghai,2025-12-30T15:00:00+08:00,close为不复权；风险收益使用pct_chg÷100,千元,TuSharePro.daily,https://tushare.pro/document/1?doc_id=27,Fri Sep 04 2026 20:02:33 GMT+0800 (China Standard Time),公开行情历史快照
600519.SH,贵州茅台,2024-05-08,1763.97,-0.3407,2603293.863,有行情,日线,Asia/Shanghai,2025-12-30T15:00:00+08:00,close为不复权；风险收益使用pct_chg÷100,千元,TuSharePro.daily,https://tushare.pro/document/1?doc_id=27,Fri Sep 04 2026 20:02:33 GMT+0800 (China Standard Time),公开行情历史快照
601318.SH,中国平安,2024-05-08,41.95,-1.5027,1888701.756,有行情,日线,Asia/Shanghai,2025-12-30T15:00:00+08:00,close为不复权；风险收益使用pct_chg÷100,千元,TuSharePro.daily,https://tushare.pro/document/1?doc_id=27,Fri Sep 04 2026 20:02:33 GMT+0800 (China Standard Time),公开行情历史快照
000333.SZ,美的集团,2024-05-09,71.85,1.5548,2046734.81,有行情,日线,Asia/Shanghai,2025-12-30T15:00:00+08:00,close为不复权；风险收益使用pct_chg÷100,千元,TuSharePro.daily,https://tushare.pro/document/1?doc_id=27,Fri Sep 04 2026 20:02:33 GMT+0800 (China Standard Time),公开行情历史快照
000858.SZ,五粮液,2024-05-09,154.84,-0.1032,1750315.447,有行情,日线,Asia/Shanghai,2025-12-30T15:00:00+08:00,close为不复权；风险收益使用pct_chg÷100,千元,TuSharePro.daily,https://tushare.pro/document/1?doc_id=27,Fri Sep 04 2026 20:02:33 GMT+0800 (China Standard Time),公开行情历史快照
002594.SZ,比亚迪,2024-05-09,228.15,0.8487,1796491.173,有行情,日线,Asia/Shanghai,2025-12-30T15:00:00+08:00,close为不复权；风险收益使用pct_chg÷100,千元,TuSharePro.daily,https://tushare.pro/document/1?doc_id=27,Fri Sep 04 2026 20:02:33 GMT+0800 (China Standard Time),公开行情历史快照
300750.SZ,宁德时代,2024-05-09,209.4,3.036,4575999.96,有行情,日线,Asia/Shanghai,2025-12-30T15:00:00+08:00,close为不复权；风险收益使用pct_chg÷100,千元,TuSharePro.daily,https://tushare.pro/document/1?doc_id=27,Fri Sep 04 2026 20:02:33 GMT+0800 (China Standard Time),公开行情历史快照
600519.SH,贵州茅台,2024-05-09,1756.0,-0.4518,3929804.849,有行情,日线,Asia/Shanghai,2025-12-30T15:00:00+08:00,close为不复权；风险收益使用pct_chg÷100,千元,TuSharePro.daily,https://tushare.pro/document/1?doc_id=27,Fri Sep 04 2026 20:02:33 GMT+0800 (China Standard Time),公开行情历史快照
601318.SH,中国平安,2024-05-09,42.34,0.9297,1749774.912,有行情,日线,Asia/Shanghai,2025-12-30T15:00:00+08:00,close为不复权；风险收益使用pct_chg÷100,千元,TuSharePro.daily,https://tushare.pro/document/1?doc_id=27,Fri Sep 04 2026 20:02:33 GMT+0800 (China Standard Time),公开行情历史快照
000333.SZ,美的集团,2024-05-10,71.88,0.0418,1616063.316,有行情,日线,Asia/Shanghai,2025-12-30T15:00:00+08:00,close为不复权；风险收益使用pct_chg÷100,千元,TuSharePro.daily,https://tushare.pro/document/1?doc_id=27,Fri Sep 04 2026 20:02:33 GMT+0800 (China Standard Time),公开行情历史快照
000858.SZ,五粮液,2024-05-10,154.43,-0.2648,1579216.046,有行情,日线,Asia/Shanghai,2025-12-30T15:00:00+08:00,close为不复权；风险收益使用pct_chg÷100,千元,TuSharePro.daily,https://tushare.pro/document/1?doc_id=27,Fri Sep 04 2026 20:02:33 GMT+0800 (China Standard Time),公开行情历史快照
002594.SZ,比亚迪,2024-05-10,227.8,-0.1534,1833828.036,有行情,日线,Asia/Shanghai,2025-12-30T15:00:00+08:00,close为不复权；风险收益使用pct_chg÷100,千元,TuSharePro.daily,https://tushare.pro/document/1?doc_id=27,Fri Sep 04 2026 20:02:33 GMT+0800 (China Standard Time),公开行情历史快照
300750.SZ,宁德时代,2024-05-10,203.5,-2.8176,4675581.9,有行情,日线,Asia/Shanghai,2025-12-30T15:00:00+08:00,close为不复权；风险收益使用pct_chg÷100,千元,TuSharePro.daily,https://tushare.pro/document/1?doc_id=27,Fri Sep 04 2026 20:02:33 GMT+0800 (China Standard Time),公开行情历史快照
600519.SH,贵州茅台,2024-05-10,1738.98,-0.9692,4571398.242,有行情,日线,Asia/Shanghai,2025-12-30T15:00:00+08:00,close为不复权；风险收益使用pct_chg÷100,千元,TuSharePro.daily,https://tushare.pro/document/1?doc_id=27,Fri Sep 04 2026 20:02:33 GMT+0800 (China Standard Time),公开行情历史快照
601318.SH,中国平安,2024-05-10,42.93,1.3935,2906706.22,有行情,日线,Asia/Shanghai,2025-12-30T15:00:00+08:00,close为不复权；风险收益使用pct_chg÷100,千元,TuSharePro.daily,https://tushare.pro/document/1?doc_id=27,Fri Sep 04 2026 20:02:33 GMT+0800 (China Standard Time),公开行情历史快照
000333.SZ,美的集团,2024-05-13,72.71,1.1547,1965130.433,有行情,日线,Asia/Shanghai,2025-12-30T15:00:00+08:00,close为不复权；风险收益使用pct_chg÷100,千元,TuSharePro.daily,https://tushare.pro/document/1?doc_id=27,Fri Sep 04 2026 20:02:33 GMT+0800 (China Standard Time),公开行情历史快照
000858.SZ,五粮液,2024-05-13,151.1,-2.1563,2608851.173,有行情,日线,Asia/Shanghai,2025-12-30T15:00:00+08:00,close为不复权；风险收益使用pct_chg÷100,千元,TuSharePro.daily,https://tushare.pro/document/1?doc_id=27,Fri Sep 04 2026 20:02:33 GMT+0800 (China Standard Time),公开行情历史快照
002594.SZ,比亚迪,2024-05-13,225.7,-0.9219,1857506.899,有行情,日线,Asia/Shanghai,2025-12-30T15:00:00+08:00,close为不复权；风险收益使用pct_chg÷100,千元,TuSharePro.daily,https://tushare.pro/document/1?doc_id=27,Fri Sep 04 2026 20:02:33 GMT+0800 (China Standard Time),公开行情历史快照
300750.SZ,宁德时代,2024-05-13,199.35,-2.0393,4425713.328,有行情,日线,Asia/Shanghai,2025-12-30T15:00:00+08:00,close为不复权；风险收益使用pct_chg÷100,千元,TuSharePro.daily,https://tushare.pro/document/1?doc_id=27,Fri Sep 04 2026 20:02:33 GMT+0800 (China Standard Time),公开行情历史快照
600519.SH,贵州茅台,2024-05-13,1706.0,-1.8965,6435415.674,有行情,日线,Asia/Shanghai,2025-12-30T15:00:00+08:00,close为不复权；风险收益使用pct_chg÷100,千元,TuSharePro.daily,https://tushare.pro/document/1?doc_id=27,Fri Sep 04 2026 20:02:33 GMT+0800 (China Standard Time),公开行情历史快照
601318.SH,中国平安,2024-05-13,42.65,-0.6522,2098243.664,有行情,日线,Asia/Shanghai,2025-12-30T15:00:00+08:00,close为不复权；风险收益使用pct_chg÷100,千元,TuSharePro.daily,https://tushare.pro/document/1?doc_id=27,Fri Sep 04 2026 20:02:33 GMT+0800 (China Standard Time),公开行情历史快照
000333.SZ,美的集团,2024-05-14,70.84,-2.5719,2827063.811,有行情,日线,Asia/Shanghai,2025-12-30T15:00:00+08:00,close为不复权；风险收益使用pct_chg÷100,千元,TuSharePro.daily,https://tushare.pro/document/1?doc_id=27,Fri Sep 04 2026 20:02:33 GMT+0800 (China Standard Time),公开行情历史快照
000858.SZ,五粮液,2024-05-14,151.34,0.1588,1713073.765,有行情,日线,Asia/Shanghai,2025-12-30T15:00:00+08:00,close为不复权；风险收益使用pct_chg÷100,千元,TuSharePro.daily,https://tushare.pro/document/1?doc_id=27,Fri Sep 04 2026 20:02:33 GMT+0800 (China Standard Time),公开行情历史快照
002594.SZ,比亚迪,2024-05-14,224.91,-0.35,1414943.425,有行情,日线,Asia/Shanghai,2025-12-30T15:00:00+08:00,close为不复权；风险收益使用pct_chg÷100,千元,TuSharePro.daily,https://tushare.pro/document/1?doc_id=27,Fri Sep 04 2026 20:02:33 GMT+0800 (China Standard Time),公开行情历史快照
300750.SZ,宁德时代,2024-05-14,199.01,-0.1706,2131826.964,有行情,日线,Asia/Shanghai,2025-12-30T15:00:00+08:00,close为不复权；风险收益使用pct_chg÷100,千元,TuSharePro.daily,https://tushare.pro/document/1?doc_id=27,Fri Sep 04 2026 20:02:33 GMT+0800 (China Standard Time),公开行情历史快照
600519.SH,贵州茅台,2024-05-14,1701.98,-0.2356,3623282.672,有行情,日线,Asia/Shanghai,2025-12-30T15:00:00+08:00,close为不复权；风险收益使用pct_chg÷100,千元,TuSharePro.daily,https://tushare.pro/document/1?doc_id=27,Fri Sep 04 2026 20:02:33 GMT+0800 (China Standard Time),公开行情历史快照
601318.SH,中国平安,2024-05-14,42.31,-0.7972,1679884.656,有行情,日线,Asia/Shanghai,2025-12-30T15:00:00+08:00,close为不复权；风险收益使用pct_chg÷100,千元,TuSharePro.daily,https://tushare.pro/document/1?doc_id=27,Fri Sep 04 2026 20:02:33 GMT+0800 (China Standard Time),公开行情历史快照
000333.SZ,美的集团,2024-05-15,69.76,2.7999,2090761.786,有行情,日线,Asia/Shanghai,2025-12-30T15:00:00+08:00,close为不复权；风险收益使用pct_chg÷100,千元,TuSharePro.daily,https://tushare.pro/document/1?doc_id=27,Fri Sep 04 2026 20:02:33 GMT+0800 (China Standard Time),公开行情历史快照
000858.SZ,五粮液,2024-05-15,151.37,0.0198,1186554.217,有行情,日线,Asia/Shanghai,2025-12-30T15:00:00+08:00,close为不复权；风险收益使用pct_chg÷100,千元,TuSharePro.daily,https://tushare.pro/document/1?doc_id=27,Fri Sep 04 2026 20:02:33 GMT+0800 (China Standard Time),公开行情历史快照
002594.SZ,比亚迪,2024-05-15,219.14,-2.5655,2204936.673,有行情,日线,Asia/Shanghai,2025-12-30T15:00:00+08:00,close为不复权；风险收益使用pct_chg÷100,千元,TuSharePro.daily,https://tushare.pro/document/1?doc_id=27,Fri Sep 04 2026 20:02:33 GMT+0800 (China Standard Time),公开行情历史快照
300750.SZ,宁德时代,2024-05-15,197.89,-0.5628,2607766.832,有行情,日线,Asia/Shanghai,2025-12-30T15:00:00+08:00,close为不复权；风险收益使用pct_chg÷100,千元,TuSharePro.daily,https://tushare.pro/document/1?doc_id=27,Fri Sep 04 2026 20:02:33 GMT+0800 (China Standard Time),公开行情历史快照
600519.SH,贵州茅台,2024-05-15,1700.0,-0.1163,2677203.002,有行情,日线,Asia/Shanghai,2025-12-30T15:00:00+08:00,close为不复权；风险收益使用pct_chg÷100,千元,TuSharePro.daily,https://tushare.pro/document/1?doc_id=27,Fri Sep 04 2026 20:02:33 GMT+0800 (China Standard Time),公开行情历史快照
601318.SH,中国平安,2024-05-15,41.84,-1.1108,1673203.919,有行情,日线,Asia/Shanghai,2025-12-30T15:00:00+08:00,close为不复权；风险收益使用pct_chg÷100,千元,TuSharePro.daily,https://tushare.pro/document/1?doc_id=27,Fri Sep 04 2026 20:02:33 GMT+0800 (China Standard Time),公开行情历史快照
000333.SZ,美的集团,2024-05-16,69.34,-0.6021,1703048.548,有行情,日线,Asia/Shanghai,2025-12-30T15:00:00+08:00,close为不复权；风险收益使用pct_chg÷100,千元,TuSharePro.daily,https://tushare.pro/document/1?doc_id=27,Fri Sep 04 2026 20:02:33 GMT+0800 (China Standard Time),公开行情历史快照
000858.SZ,五粮液,2024-05-16,154.05,1.7705,2289335.629,有行情,日线,Asia/Shanghai,2025-12-30T15:00:00+08:00,close为不复权；风险收益使用pct_chg÷100,千元,TuSharePro.daily,https://tushare.pro/document/1?doc_id=27,Fri Sep 04 2026 20:02:33 GMT+0800 (China Standard Time),公开行情历史快照
002594.SZ,比亚迪,2024-05-16,218.31,-0.3788,1901165.662,有行情,日线,Asia/Shanghai,2025-12-30T15:00:00+08:00,close为不复权；风险收益使用pct_chg÷100,千元,TuSharePro.daily,https://tushare.pro/document/1?doc_id=27,Fri Sep 04 2026 20:02:33 GMT+0800 (China Standard Time),公开行情历史快照
300750.SZ,宁德时代,2024-05-16,199.67,0.8995,3065019.509,有行情,日线,Asia/Shanghai,2025-12-30T15:00:00+08:00,close为不复权；风险收益使用pct_chg÷100,千元,TuSharePro.daily,https://tushare.pro/document/1?doc_id=27,Fri Sep 04 2026 20:02:33 GMT+0800 (China Standard Time),公开行情历史快照
600519.SH,贵州茅台,2024-05-16,1704.5,0.2647,5048754.769,有行情,日线,Asia/Shanghai,2025-12-30T15:00:00+08:00,close为不复权；风险收益使用pct_chg÷100,千元,TuSharePro.daily,https://tushare.pro/document/1?doc_id=27,Fri Sep 04 2026 20:02:33 GMT+0800 (China Standard Time),公开行情历史快照
601318.SH,中国平安,2024-05-16,43.05,2.892,4003945.956,有行情,日线,Asia/Shanghai,2025-12-30T15:00:00+08:00,close为不复权；风险收益使用pct_chg÷100,千元,TuSharePro.daily,https://tushare.pro/document/1?doc_id=27,Fri Sep 04 2026 20:02:33 GMT+0800 (China Standard Time),公开行情历史快照
000333.SZ,美的集团,2024-05-17,68.03,-1.8892,2828611.123,有行情,日线,Asia/Shanghai,2025-12-30T15:00:00+08:00,close为不复权；风险收益使用pct_chg÷100,千元,TuSharePro.daily,https://tushare.pro/document/1?doc_id=27,Fri Sep 04 2026 20:02:33 GMT+0800 (China Standard Time),公开行情历史快照
000858.SZ,五粮液,2024-05-17,156.41,1.532,2509981.114,有行情,日线,Asia/Shanghai,2025-12-30T15:00:00+08:00,close为不复权；风险收益使用pct_chg÷100,千元,TuSharePro.daily,https://tushare.pro/document/1?doc_id=27,Fri Sep 04 2026 20:02:33 GMT+0800 (China Standard Time),公开行情历史快照
002594.SZ,比亚迪,2024-05-17,219.59,0.5863,1564639.158,有行情,日线,Asia/Shanghai,2025-12-30T15:00:00+08:00,close为不复权；风险收益使用pct_chg÷100,千元,TuSharePro.daily,https://tushare.pro/document/1?doc_id=27,Fri Sep 04 2026 20:02:33 GMT+0800 (China Standard Time),公开行情历史快照
300750.SZ,宁德时代,2024-05-17,203.0,1.6678,3727316.446,有行情,日线,Asia/Shanghai,2025-12-30T15:00:00+08:00,close为不复权；风险收益使用pct_chg÷100,千元,TuSharePro.daily,https://tushare.pro/document/1?doc_id=27,Fri Sep 04 2026 20:02:33 GMT+0800 (China Standard Time),公开行情历史快照
600519.SH,贵州茅台,2024-05-17,1715.0,0.616,4936920.634,有行情,日线,Asia/Shanghai,2025-12-30T15:00:00+08:00,close为不复权；风险收益使用pct_chg÷100,千元,TuSharePro.daily,https://tushare.pro/document/1?doc_id=27,Fri Sep 04 2026 20:02:33 GMT+0800 (China Standard Time),公开行情历史快照
601318.SH,中国平安,2024-05-17,45.2,4.9942,8380485.073,有行情,日线,Asia/Shanghai,2025-12-30T15:00:00+08:00,close为不复权；风险收益使用pct_chg÷100,千元,TuSharePro.daily,https://tushare.pro/document/1?doc_id=27,Fri Sep 04 2026 20:02:33 GMT+0800 (China Standard Time),公开行情历史快照
000333.SZ,美的集团,2024-05-20,66.57,-2.1461,2846862.349,有行情,日线,Asia/Shanghai,2025-12-30T15:00:00+08:00,close为不复权；风险收益使用pct_chg÷100,千元,TuSharePro.daily,https://tushare.pro/document/1?doc_id=27,Fri Sep 04 2026 20:02:33 GMT+0800 (China Standard Time),公开行情历史快照
000858.SZ,五粮液,2024-05-20,157.3,0.569,3066112.976,有行情,日线,Asia/Shanghai,2025-12-30T15:00:00+08:00,close为不复权；风险收益使用pct_chg÷100,千元,TuSharePro.daily,https://tushare.pro/document/1?doc_id=27,Fri Sep 04 2026 20:02:33 GMT+0800 (China Standard Time),公开行情历史快照
002594.SZ,比亚迪,2024-05-20,222.87,1.4937,1688534.368,有行情,日线,Asia/Shanghai,2025-12-30T15:00:00+08:00,close为不复权；风险收益使用pct_chg÷100,千元,TuSharePro.daily,https://tushare.pro/document/1?doc_id=27,Fri Sep 04 2026 20:02:33 GMT+0800 (China Standard Time),公开行情历史快照
300750.SZ,宁德时代,2024-05-20,203.45,0.2217,4083626.153,有行情,日线,Asia/Shanghai,2025-12-30T15:00:00+08:00,close为不复权；风险收益使用pct_chg÷100,千元,TuSharePro.daily,https://tushare.pro/document/1?doc_id=27,Fri Sep 04 2026 20:02:33 GMT+0800 (China Standard Time),公开行情历史快照
600519.SH,贵州茅台,2024-05-20,1709.0,-0.3499,5401389.335,有行情,日线,Asia/Shanghai,2025-12-30T15:00:00+08:00,close为不复权；风险收益使用pct_chg÷100,千元,TuSharePro.daily,https://tushare.pro/document/1?doc_id=27,Fri Sep 04 2026 20:02:33 GMT+0800 (China Standard Time),公开行情历史快照
601318.SH,中国平安,2024-05-20,45.46,0.5752,6725122.982,有行情,日线,Asia/Shanghai,2025-12-30T15:00:00+08:00,close为不复权；风险收益使用pct_chg÷100,千元,TuSharePro.daily,https://tushare.pro/document/1?doc_id=27,Fri Sep 04 2026 20:02:33 GMT+0800 (China Standard Time),公开行情历史快照
000333.SZ,美的集团,2024-05-21,66.55,-0.03,1626841.822,有行情,日线,Asia/Shanghai,2025-12-30T15:00:00+08:00,close为不复权；风险收益使用pct_chg÷100,千元,TuSharePro.daily,https://tushare.pro/document/1?doc_id=27,Fri Sep 04 2026 20:02:33 GMT+0800 (China Standard Time),公开行情历史快照
000858.SZ,五粮液,2024-05-21,156.54,-0.4832,1374785.553,有行情,日线,Asia/Shanghai,2025-12-30T15:00:00+08:00,close为不复权；风险收益使用pct_chg÷100,千元,TuSharePro.daily,https://tushare.pro/document/1?doc_id=27,Fri Sep 04 2026 20:02:33 GMT+0800 (China Standard Time),公开行情历史快照
002594.SZ,比亚迪,2024-05-21,218.78,-1.8352,1838619.341,有行情,日线,Asia/Shanghai,2025-12-30T15:00:00+08:00,close为不复权；风险收益使用pct_chg÷100,千元,TuSharePro.daily,https://tushare.pro/document/1?doc_id=27,Fri Sep 04 2026 20:02:33 GMT+0800 (China Standard Time),公开行情历史快照
300750.SZ,宁德时代,2024-05-21,201.56,-0.929,2480343.31,有行情,日线,Asia/Shanghai,2025-12-30T15:00:00+08:00,close为不复权；风险收益使用pct_chg÷100,千元,TuSharePro.daily,https://tushare.pro/document/1?doc_id=27,Fri Sep 04 2026 20:02:33 GMT+0800 (China Standard Time),公开行情历史快照
600519.SH,贵州茅台,2024-05-21,1705.0,-0.2341,2776847.499,有行情,日线,Asia/Shanghai,2025-12-30T15:00:00+08:00,close为不复权；风险收益使用pct_chg÷100,千元,TuSharePro.daily,https://tushare.pro/document/1?doc_id=27,Fri Sep 04 2026 20:02:33 GMT+0800 (China Standard Time),公开行情历史快照
601318.SH,中国平安,2024-05-21,45.4,-0.132,2495802.388,有行情,日线,Asia/Shanghai,2025-12-30T15:00:00+08:00,close为不复权；风险收益使用pct_chg÷100,千元,TuSharePro.daily,https://tushare.pro/document/1?doc_id=27,Fri Sep 04 2026 20:02:33 GMT+0800 (China Standard Time),公开行情历史快照
000333.SZ,美的集团,2024-05-22,65.41,-1.713,1715205.332,有行情,日线,Asia/Shanghai,2025-12-30T15:00:00+08:00,close为不复权；风险收益使用pct_chg÷100,千元,TuSharePro.daily,https://tushare.pro/document/1?doc_id=27,Fri Sep 04 2026 20:02:33 GMT+0800 (China Standard Time),公开行情历史快照
000858.SZ,五粮液,2024-05-22,155.12,-0.9071,1682580.309,有行情,日线,Asia/Shanghai,2025-12-30T15:00:00+08:00,close为不复权；风险收益使用pct_chg÷100,千元,TuSharePro.daily,https://tushare.pro/document/1?doc_id=27,Fri Sep 04 2026 20:02:33 GMT+0800 (China Standard Time),公开行情历史快照
002594.SZ,比亚迪,2024-05-22,216.92,-0.8502,1916325.81,有行情,日线,Asia/Shanghai,2025-12-30T15:00:00+08:00,close为不复权；风险收益使用pct_chg÷100,千元,TuSharePro.daily,https://tushare.pro/document/1?doc_id=27,Fri Sep 04 2026 20:02:33 GMT+0800 (China Standard Time),公开行情历史快照
300750.SZ,宁德时代,2024-05-22,204.89,1.6521,5153120.079,有行情,日线,Asia/Shanghai,2025-12-30T15:00:00+08:00,close为不复权；风险收益使用pct_chg÷100,千元,TuSharePro.daily,https://tushare.pro/document/1?doc_id=27,Fri Sep 04 2026 20:02:33 GMT+0800 (China Standard Time),公开行情历史快照
600519.SH,贵州茅台,2024-05-22,1697.71,-0.4276,3443977.767,有行情,日线,Asia/Shanghai,2025-12-30T15:00:00+08:00,close为不复权；风险收益使用pct_chg÷100,千元,TuSharePro.daily,https://tushare.pro/document/1?doc_id=27,Fri Sep 04 2026 20:02:33 GMT+0800 (China Standard Time),公开行情历史快照
601318.SH,中国平安,2024-05-22,45.4,0.0,3432737.426,有行情,日线,Asia/Shanghai,2025-12-30T15:00:00+08:00,close为不复权；风险收益使用pct_chg÷100,千元,TuSharePro.daily,https://tushare.pro/document/1?doc_id=27,Fri Sep 04 2026 20:02:33 GMT+0800 (China Standard Time),公开行情历史快照
000333.SZ,美的集团,2024-05-23,65.74,0.5045,1582459.055,有行情,日线,Asia/Shanghai,2025-12-30T15:00:00+08:00,close为不复权；风险收益使用pct_chg÷100,千元,TuSharePro.daily,https://tushare.pro/document/1?doc_id=27,Fri Sep 04 2026 20:02:33 GMT+0800 (China Standard Time),公开行情历史快照
000858.SZ,五粮液,2024-05-23,153.6,-0.9799,1383814.57,有行情,日线,Asia/Shanghai,2025-12-30T15:00:00+08:00,close为不复权；风险收益使用pct_chg÷100,千元,TuSharePro.daily,https://tushare.pro/document/1?doc_id=27,Fri Sep 04 2026 20:02:33 GMT+0800 (China Standard Time),公开行情历史快照
002594.SZ,比亚迪,2024-05-23,214.95,-0.9082,1336506.237,有行情,日线,Asia/Shanghai,2025-12-30T15:00:00+08:00,close为不复权；风险收益使用pct_chg÷100,千元,TuSharePro.daily,https://tushare.pro/document/1?doc_id=27,Fri Sep 04 2026 20:02:33 GMT+0800 (China Standard Time),公开行情历史快照
300750.SZ,宁德时代,2024-05-23,204.34,-0.2684,3602986.569,有行情,日线,Asia/Shanghai,2025-12-30T15:00:00+08:00,close为不复权；风险收益使用pct_chg÷100,千元,TuSharePro.daily,https://tushare.pro/document/1?doc_id=27,Fri Sep 04 2026 20:02:33 GMT+0800 (China Standard Time),公开行情历史快照
600519.SH,贵州茅台,2024-05-23,1692.01,-0.3357,3199923.32,有行情,日线,Asia/Shanghai,2025-12-30T15:00:00+08:00,close为不复权；风险收益使用pct_chg÷100,千元,TuSharePro.daily,https://tushare.pro/document/1?doc_id=27,Fri Sep 04 2026 20:02:33 GMT+0800 (China Standard Time),公开行情历史快照
601318.SH,中国平安,2024-05-23,44.78,-1.3656,2847873.001,有行情,日线,Asia/Shanghai,2025-12-30T15:00:00+08:00,close为不复权；风险收益使用pct_chg÷100,千元,TuSharePro.daily,https://tushare.pro/document/1?doc_id=27,Fri Sep 04 2026 20:02:33 GMT+0800 (China Standard Time),公开行情历史快照
000333.SZ,美的集团,2024-05-24,66.62,1.3386,1724580.967,有行情,日线,Asia/Shanghai,2025-12-30T15:00:00+08:00,close为不复权；风险收益使用pct_chg÷100,千元,TuSharePro.daily,https://tushare.pro/document/1?doc_id=27,Fri Sep 04 2026 20:02:33 GMT+0800 (China Standard Time),公开行情历史快照
000858.SZ,五粮液,2024-05-24,151.15,-1.5951,1700150.955,有行情,日线,Asia/Shanghai,2025-12-30T15:00:00+08:00,close为不复权；风险收益使用pct_chg÷100,千元,TuSharePro.daily,https://tushare.pro/document/1?doc_id=27,Fri Sep 04 2026 20:02:33 GMT+0800 (China Standard Time),公开行情历史快照
002594.SZ,比亚迪,2024-05-24,209.3,-2.6285,2166851.356,有行情,日线,Asia/Shanghai,2025-12-30T15:00:00+08:00,close为不复权；风险收益使用pct_chg÷100,千元,TuSharePro.daily,https://tushare.pro/document/1?doc_id=27,Fri Sep 04 2026 20:02:33 GMT+0800 (China Standard Time),公开行情历史快照
300750.SZ,宁德时代,2024-05-24,200.98,-1.6443,3136303.497,有行情,日线,Asia/Shanghai,2025-12-30T15:00:00+08:00,close为不复权；风险收益使用pct_chg÷100,千元,TuSharePro.daily,https://tushare.pro/document/1?doc_id=27,Fri Sep 04 2026 20:02:33 GMT+0800 (China Standard Time),公开行情历史快照
600519.SH,贵州茅台,2024-05-24,1677.08,-0.8824,3401323.915,有行情,日线,Asia/Shanghai,2025-12-30T15:00:00+08:00,close为不复权；风险收益使用pct_chg÷100,千元,TuSharePro.daily,https://tushare.pro/document/1?doc_id=27,Fri Sep 04 2026 20:02:33 GMT+0800 (China Standard Time),公开行情历史快照
601318.SH,中国平安,2024-05-24,43.89,-1.9875,2397751.034,有行情,日线,Asia/Shanghai,2025-12-30T15:00:00+08:00,close为不复权；风险收益使用pct_chg÷100,千元,TuSharePro.daily,https://tushare.pro/document/1?doc_id=27,Fri Sep 04 2026 20:02:33 GMT+0800 (China Standard Time),公开行情历史快照
000333.SZ,美的集团,2024-05-27,67.59,1.456,2062139.516,有行情,日线,Asia/Shanghai,2025-12-30T15:00:00+08:00,close为不复权；风险收益使用pct_chg÷100,千元,TuSharePro.daily,https://tushare.pro/document/1?doc_id=27,Fri Sep 04 2026 20:02:33 GMT+0800 (China Standard Time),公开行情历史快照
000858.SZ,五粮液,2024-05-27,151.58,0.2845,1535721.67,有行情,日线,Asia/Shanghai,2025-12-30T15:00:00+08:00,close为不复权；风险收益使用pct_chg÷100,千元,TuSharePro.daily,https://tushare.pro/document/1?doc_id=27,Fri Sep 04 2026 20:02:33 GMT+0800 (China Standard Time),公开行情历史快照
002594.SZ,比亚迪,2024-05-27,208.35,-0.4539,1580461.907,有行情,日线,Asia/Shanghai,2025-12-30T15:00:00+08:00,close为不复权；风险收益使用pct_chg÷100,千元,TuSharePro.daily,https://tushare.pro/document/1?doc_id=27,Fri Sep 04 2026 20:02:33 GMT+0800 (China Standard Time),公开行情历史快照
300750.SZ,宁德时代,2024-05-27,200.01,-0.4826,3261446.783,有行情,日线,Asia/Shanghai,2025-12-30T15:00:00+08:00,close为不复权；风险收益使用pct_chg÷100,千元,TuSharePro.daily,https://tushare.pro/document/1?doc_id=27,Fri Sep 04 2026 20:02:33 GMT+0800 (China Standard Time),公开行情历史快照
600519.SH,贵州茅台,2024-05-27,1670.12,-0.415,4199001.866,有行情,日线,Asia/Shanghai,2025-12-30T15:00:00+08:00,close为不复权；风险收益使用pct_chg÷100,千元,TuSharePro.daily,https://tushare.pro/document/1?doc_id=27,Fri Sep 04 2026 20:02:33 GMT+0800 (China Standard Time),公开行情历史快照
601318.SH,中国平安,2024-05-27,44.1,0.4785,1820441.915,有行情,日线,Asia/Shanghai,2025-12-30T15:00:00+08:00,close为不复权；风险收益使用pct_chg÷100,千元,TuSharePro.daily,https://tushare.pro/document/1?doc_id=27,Fri Sep 04 2026 20:02:33 GMT+0800 (China Standard Time),公开行情历史快照
000333.SZ,美的集团,2024-05-28,67.03,-0.8285,1284865.352,有行情,日线,Asia/Shanghai,2025-12-30T15:00:00+08:00,close为不复权；风险收益使用pct_chg÷100,千元,TuSharePro.daily,https://tushare.pro/document/1?doc_id=27,Fri Sep 04 2026 20:02:33 GMT+0800 (China Standard Time),公开行情历史快照
000858.SZ,五粮液,2024-05-28,150.03,-1.0226,1566391.578,有行情,日线,Asia/Shanghai,2025-12-30T15:00:00+08:00,close为不复权；风险收益使用pct_chg÷100,千元,TuSharePro.daily,https://tushare.pro/document/1?doc_id=27,Fri Sep 04 2026 20:02:33 GMT+0800 (China Standard Time),公开行情历史快照
002594.SZ,比亚迪,2024-05-28,207.38,-0.4656,1265112.511,有行情,日线,Asia/Shanghai,2025-12-30T15:00:00+08:00,close为不复权；风险收益使用pct_chg÷100,千元,TuSharePro.daily,https://tushare.pro/document/1?doc_id=27,Fri Sep 04 2026 20:02:33 GMT+0800 (China Standard Time),公开行情历史快照
300750.SZ,宁德时代,2024-05-28,197.8,-1.1049,2517505.166,有行情,日线,Asia/Shanghai,2025-12-30T15:00:00+08:00,close为不复权；风险收益使用pct_chg÷100,千元,TuSharePro.daily,https://tushare.pro/document/1?doc_id=27,Fri Sep 04 2026 20:02:33 GMT+0800 (China Standard Time),公开行情历史快照
600519.SH,贵州茅台,2024-05-28,1664.64,-0.3281,3923020.375,有行情,日线,Asia/Shanghai,2025-12-30T15:00:00+08:00,close为不复权；风险收益使用pct_chg÷100,千元,TuSharePro.daily,https://tushare.pro/document/1?doc_id=27,Fri Sep 04 2026 20:02:33 GMT+0800 (China Standard Time),公开行情历史快照
601318.SH,中国平安,2024-05-28,43.76,-0.771,1853750.116,有行情,日线,Asia/Shanghai,2025-12-30T15:00:00+08:00,close为不复权；风险收益使用pct_chg÷100,千元,TuSharePro.daily,https://tushare.pro/document/1?doc_id=27,Fri Sep 04 2026 20:02:33 GMT+0800 (China Standard Time),公开行情历史快照
000333.SZ,美的集团,2024-05-29,65.85,-1.7604,1590410.761,有行情,日线,Asia/Shanghai,2025-12-30T15:00:00+08:00,close为不复权；风险收益使用pct_chg÷100,千元,TuSharePro.daily,https://tushare.pro/document/1?doc_id=27,Fri Sep 04 2026 20:02:33 GMT+0800 (China Standard Time),公开行情历史快照
000858.SZ,五粮液,2024-05-29,149.21,-0.5466,1363621.24,有行情,日线,Asia/Shanghai,2025-12-30T15:00:00+08:00,close为不复权；风险收益使用pct_chg÷100,千元,TuSharePro.daily,https://tushare.pro/document/1?doc_id=27,Fri Sep 04 2026 20:02:33 GMT+0800 (China Standard Time),公开行情历史快照
002594.SZ,比亚迪,2024-05-29,224.7,8.3518,6633165.251,有行情,日线,Asia/Shanghai,2025-12-30T15:00:00+08:00,close为不复权；风险收益使用pct_chg÷100,千元,TuSharePro.daily,https://tushare.pro/document/1?doc_id=27,Fri Sep 04 2026 20:02:33 GMT+0800 (China Standard Time),公开行情历史快照
300750.SZ,宁德时代,2024-05-29,198.79,0.5005,2663801.635,有行情,日线,Asia/Shanghai,2025-12-30T15:00:00+08:00,close为不复权；风险收益使用pct_chg÷100,千元,TuSharePro.daily,https://tushare.pro/document/1?doc_id=27,Fri Sep 04 2026 20:02:33 GMT+0800 (China Standard Time),公开行情历史快照
600519.SH,贵州茅台,2024-05-29,1674.0,0.5623,3289173.345,有行情,日线,Asia/Shanghai,2025-12-30T15:00:00+08:00,close为不复权；风险收益使用pct_chg÷100,千元,TuSharePro.daily,https://tushare.pro/document/1?doc_id=27,Fri Sep 04 2026 20:02:33 GMT+0800 (China Standard Time),公开行情历史快照
601318.SH,中国平安,2024-05-29,43.47,-0.6627,1921502.308,有行情,日线,Asia/Shanghai,2025-12-30T15:00:00+08:00,close为不复权；风险收益使用pct_chg÷100,千元,TuSharePro.daily,https://tushare.pro/document/1?doc_id=27,Fri Sep 04 2026 20:02:33 GMT+0800 (China Standard Time),公开行情历史快照
000333.SZ,美的集团,2024-05-30,65.18,-1.0175,1269509.292,有行情,日线,Asia/Shanghai,2025-12-30T15:00:00+08:00,close为不复权；风险收益使用pct_chg÷100,千元,TuSharePro.daily,https://tushare.pro/document/1?doc_id=27,Fri Sep 04 2026 20:02:33 GMT+0800 (China Standard Time),公开行情历史快照
000858.SZ,五粮液,2024-05-30,146.26,-1.9771,2363289.778,有行情,日线,Asia/Shanghai,2025-12-30T15:00:00+08:00,close为不复权；风险收益使用pct_chg÷100,千元,TuSharePro.daily,https://tushare.pro/document/1?doc_id=27,Fri Sep 04 2026 20:02:33 GMT+0800 (China Standard Time),公开行情历史快照
002594.SZ,比亚迪,2024-05-30,227.86,1.4063,5070762.671,有行情,日线,Asia/Shanghai,2025-12-30T15:00:00+08:00,close为不复权；风险收益使用pct_chg÷100,千元,TuSharePro.daily,https://tushare.pro/document/1?doc_id=27,Fri Sep 04 2026 20:02:33 GMT+0800 (China Standard Time),公开行情历史快照
300750.SZ,宁德时代,2024-05-30,199.35,0.2817,2548445.865,有行情,日线,Asia/Shanghai,2025-12-30T15:00:00+08:00,close为不复权；风险收益使用pct_chg÷100,千元,TuSharePro.daily,https://tushare.pro/document/1?doc_id=27,Fri Sep 04 2026 20:02:33 GMT+0800 (China Standard Time),公开行情历史快照
600519.SH,贵州茅台,2024-05-30,1649.0,-1.4934,5333306.808,有行情,日线,Asia/Shanghai,2025-12-30T15:00:00+08:00,close为不复权；风险收益使用pct_chg÷100,千元,TuSharePro.daily,https://tushare.pro/document/1?doc_id=27,Fri Sep 04 2026 20:02:33 GMT+0800 (China Standard Time),公开行情历史快照
601318.SH,中国平安,2024-05-30,43.15,-0.7361,1702193.305,有行情,日线,Asia/Shanghai,2025-12-30T15:00:00+08:00,close为不复权；风险收益使用pct_chg÷100,千元,TuSharePro.daily,https://tushare.pro/document/1?doc_id=27,Fri Sep 04 2026 20:02:33 GMT+0800 (China Standard Time),公开行情历史快照
000333.SZ,美的集团,2024-05-31,64.76,-0.6444,1696172.93,有行情,日线,Asia/Shanghai,2025-12-30T15:00:00+08:00,close为不复权；风险收益使用pct_chg÷100,千元,TuSharePro.daily,https://tushare.pro/document/1?doc_id=27,Fri Sep 04 2026 20:02:33 GMT+0800 (China Standard Time),公开行情历史快照
000858.SZ,五粮液,2024-05-31,146.7,0.3008,1934209.403,有行情,日线,Asia/Shanghai,2025-12-30T15:00:00+08:00,close为不复权；风险收益使用pct_chg÷100,千元,TuSharePro.daily,https://tushare.pro/document/1?doc_id=27,Fri Sep 04 2026 20:02:33 GMT+0800 (China Standard Time),公开行情历史快照
002594.SZ,比亚迪,2024-05-31,229.02,0.5091,4264400.522,有行情,日线,Asia/Shanghai,2025-12-30T15:00:00+08:00,close为不复权；风险收益使用pct_chg÷100,千元,TuSharePro.daily,https://tushare.pro/document/1?doc_id=27,Fri Sep 04 2026 20:02:33 GMT+0800 (China Standard Time),公开行情历史快照
300750.SZ,宁德时代,2024-05-31,197.76,-0.7976,2760668.471,有行情,日线,Asia/Shanghai,2025-12-30T15:00:00+08:00,close为不复权；风险收益使用pct_chg÷100,千元,TuSharePro.daily,https://tushare.pro/document/1?doc_id=27,Fri Sep 04 2026 20:02:33 GMT+0800 (China Standard Time),公开行情历史快照
600519.SH,贵州茅台,2024-05-31,1648.45,-0.0334,3617654.788,有行情,日线,Asia/Shanghai,2025-12-30T15:00:00+08:00,close为不复权；风险收益使用pct_chg÷100,千元,TuSharePro.daily,https://tushare.pro/document/1?doc_id=27,Fri Sep 04 2026 20:02:33 GMT+0800 (China Standard Time),公开行情历史快照
601318.SH,中国平安,2024-05-31,43.07,-0.1854,2100267.341,有行情,日线,Asia/Shanghai,2025-12-30T15:00:00+08:00,close为不复权；风险收益使用pct_chg÷100,千元,TuSharePro.daily,https://tushare.pro/document/1?doc_id=27,Fri Sep 04 2026 20:02:33 GMT+0800 (China Standard Time),公开行情历史快照
000333.SZ,美的集团,2024-06-03,65.02,0.4015,2337233.616,有行情,日线,Asia/Shanghai,2025-12-30T15:00:00+08:00,close为不复权；风险收益使用pct_chg÷100,千元,TuSharePro.daily,https://tushare.pro/document/1?doc_id=27,Fri Sep 04 2026 20:02:33 GMT+0800 (China Standard Time),公开行情历史快照
000858.SZ,五粮液,2024-06-03,145.98,-0.4908,2051213.338,有行情,日线,Asia/Shanghai,2025-12-30T15:00:00+08:00,close为不复权；风险收益使用pct_chg÷100,千元,TuSharePro.daily,https://tushare.pro/document/1?doc_id=27,Fri Sep 04 2026 20:02:33 GMT+0800 (China Standard Time),公开行情历史快照
002594.SZ,比亚迪,2024-06-03,237.1,3.5281,6370453.739,有行情,日线,Asia/Shanghai,2025-12-30T15:00:00+08:00,close为不复权；风险收益使用pct_chg÷100,千元,TuSharePro.daily,https://tushare.pro/document/1?doc_id=27,Fri Sep 04 2026 20:02:33 GMT+0800 (China Standard Time),公开行情历史快照
300750.SZ,宁德时代,2024-06-03,202.5,2.3968,3757638.84,有行情,日线,Asia/Shanghai,2025-12-30T15:00:00+08:00,close为不复权；风险收益使用pct_chg÷100,千元,TuSharePro.daily,https://tushare.pro/document/1?doc_id=27,Fri Sep 04 2026 20:02:33 GMT+0800 (China Standard Time),公开行情历史快照
600519.SH,贵州茅台,2024-06-03,1639.39,-0.5496,4966041.477,有行情,日线,Asia/Shanghai,2025-12-30T15:00:00+08:00,close为不复权；风险收益使用pct_chg÷100,千元,TuSharePro.daily,https://tushare.pro/document/1?doc_id=27,Fri Sep 04 2026 20:02:33 GMT+0800 (China Standard Time),公开行情历史快照
601318.SH,中国平安,2024-06-03,43.13,0.1393,1922692.312,有行情,日线,Asia/Shanghai,2025-12-30T15:00:00+08:00,close为不复权；风险收益使用pct_chg÷100,千元,TuSharePro.daily,https://tushare.pro/document/1?doc_id=27,Fri Sep 04 2026 20:02:33 GMT+0800 (China Standard Time),公开行情历史快照
000333.SZ,美的集团,2024-06-04,64.68,-0.5229,1969401.516,有行情,日线,Asia/Shanghai,2025-12-30T15:00:00+08:00,close为不复权；风险收益使用pct_chg÷100,千元,TuSharePro.daily,https://tushare.pro/document/1?doc_id=27,Fri Sep 04 2026 20:02:33 GMT+0800 (China Standard Time),公开行情历史快照
000858.SZ,五粮液,2024-06-04,147.78,1.233,1514138.601,有行情,日线,Asia/Shanghai,2025-12-30T15:00:00+08:00,close为不复权；风险收益使用pct_chg÷100,千元,TuSharePro.daily,https://tushare.pro/document/1?doc_id=27,Fri Sep 04 2026 20:02:33 GMT+0800 (China Standard Time),公开行情历史快照
002594.SZ,比亚迪,2024-06-04,238.15,0.4429,3744672.01,有行情,日线,Asia/Shanghai,2025-12-30T15:00:00+08:00,close为不复权；风险收益使用pct_chg÷100,千元,TuSharePro.daily,https://tushare.pro/document/1?doc_id=27,Fri Sep 04 2026 20:02:33 GMT+0800 (China Standard Time),公开行情历史快照
300750.SZ,宁德时代,2024-06-04,205.97,1.7136,3639805.938,有行情,日线,Asia/Shanghai,2025-12-30T15:00:00+08:00,close为不复权；风险收益使用pct_chg÷100,千元,TuSharePro.daily,https://tushare.pro/document/1?doc_id=27,Fri Sep 04 2026 20:02:33 GMT+0800 (China Standard Time),公开行情历史快照
600519.SH,贵州茅台,2024-06-04,1653.2,0.8424,3432497.303,有行情,日线,Asia/Shanghai,2025-12-30T15:00:00+08:00,close为不复权；风险收益使用pct_chg÷100,千元,TuSharePro.daily,https://tushare.pro/document/1?doc_id=27,Fri Sep 04 2026 20:02:33 GMT+0800 (China Standard Time),公开行情历史快照
601318.SH,中国平安,2024-06-04,43.27,0.3246,1723254.939,有行情,日线,Asia/Shanghai,2025-12-30T15:00:00+08:00,close为不复权；风险收益使用pct_chg÷100,千元,TuSharePro.daily,https://tushare.pro/document/1?doc_id=27,Fri Sep 04 2026 20:02:33 GMT+0800 (China Standard Time),公开行情历史快照
000333.SZ,美的集团,2024-06-05,63.92,-1.175,1825603.15,有行情,日线,Asia/Shanghai,2025-12-30T15:00:00+08:00,close为不复权；风险收益使用pct_chg÷100,千元,TuSharePro.daily,https://tushare.pro/document/1?doc_id=27,Fri Sep 04 2026 20:02:33 GMT+0800 (China Standard Time),公开行情历史快照
000858.SZ,五粮液,2024-06-05,145.76,-1.3669,1629419.454,有行情,日线,Asia/Shanghai,2025-12-30T15:00:00+08:00,close为不复权；风险收益使用pct_chg÷100,千元,TuSharePro.daily,https://tushare.pro/document/1?doc_id=27,Fri Sep 04 2026 20:02:33 GMT+0800 (China Standard Time),公开行情历史快照
002594.SZ,比亚迪,2024-06-05,240.79,1.1085,4732184.009,有行情,日线,Asia/Shanghai,2025-12-30T15:00:00+08:00,close为不复权；风险收益使用pct_chg÷100,千元,TuSharePro.daily,https://tushare.pro/document/1?doc_id=27,Fri Sep 04 2026 20:02:33 GMT+0800 (China Standard Time),公开行情历史快照
300750.SZ,宁德时代,2024-06-05,204.12,-0.8982,2420867.502,有行情,日线,Asia/Shanghai,2025-12-30T15:00:00+08:00,close为不复权；风险收益使用pct_chg÷100,千元,TuSharePro.daily,https://tushare.pro/document/1?doc_id=27,Fri Sep 04 2026 20:02:33 GMT+0800 (China Standard Time),公开行情历史快照
600519.SH,贵州茅台,2024-06-05,1644.0,-0.5565,3140824.328,有行情,日线,Asia/Shanghai,2025-12-30T15:00:00+08:00,close为不复权；风险收益使用pct_chg÷100,千元,TuSharePro.daily,https://tushare.pro/document/1?doc_id=27,Fri Sep 04 2026 20:02:33 GMT+0800 (China Standard Time),公开行情历史快照
601318.SH,中国平安,2024-06-05,43.08,-0.4391,1559233.05,有行情,日线,Asia/Shanghai,2025-12-30T15:00:00+08:00,close为不复权；风险收益使用pct_chg÷100,千元,TuSharePro.daily,https://tushare.pro/document/1?doc_id=27,Fri Sep 04 2026 20:02:33 GMT+0800 (China Standard Time),公开行情历史快照
000333.SZ,美的集团,2024-06-06,65.76,2.8786,2848032.777,有行情,日线,Asia/Shanghai,2025-12-30T15:00:00+08:00,close为不复权；风险收益使用pct_chg÷100,千元,TuSharePro.daily,https://tushare.pro/document/1?doc_id=27,Fri Sep 04 2026 20:02:33 GMT+0800 (China Standard Time),公开行情历史快照
000858.SZ,五粮液,2024-06-06,144.9,-0.59,1844855.886,有行情,日线,Asia/Shanghai,2025-12-30T15:00:00+08:00,close为不复权；风险收益使用pct_chg÷100,千元,TuSharePro.daily,https://tushare.pro/document/1?doc_id=27,Fri Sep 04 2026 20:02:33 GMT+0800 (China Standard Time),公开行情历史快照
002594.SZ,比亚迪,2024-06-06,238.5,-0.951,4227834.836,有行情,日线,Asia/Shanghai,2025-12-30T15:00:00+08:00,close为不复权；风险收益使用pct_chg÷100,千元,TuSharePro.daily,https://tushare.pro/document/1?doc_id=27,Fri Sep 04 2026 20:02:33 GMT+0800 (China Standard Time),公开行情历史快照
300750.SZ,宁德时代,2024-06-06,204.79,0.3282,2544442.658,有行情,日线,Asia/Shanghai,2025-12-30T15:00:00+08:00,close为不复权；风险收益使用pct_chg÷100,千元,TuSharePro.daily,https://tushare.pro/document/1?doc_id=27,Fri Sep 04 2026 20:02:33 GMT+0800 (China Standard Time),公开行情历史快照
600519.SH,贵州茅台,2024-06-06,1639.81,-0.2549,4205700.983,有行情,日线,Asia/Shanghai,2025-12-30T15:00:00+08:00,close为不复权；风险收益使用pct_chg÷100,千元,TuSharePro.daily,https://tushare.pro/document/1?doc_id=27,Fri Sep 04 2026 20:02:33 GMT+0800 (China Standard Time),公开行情历史快照
601318.SH,中国平安,2024-06-06,42.45,-1.4624,2313057.245,有行情,日线,Asia/Shanghai,2025-12-30T15:00:00+08:00,close为不复权；风险收益使用pct_chg÷100,千元,TuSharePro.daily,https://tushare.pro/document/1?doc_id=27,Fri Sep 04 2026 20:02:33 GMT+0800 (China Standard Time),公开行情历史快照
000333.SZ,美的集团,2024-06-07,65.16,-0.9124,2591739.293,有行情,日线,Asia/Shanghai,2025-12-30T15:00:00+08:00,close为不复权；风险收益使用pct_chg÷100,千元,TuSharePro.daily,https://tushare.pro/document/1?doc_id=27,Fri Sep 04 2026 20:02:33 GMT+0800 (China Standard Time),公开行情历史快照
000858.SZ,五粮液,2024-06-07,142.34,-1.7667,2266797.198,有行情,日线,Asia/Shanghai,2025-12-30T15:00:00+08:00,close为不复权；风险收益使用pct_chg÷100,千元,TuSharePro.daily,https://tushare.pro/document/1?doc_id=27,Fri Sep 04 2026 20:02:33 GMT+0800 (China Standard Time),公开行情历史快照
002594.SZ,比亚迪,2024-06-07,235.5,-1.2579,4304211.409,有行情,日线,Asia/Shanghai,2025-12-30T15:00:00+08:00,close为不复权；风险收益使用pct_chg÷100,千元,TuSharePro.daily,https://tushare.pro/document/1?doc_id=27,Fri Sep 04 2026 20:02:33 GMT+0800 (China Standard Time),公开行情历史快照
300750.SZ,宁德时代,2024-06-07,193.2,-5.6595,10008885.041,有行情,日线,Asia/Shanghai,2025-12-30T15:00:00+08:00,close为不复权；风险收益使用pct_chg÷100,千元,TuSharePro.daily,https://tushare.pro/document/1?doc_id=27,Fri Sep 04 2026 20:02:33 GMT+0800 (China Standard Time),公开行情历史快照
600519.SH,贵州茅台,2024-06-07,1619.18,-1.2581,5453120.695,有行情,日线,Asia/Shanghai,2025-12-30T15:00:00+08:00,close为不复权；风险收益使用pct_chg÷100,千元,TuSharePro.daily,https://tushare.pro/document/1?doc_id=27,Fri Sep 04 2026 20:02:33 GMT+0800 (China Standard Time),公开行情历史快照
601318.SH,中国平安,2024-06-07,42.12,-0.7774,1781350.64,有行情,日线,Asia/Shanghai,2025-12-30T15:00:00+08:00,close为不复权；风险收益使用pct_chg÷100,千元,TuSharePro.daily,https://tushare.pro/document/1?doc_id=27,Fri Sep 04 2026 20:02:33 GMT+0800 (China Standard Time),公开行情历史快照
000333.SZ,美的集团,2024-06-11,65.0,-0.2455,2188026.772,有行情,日线,Asia/Shanghai,2025-12-30T15:00:00+08:00,close为不复权；风险收益使用pct_chg÷100,千元,TuSharePro.daily,https://tushare.pro/document/1?doc_id=27,Fri Sep 04 2026 20:02:33 GMT+0800 (China Standard Time),公开行情历史快照
000858.SZ,五粮液,2024-06-11,138.48,-2.7118,2873140.132,有行情,日线,Asia/Shanghai,2025-12-30T15:00:00+08:00,close为不复权；风险收益使用pct_chg÷100,千元,TuSharePro.daily,https://tushare.pro/document/1?doc_id=27,Fri Sep 04 2026 20:02:33 GMT+0800 (China Standard Time),公开行情历史快照
002594.SZ,比亚迪,2024-06-11,244.63,3.8769,5386278.076,有行情,日线,Asia/Shanghai,2025-12-30T15:00:00+08:00,close为不复权；风险收益使用pct_chg÷100,千元,TuSharePro.daily,https://tushare.pro/document/1?doc_id=27,Fri Sep 04 2026 20:02:33 GMT+0800 (China Standard Time),公开行情历史快照
300750.SZ,宁德时代,2024-06-11,188.77,-2.293,7876263.876,有行情,日线,Asia/Shanghai,2025-12-30T15:00:00+08:00,close为不复权；风险收益使用pct_chg÷100,千元,TuSharePro.daily,https://tushare.pro/document/1?doc_id=27,Fri Sep 04 2026 20:02:33 GMT+0800 (China Standard Time),公开行情历史快照
600519.SH,贵州茅台,2024-06-11,1569.0,-3.0991,11090577.61,有行情,日线,Asia/Shanghai,2025-12-30T15:00:00+08:00,close为不复权；风险收益使用pct_chg÷100,千元,TuSharePro.daily,https://tushare.pro/document/1?doc_id=27,Fri Sep 04 2026 20:02:33 GMT+0800 (China Standard Time),公开行情历史快照
601318.SH,中国平安,2024-06-11,41.83,-0.6885,1767535.003,有行情,日线,Asia/Shanghai,2025-12-30T15:00:00+08:00,close为不复权；风险收益使用pct_chg÷100,千元,TuSharePro.daily,https://tushare.pro/document/1?doc_id=27,Fri Sep 04 2026 20:02:33 GMT+0800 (China Standard Time),公开行情历史快照
000333.SZ,美的集团,2024-06-12,65.16,0.2462,1675974.671,有行情,日线,Asia/Shanghai,2025-12-30T15:00:00+08:00,close为不复权；风险收益使用pct_chg÷100,千元,TuSharePro.daily,https://tushare.pro/document/1?doc_id=27,Fri Sep 04 2026 20:02:33 GMT+0800 (China Standard Time),公开行情历史快照
000858.SZ,五粮液,2024-06-12,137.9,-0.4188,2136862.849,有行情,日线,Asia/Shanghai,2025-12-30T15:00:00+08:00,close为不复权；风险收益使用pct_chg÷100,千元,TuSharePro.daily,https://tushare.pro/document/1?doc_id=27,Fri Sep 04 2026 20:02:33 GMT+0800 (China Standard Time),公开行情历史快照
002594.SZ,比亚迪,2024-06-12,242.9,-0.7072,4573251.957,有行情,日线,Asia/Shanghai,2025-12-30T15:00:00+08:00,close为不复权；风险收益使用pct_chg÷100,千元,TuSharePro.daily,https://tushare.pro/document/1?doc_id=27,Fri Sep 04 2026 20:02:33 GMT+0800 (China Standard Time),公开行情历史快照
300750.SZ,宁德时代,2024-06-12,185.6,-1.6793,3788449.182,有行情,日线,Asia/Shanghai,2025-12-30T15:00:00+08:00,close为不复权；风险收益使用pct_chg÷100,千元,TuSharePro.daily,https://tushare.pro/document/1?doc_id=27,Fri Sep 04 2026 20:02:33 GMT+0800 (China Standard Time),公开行情历史快照
600519.SH,贵州茅台,2024-06-12,1571.68,0.1708,5230086.503,有行情,日线,Asia/Shanghai,2025-12-30T15:00:00+08:00,close为不复权；风险收益使用pct_chg÷100,千元,TuSharePro.daily,https://tushare.pro/document/1?doc_id=27,Fri Sep 04 2026 20:02:33 GMT+0800 (China Standard Time),公开行情历史快照
601318.SH,中国平安,2024-06-12,41.4,-1.028,1653283.609,有行情,日线,Asia/Shanghai,2025-12-30T15:00:00+08:00,close为不复权；风险收益使用pct_chg÷100,千元,TuSharePro.daily,https://tushare.pro/document/1?doc_id=27,Fri Sep 04 2026 20:02:33 GMT+0800 (China Standard Time),公开行情历史快照
000333.SZ,美的集团,2024-06-13,63.92,-1.903,1763239.544,有行情,日线,Asia/Shanghai,2025-12-30T15:00:00+08:00,close为不复权；风险收益使用pct_chg÷100,千元,TuSharePro.daily,https://tushare.pro/document/1?doc_id=27,Fri Sep 04 2026 20:02:33 GMT+0800 (China Standard Time),公开行情历史快照
000858.SZ,五粮液,2024-06-13,134.56,-2.422,3301287.598,有行情,日线,Asia/Shanghai,2025-12-30T15:00:00+08:00,close为不复权；风险收益使用pct_chg÷100,千元,TuSharePro.daily,https://tushare.pro/document/1?doc_id=27,Fri Sep 04 2026 20:02:33 GMT+0800 (China Standard Time),公开行情历史快照
002594.SZ,比亚迪,2024-06-13,252.99,4.154,7423395.27,有行情,日线,Asia/Shanghai,2025-12-30T15:00:00+08:00,close为不复权；风险收益使用pct_chg÷100,千元,TuSharePro.daily,https://tushare.pro/document/1?doc_id=27,Fri Sep 04 2026 20:02:33 GMT+0800 (China Standard Time),公开行情历史快照
300750.SZ,宁德时代,2024-06-13,185.18,-0.2263,4134985.666,有行情,日线,Asia/Shanghai,2025-12-30T15:00:00+08:00,close为不复权；风险收益使用pct_chg÷100,千元,TuSharePro.daily,https://tushare.pro/document/1?doc_id=27,Fri Sep 04 2026 20:02:33 GMT+0800 (China Standard Time),公开行情历史快照
600519.SH,贵州茅台,2024-06-13,1555.01,-1.0606,5654938.942,有行情,日线,Asia/Shanghai,2025-12-30T15:00:00+08:00,close为不复权；风险收益使用pct_chg÷100,千元,TuSharePro.daily,https://tushare.pro/document/1?doc_id=27,Fri Sep 04 2026 20:02:33 GMT+0800 (China Standard Time),公开行情历史快照
601318.SH,中国平安,2024-06-13,41.3,-0.2415,1323757.554,有行情,日线,Asia/Shanghai,2025-12-30T15:00:00+08:00,close为不复权；风险收益使用pct_chg÷100,千元,TuSharePro.daily,https://tushare.pro/document/1?doc_id=27,Fri Sep 04 2026 20:02:33 GMT+0800 (China Standard Time),公开行情历史快照
000333.SZ,美的集团,2024-06-14,65.61,2.6439,2468107.111,有行情,日线,Asia/Shanghai,2025-12-30T15:00:00+08:00,close为不复权；风险收益使用pct_chg÷100,千元,TuSharePro.daily,https://tushare.pro/document/1?doc_id=27,Fri Sep 04 2026 20:02:33 GMT+0800 (China Standard Time),公开行情历史快照
000858.SZ,五粮液,2024-06-14,135.68,0.8323,3851661.909,有行情,日线,Asia/Shanghai,2025-12-30T15:00:00+08:00,close为不复权；风险收益使用pct_chg÷100,千元,TuSharePro.daily,https://tushare.pro/document/1?doc_id=27,Fri Sep 04 2026 20:02:33 GMT+0800 (China Standard Time),公开行情历史快照
002594.SZ,比亚迪,2024-06-14,253.05,0.0237,5066109.117,有行情,日线,Asia/Shanghai,2025-12-30T15:00:00+08:00,close为不复权；风险收益使用pct_chg÷100,千元,TuSharePro.daily,https://tushare.pro/document/1?doc_id=27,Fri Sep 04 2026 20:02:33 GMT+0800 (China Standard Time),公开行情历史快照
300750.SZ,宁德时代,2024-06-14,184.89,-0.1566,6764196.086,有行情,日线,Asia/Shanghai,2025-12-30T15:00:00+08:00,close为不复权；风险收益使用pct_chg÷100,千元,TuSharePro.daily,https://tushare.pro/document/1?doc_id=27,Fri Sep 04 2026 20:02:33 GMT+0800 (China Standard Time),公开行情历史快照
600519.SH,贵州茅台,2024-06-14,1555.0,-0.0006,9177637.168,有行情,日线,Asia/Shanghai,2025-12-30T15:00:00+08:00,close为不复权；风险收益使用pct_chg÷100,千元,TuSharePro.daily,https://tushare.pro/document/1?doc_id=27,Fri Sep 04 2026 20:02:33 GMT+0800 (China Standard Time),公开行情历史快照
601318.SH,中国平安,2024-06-14,41.87,1.3801,2651178.962,有行情,日线,Asia/Shanghai,2025-12-30T15:00:00+08:00,close为不复权；风险收益使用pct_chg÷100,千元,TuSharePro.daily,https://tushare.pro/document/1?doc_id=27,Fri Sep 04 2026 20:02:33 GMT+0800 (China Standard Time),公开行情历史快照
000333.SZ,美的集团,2024-06-17,64.53,-1.6461,1639603.939,有行情,日线,Asia/Shanghai,2025-12-30T15:00:00+08:00,close为不复权；风险收益使用pct_chg÷100,千元,TuSharePro.daily,https://tushare.pro/document/1?doc_id=27,Fri Sep 04 2026 20:02:33 GMT+0800 (China Standard Time),公开行情历史快照
000858.SZ,五粮液,2024-06-17,135.73,0.0369,3299559.711,有行情,日线,Asia/Shanghai,2025-12-30T15:00:00+08:00,close为不复权；风险收益使用pct_chg÷100,千元,TuSharePro.daily,https://tushare.pro/document/1?doc_id=27,Fri Sep 04 2026 20:02:33 GMT+0800 (China Standard Time),公开行情历史快照
002594.SZ,比亚迪,2024-06-17,257.21,1.6439,5371512.6,有行情,日线,Asia/Shanghai,2025-12-30T15:00:00+08:00,close为不复权；风险收益使用pct_chg÷100,千元,TuSharePro.daily,https://tushare.pro/document/1?doc_id=27,Fri Sep 04 2026 20:02:33 GMT+0800 (China Standard Time),公开行情历史快照
300750.SZ,宁德时代,2024-06-17,188.2,1.7903,5044213.365,有行情,日线,Asia/Shanghai,2025-12-30T15:00:00+08:00,close为不复权；风险收益使用pct_chg÷100,千元,TuSharePro.daily,https://tushare.pro/document/1?doc_id=27,Fri Sep 04 2026 20:02:33 GMT+0800 (China Standard Time),公开行情历史快照
600519.SH,贵州茅台,2024-06-17,1541.5,-0.8682,7400883.243,有行情,日线,Asia/Shanghai,2025-12-30T15:00:00+08:00,close为不复权；风险收益使用pct_chg÷100,千元,TuSharePro.daily,https://tushare.pro/document/1?doc_id=27,Fri Sep 04 2026 20:02:33 GMT+0800 (China Standard Time),公开行情历史快照
601318.SH,中国平安,2024-06-17,41.58,-0.6926,1600335.663,有行情,日线,Asia/Shanghai,2025-12-30T15:00:00+08:00,close为不复权；风险收益使用pct_chg÷100,千元,TuSharePro.daily,https://tushare.pro/document/1?doc_id=27,Fri Sep 04 2026 20:02:33 GMT+0800 (China Standard Time),公开行情历史快照
000333.SZ,美的集团,2024-06-18,64.84,0.4804,1409611.739,有行情,日线,Asia/Shanghai,2025-12-30T15:00:00+08:00,close为不复权；风险收益使用pct_chg÷100,千元,TuSharePro.daily,https://tushare.pro/document/1?doc_id=27,Fri Sep 04 2026 20:02:33 GMT+0800 (China Standard Time),公开行情历史快照
000858.SZ,五粮液,2024-06-18,133.89,-1.3556,2740736.863,有行情,日线,Asia/Shanghai,2025-12-30T15:00:00+08:00,close为不复权；风险收益使用pct_chg÷100,千元,TuSharePro.daily,https://tushare.pro/document/1?doc_id=27,Fri Sep 04 2026 20:02:33 GMT+0800 (China Standard Time),公开行情历史快照
002594.SZ,比亚迪,2024-06-18,255.64,-0.6104,3282495.367,有行情,日线,Asia/Shanghai,2025-12-30T15:00:00+08:00,close为不复权；风险收益使用pct_chg÷100,千元,TuSharePro.daily,https://tushare.pro/document/1?doc_id=27,Fri Sep 04 2026 20:02:33 GMT+0800 (China Standard Time),公开行情历史快照
300750.SZ,宁德时代,2024-06-18,190.33,1.1318,2959271.843,有行情,日线,Asia/Shanghai,2025-12-30T15:00:00+08:00,close为不复权；风险收益使用pct_chg÷100,千元,TuSharePro.daily,https://tushare.pro/document/1?doc_id=27,Fri Sep 04 2026 20:02:33 GMT+0800 (China Standard Time),公开行情历史快照
600519.SH,贵州茅台,2024-06-18,1521.5,-1.2974,6317590.943,有行情,日线,Asia/Shanghai,2025-12-30T15:00:00+08:00,close为不复权；风险收益使用pct_chg÷100,千元,TuSharePro.daily,https://tushare.pro/document/1?doc_id=27,Fri Sep 04 2026 20:02:33 GMT+0800 (China Standard Time),公开行情历史快照
601318.SH,中国平安,2024-06-18,41.73,0.3608,1476476.518,有行情,日线,Asia/Shanghai,2025-12-30T15:00:00+08:00,close为不复权；风险收益使用pct_chg÷100,千元,TuSharePro.daily,https://tushare.pro/document/1?doc_id=27,Fri Sep 04 2026 20:02:33 GMT+0800 (China Standard Time),公开行情历史快照
000333.SZ,美的集团,2024-06-19,64.0,-1.2955,2206055.298,有行情,日线,Asia/Shanghai,2025-12-30T15:00:00+08:00,close为不复权；风险收益使用pct_chg÷100,千元,TuSharePro.daily,https://tushare.pro/document/1?doc_id=27,Fri Sep 04 2026 20:02:33 GMT+0800 (China Standard Time),公开行情历史快照
000858.SZ,五粮液,2024-06-19,134.22,0.2465,1839596.88,有行情,日线,Asia/Shanghai,2025-12-30T15:00:00+08:00,close为不复权；风险收益使用pct_chg÷100,千元,TuSharePro.daily,https://tushare.pro/document/1?doc_id=27,Fri Sep 04 2026 20:02:33 GMT+0800 (China Standard Time),公开行情历史快照
002594.SZ,比亚迪,2024-06-19,254.0,-0.6415,2529117.364,有行情,日线,Asia/Shanghai,2025-12-30T15:00:00+08:00,close为不复权；风险收益使用pct_chg÷100,千元,TuSharePro.daily,https://tushare.pro/document/1?doc_id=27,Fri Sep 04 2026 20:02:33 GMT+0800 (China Standard Time),公开行情历史快照
300750.SZ,宁德时代,2024-06-19,189.01,-0.6935,2030697.6,有行情,日线,Asia/Shanghai,2025-12-30T15:00:00+08:00,close为不复权；风险收益使用pct_chg÷100,千元,TuSharePro.daily,https://tushare.pro/document/1?doc_id=27,Fri Sep 04 2026 20:02:33 GMT+0800 (China Standard Time),公开行情历史快照
600519.SH,贵州茅台,2024-06-19,1501.0,0.6964,6167728.416,有行情,日线,Asia/Shanghai,2025-12-30T15:00:00+08:00,close为不复权；风险收益使用pct_chg÷100,千元,TuSharePro.daily,https://tushare.pro/document/1?doc_id=27,Fri Sep 04 2026 20:02:33 GMT+0800 (China Standard Time),公开行情历史快照
601318.SH,中国平安,2024-06-19,42.0,0.647,1721419.835,有行情,日线,Asia/Shanghai,2025-12-30T15:00:00+08:00,close为不复权；风险收益使用pct_chg÷100,千元,TuSharePro.daily,https://tushare.pro/document/1?doc_id=27,Fri Sep 04 2026 20:02:33 GMT+0800 (China Standard Time),公开行情历史快照
000333.SZ,美的集团,2024-06-20,64.47,0.7344,1806800.938,有行情,日线,Asia/Shanghai,2025-12-30T15:00:00+08:00,close为不复权；风险收益使用pct_chg÷100,千元,TuSharePro.daily,https://tushare.pro/document/1?doc_id=27,Fri Sep 04 2026 20:02:33 GMT+0800 (China Standard Time),公开行情历史快照
000858.SZ,五粮液,2024-06-20,132.2,-1.505,1679993.029,有行情,日线,Asia/Shanghai,2025-12-30T15:00:00+08:00,close为不复权；风险收益使用pct_chg÷100,千元,TuSharePro.daily,https://tushare.pro/document/1?doc_id=27,Fri Sep 04 2026 20:02:33 GMT+0800 (China Standard Time),公开行情历史快照
002594.SZ,比亚迪,2024-06-20,251.5,-0.9843,2921098.948,有行情,日线,Asia/Shanghai,2025-12-30T15:00:00+08:00,close为不复权；风险收益使用pct_chg÷100,千元,TuSharePro.daily,https://tushare.pro/document/1?doc_id=27,Fri Sep 04 2026 20:02:33 GMT+0800 (China Standard Time),公开行情历史快照
300750.SZ,宁德时代,2024-06-20,187.99,-0.5397,2172637.229,有行情,日线,Asia/Shanghai,2025-12-30T15:00:00+08:00,close为不复权；风险收益使用pct_chg÷100,千元,TuSharePro.daily,https://tushare.pro/document/1?doc_id=27,Fri Sep 04 2026 20:02:33 GMT+0800 (China Standard Time),公开行情历史快照
600519.SH,贵州茅台,2024-06-20,1500.1,-0.06,3715924.984,有行情,日线,Asia/Shanghai,2025-12-30T15:00:00+08:00,close为不复权；风险收益使用pct_chg÷100,千元,TuSharePro.daily,https://tushare.pro/document/1?doc_id=27,Fri Sep 04 2026 20:02:33 GMT+0800 (China Standard Time),公开行情历史快照
601318.SH,中国平安,2024-06-20,41.51,-1.1667,1525392.591,有行情,日线,Asia/Shanghai,2025-12-30T15:00:00+08:00,close为不复权；风险收益使用pct_chg÷100,千元,TuSharePro.daily,https://tushare.pro/document/1?doc_id=27,Fri Sep 04 2026 20:02:33 GMT+0800 (China Standard Time),公开行情历史快照
000333.SZ,美的集团,2024-06-21,63.95,-0.8066,1544527.731,有行情,日线,Asia/Shanghai,2025-12-30T15:00:00+08:00,close为不复权；风险收益使用pct_chg÷100,千元,TuSharePro.daily,https://tushare.pro/document/1?doc_id=27,Fri Sep 04 2026 20:02:33 GMT+0800 (China Standard Time),公开行情历史快照
000858.SZ,五粮液,2024-06-21,130.2,-1.5129,2781028.409,有行情,日线,Asia/Shanghai,2025-12-30T15:00:00+08:00,close为不复权；风险收益使用pct_chg÷100,千元,TuSharePro.daily,https://tushare.pro/document/1?doc_id=27,Fri Sep 04 2026 20:02:33 GMT+0800 (China Standard Time),公开行情历史快照
002594.SZ,比亚迪,2024-06-21,250.67,-0.33,2916085.594,有行情,日线,Asia/Shanghai,2025-12-30T15:00:00+08:00,close为不复权；风险收益使用pct_chg÷100,千元,TuSharePro.daily,https://tushare.pro/document/1?doc_id=27,Fri Sep 04 2026 20:02:33 GMT+0800 (China Standard Time),公开行情历史快照
300750.SZ,宁德时代,2024-06-21,185.16,-1.5054,3416688.22,有行情,日线,Asia/Shanghai,2025-12-30T15:00:00+08:00,close为不复权；风险收益使用pct_chg÷100,千元,TuSharePro.daily,https://tushare.pro/document/1?doc_id=27,Fri Sep 04 2026 20:02:33 GMT+0800 (China Standard Time),公开行情历史快照
600519.SH,贵州茅台,2024-06-21,1471.0,-1.9399,6418543.742,有行情,日线,Asia/Shanghai,2025-12-30T15:00:00+08:00,close为不复权；风险收益使用pct_chg÷100,千元,TuSharePro.daily,https://tushare.pro/document/1?doc_id=27,Fri Sep 04 2026 20:02:33 GMT+0800 (China Standard Time),公开行情历史快照
601318.SH,中国平安,2024-06-21,41.67,0.3854,1600502.33,有行情,日线,Asia/Shanghai,2025-12-30T15:00:00+08:00,close为不复权；风险收益使用pct_chg÷100,千元,TuSharePro.daily,https://tushare.pro/document/1?doc_id=27,Fri Sep 04 2026 20:02:33 GMT+0800 (China Standard Time),公开行情历史快照
000333.SZ,美的集团,2024-06-24,64.88,1.4543,1993977.958,有行情,日线,Asia/Shanghai,2025-12-30T15:00:00+08:00,close为不复权；风险收益使用pct_chg÷100,千元,TuSharePro.daily,https://tushare.pro/document/1?doc_id=27,Fri Sep 04 2026 20:02:33 GMT+0800 (China Standard Time),公开行情历史快照
000858.SZ,五粮液,2024-06-24,131.03,0.6375,3102546.743,有行情,日线,Asia/Shanghai,2025-12-30T15:00:00+08:00,close为不复权；风险收益使用pct_chg÷100,千元,TuSharePro.daily,https://tushare.pro/document/1?doc_id=27,Fri Sep 04 2026 20:02:33 GMT+0800 (China Standard Time),公开行情历史快照
002594.SZ,比亚迪,2024-06-24,249.94,-0.2912,2719528.81,有行情,日线,Asia/Shanghai,2025-12-30T15:00:00+08:00,close为不复权；风险收益使用pct_chg÷100,千元,TuSharePro.daily,https://tushare.pro/document/1?doc_id=27,Fri Sep 04 2026 20:02:33 GMT+0800 (China Standard Time),公开行情历史快照
300750.SZ,宁德时代,2024-06-24,186.98,0.9829,3363422.626,有行情,日线,Asia/Shanghai,2025-12-30T15:00:00+08:00,close为不复权；风险收益使用pct_chg÷100,千元,TuSharePro.daily,https://tushare.pro/document/1?doc_id=27,Fri Sep 04 2026 20:02:33 GMT+0800 (China Standard Time),公开行情历史快照
600519.SH,贵州茅台,2024-06-24,1476.55,0.3773,9319362.39,有行情,日线,Asia/Shanghai,2025-12-30T15:00:00+08:00,close为不复权；风险收益使用pct_chg÷100,千元,TuSharePro.daily,https://tushare.pro/document/1?doc_id=27,Fri Sep 04 2026 20:02:33 GMT+0800 (China Standard Time),公开行情历史快照
601318.SH,中国平安,2024-06-24,41.8,0.312,1856756.644,有行情,日线,Asia/Shanghai,2025-12-30T15:00:00+08:00,close为不复权；风险收益使用pct_chg÷100,千元,TuSharePro.daily,https://tushare.pro/document/1?doc_id=27,Fri Sep 04 2026 20:02:33 GMT+0800 (China Standard Time),公开行情历史快照
000333.SZ,美的集团,2024-06-25,65.29,0.6319,1652171.356,有行情,日线,Asia/Shanghai,2025-12-30T15:00:00+08:00,close为不复权；风险收益使用pct_chg÷100,千元,TuSharePro.daily,https://tushare.pro/document/1?doc_id=27,Fri Sep 04 2026 20:02:33 GMT+0800 (China Standard Time),公开行情历史快照
000858.SZ,五粮液,2024-06-25,131.51,0.3663,2341480.948,有行情,日线,Asia/Shanghai,2025-12-30T15:00:00+08:00,close为不复权；风险收益使用pct_chg÷100,千元,TuSharePro.daily,https://tushare.pro/document/1?doc_id=27,Fri Sep 04 2026 20:02:33 GMT+0800 (China Standard Time),公开行情历史快照
002594.SZ,比亚迪,2024-06-25,254.01,1.6284,4998561.939,有行情,日线,Asia/Shanghai,2025-12-30T15:00:00+08:00,close为不复权；风险收益使用pct_chg÷100,千元,TuSharePro.daily,https://tushare.pro/document/1?doc_id=27,Fri Sep 04 2026 20:02:33 GMT+0800 (China Standard Time),公开行情历史快照
300750.SZ,宁德时代,2024-06-25,186.32,-0.353,2696969.882,有行情,日线,Asia/Shanghai,2025-12-30T15:00:00+08:00,close为不复权；风险收益使用pct_chg÷100,千元,TuSharePro.daily,https://tushare.pro/document/1?doc_id=27,Fri Sep 04 2026 20:02:33 GMT+0800 (China Standard Time),公开行情历史快照
600519.SH,贵州茅台,2024-06-25,1486.65,0.684,6273919.386,有行情,日线,Asia/Shanghai,2025-12-30T15:00:00+08:00,close为不复权；风险收益使用pct_chg÷100,千元,TuSharePro.daily,https://tushare.pro/document/1?doc_id=27,Fri Sep 04 2026 20:02:33 GMT+0800 (China Standard Time),公开行情历史快照
601318.SH,中国平安,2024-06-25,41.55,-0.5981,1598362.559,有行情,日线,Asia/Shanghai,2025-12-30T15:00:00+08:00,close为不复权；风险收益使用pct_chg÷100,千元,TuSharePro.daily,https://tushare.pro/document/1?doc_id=27,Fri Sep 04 2026 20:02:33 GMT+0800 (China Standard Time),公开行情历史快照
000333.SZ,美的集团,2024-06-26,64.25,-1.5929,1531598.024,有行情,日线,Asia/Shanghai,2025-12-30T15:00:00+08:00,close为不复权；风险收益使用pct_chg÷100,千元,TuSharePro.daily,https://tushare.pro/document/1?doc_id=27,Fri Sep 04 2026 20:02:33 GMT+0800 (China Standard Time),公开行情历史快照
000858.SZ,五粮液,2024-06-26,131.3,-0.1597,1341298.503,有行情,日线,Asia/Shanghai,2025-12-30T15:00:00+08:00,close为不复权；风险收益使用pct_chg÷100,千元,TuSharePro.daily,https://tushare.pro/document/1?doc_id=27,Fri Sep 04 2026 20:02:33 GMT+0800 (China Standard Time),公开行情历史快照
002594.SZ,比亚迪,2024-06-26,252.72,-0.5079,2814435.214,有行情,日线,Asia/Shanghai,2025-12-30T15:00:00+08:00,close为不复权；风险收益使用pct_chg÷100,千元,TuSharePro.daily,https://tushare.pro/document/1?doc_id=27,Fri Sep 04 2026 20:02:33 GMT+0800 (China Standard Time),公开行情历史快照
300750.SZ,宁德时代,2024-06-26,185.51,-0.4347,1940490.559,有行情,日线,Asia/Shanghai,2025-12-30T15:00:00+08:00,close为不复权；风险收益使用pct_chg÷100,千元,TuSharePro.daily,https://tushare.pro/document/1?doc_id=27,Fri Sep 04 2026 20:02:33 GMT+0800 (China Standard Time),公开行情历史快照
600519.SH,贵州茅台,2024-06-26,1489.22,0.1729,4414601.922,有行情,日线,Asia/Shanghai,2025-12-30T15:00:00+08:00,close为不复权；风险收益使用pct_chg÷100,千元,TuSharePro.daily,https://tushare.pro/document/1?doc_id=27,Fri Sep 04 2026 20:02:33 GMT+0800 (China Standard Time),公开行情历史快照
601318.SH,中国平安,2024-06-26,41.65,0.2407,1100552.481,有行情,日线,Asia/Shanghai,2025-12-30T15:00:00+08:00,close为不复权；风险收益使用pct_chg÷100,千元,TuSharePro.daily,https://tushare.pro/document/1?doc_id=27,Fri Sep 04 2026 20:02:33 GMT+0800 (China Standard Time),公开行情历史快照
000333.SZ,美的集团,2024-06-27,64.1,-0.2335,1750926.675,有行情,日线,Asia/Shanghai,2025-12-30T15:00:00+08:00,close为不复权；风险收益使用pct_chg÷100,千元,TuSharePro.daily,https://tushare.pro/document/1?doc_id=27,Fri Sep 04 2026 20:02:33 GMT+0800 (China Standard Time),公开行情历史快照
000858.SZ,五粮液,2024-06-27,129.65,-1.2567,1587676.455,有行情,日线,Asia/Shanghai,2025-12-30T15:00:00+08:00,close为不复权；风险收益使用pct_chg÷100,千元,TuSharePro.daily,https://tushare.pro/document/1?doc_id=27,Fri Sep 04 2026 20:02:33 GMT+0800 (China Standard Time),公开行情历史快照
002594.SZ,比亚迪,2024-06-27,249.5,-1.2741,2074271.452,有行情,日线,Asia/Shanghai,2025-12-30T15:00:00+08:00,close为不复权；风险收益使用pct_chg÷100,千元,TuSharePro.daily,https://tushare.pro/document/1?doc_id=27,Fri Sep 04 2026 20:02:33 GMT+0800 (China Standard Time),公开行情历史快照
300750.SZ,宁德时代,2024-06-27,185.0,-0.2749,2330478.211,有行情,日线,Asia/Shanghai,2025-12-30T15:00:00+08:00,close为不复权；风险收益使用pct_chg÷100,千元,TuSharePro.daily,https://tushare.pro/document/1?doc_id=27,Fri Sep 04 2026 20:02:33 GMT+0800 (China Standard Time),公开行情历史快照
600519.SH,贵州茅台,2024-06-27,1490.49,0.0853,4857959.457,有行情,日线,Asia/Shanghai,2025-12-30T15:00:00+08:00,close为不复权；风险收益使用pct_chg÷100,千元,TuSharePro.daily,https://tushare.pro/document/1?doc_id=27,Fri Sep 04 2026 20:02:33 GMT+0800 (China Standard Time),公开行情历史快照
601318.SH,中国平安,2024-06-27,41.42,-0.5522,1525115.715,有行情,日线,Asia/Shanghai,2025-12-30T15:00:00+08:00,close为不复权；风险收益使用pct_chg÷100,千元,TuSharePro.daily,https://tushare.pro/document/1?doc_id=27,Fri Sep 04 2026 20:02:33 GMT+0800 (China Standard Time),公开行情历史快照
000333.SZ,美的集团,2024-06-28,64.5,0.624,1624767.679,有行情,日线,Asia/Shanghai,2025-12-30T15:00:00+08:00,close为不复权；风险收益使用pct_chg÷100,千元,TuSharePro.daily,https://tushare.pro/document/1?doc_id=27,Fri Sep 04 2026 20:02:33 GMT+0800 (China Standard Time),公开行情历史快照
000858.SZ,五粮液,2024-06-28,128.04,-1.2418,2019328.026,有行情,日线,Asia/Shanghai,2025-12-30T15:00:00+08:00,close为不复权；风险收益使用pct_chg÷100,千元,TuSharePro.daily,https://tushare.pro/document/1?doc_id=27,Fri Sep 04 2026 20:02:33 GMT+0800 (China Standard Time),公开行情历史快照
002594.SZ,比亚迪,2024-06-28,250.25,0.3006,2324520.984,有行情,日线,Asia/Shanghai,2025-12-30T15:00:00+08:00,close为不复权；风险收益使用pct_chg÷100,千元,TuSharePro.daily,https://tushare.pro/document/1?doc_id=27,Fri Sep 04 2026 20:02:33 GMT+0800 (China Standard Time),公开行情历史快照
300750.SZ,宁德时代,2024-06-28,180.03,-2.6865,3539244.333,有行情,日线,Asia/Shanghai,2025-12-30T15:00:00+08:00,close为不复权；风险收益使用pct_chg÷100,千元,TuSharePro.daily,https://tushare.pro/document/1?doc_id=27,Fri Sep 04 2026 20:02:33 GMT+0800 (China Standard Time),公开行情历史快照
600519.SH,贵州茅台,2024-06-28,1467.39,-1.5498,5699649.047,有行情,日线,Asia/Shanghai,2025-12-30T15:00:00+08:00,close为不复权；风险收益使用pct_chg÷100,千元,TuSharePro.daily,https://tushare.pro/document/1?doc_id=27,Fri Sep 04 2026 20:02:33 GMT+0800 (China Standard Time),公开行情历史快照
601318.SH,中国平安,2024-06-28,41.36,-0.1449,1661152.478,有行情,日线,Asia/Shanghai,2025-12-30T15:00:00+08:00,close为不复权；风险收益使用pct_chg÷100,千元,TuSharePro.daily,https://tushare.pro/document/1?doc_id=27,Fri Sep 04 2026 20:02:33 GMT+0800 (China Standard Time),公开行情历史快照
000333.SZ,美的集团,2024-07-01,64.09,-0.6357,1255074.545,有行情,日线,Asia/Shanghai,2025-12-30T15:00:00+08:00,close为不复权；风险收益使用pct_chg÷100,千元,TuSharePro.daily,https://tushare.pro/document/1?doc_id=27,Fri Sep 04 2026 20:02:33 GMT+0800 (China Standard Time),公开行情历史快照
000858.SZ,五粮液,2024-07-01,128.3,0.2031,1964232.829,有行情,日线,Asia/Shanghai,2025-12-30T15:00:00+08:00,close为不复权；风险收益使用pct_chg÷100,千元,TuSharePro.daily,https://tushare.pro/document/1?doc_id=27,Fri Sep 04 2026 20:02:33 GMT+0800 (China Standard Time),公开行情历史快照
002594.SZ,比亚迪,2024-07-01,246.8,-1.3786,3179627.87,有行情,日线,Asia/Shanghai,2025-12-30T15:00:00+08:00,close为不复权；风险收益使用pct_chg÷100,千元,TuSharePro.daily,https://tushare.pro/document/1?doc_id=27,Fri Sep 04 2026 20:02:33 GMT+0800 (China Standard Time),公开行情历史快照
300750.SZ,宁德时代,2024-07-01,176.07,-2.1996,4709620.521,有行情,日线,Asia/Shanghai,2025-12-30T15:00:00+08:00,close为不复权；风险收益使用pct_chg÷100,千元,TuSharePro.daily,https://tushare.pro/document/1?doc_id=27,Fri Sep 04 2026 20:02:33 GMT+0800 (China Standard Time),公开行情历史快照
600519.SH,贵州茅台,2024-07-01,1440.38,-1.8407,4636689.118,有行情,日线,Asia/Shanghai,2025-12-30T15:00:00+08:00,close为不复权；风险收益使用pct_chg÷100,千元,TuSharePro.daily,https://tushare.pro/document/1?doc_id=27,Fri Sep 04 2026 20:02:33 GMT+0800 (China Standard Time),公开行情历史快照
601318.SH,中国平安,2024-07-01,41.62,0.6286,1949715.777,有行情,日线,Asia/Shanghai,2025-12-30T15:00:00+08:00,close为不复权；风险收益使用pct_chg÷100,千元,TuSharePro.daily,https://tushare.pro/document/1?doc_id=27,Fri Sep 04 2026 20:02:33 GMT+0800 (China Standard Time),公开行情历史快照
000333.SZ,美的集团,2024-07-02,63.0,-1.7007,1843585.722,有行情,日线,Asia/Shanghai,2025-12-30T15:00:00+08:00,close为不复权；风险收益使用pct_chg÷100,千元,TuSharePro.daily,https://tushare.pro/document/1?doc_id=27,Fri Sep 04 2026 20:02:33 GMT+0800 (China Standard Time),公开行情历史快照
000858.SZ,五粮液,2024-07-02,131.56,2.5409,3244049.457,有行情,日线,Asia/Shanghai,2025-12-30T15:00:00+08:00,close为不复权；风险收益使用pct_chg÷100,千元,TuSharePro.daily,https://tushare.pro/document/1?doc_id=27,Fri Sep 04 2026 20:02:33 GMT+0800 (China Standard Time),公开行情历史快照
002594.SZ,比亚迪,2024-07-02,243.97,-1.1467,2515326.295,有行情,日线,Asia/Shanghai,2025-12-30T15:00:00+08:00,close为不复权；风险收益使用pct_chg÷100,千元,TuSharePro.daily,https://tushare.pro/document/1?doc_id=27,Fri Sep 04 2026 20:02:33 GMT+0800 (China Standard Time),公开行情历史快照
300750.SZ,宁德时代,2024-07-02,176.08,0.0057,2529552.189,有行情,日线,Asia/Shanghai,2025-12-30T15:00:00+08:00,close为不复权；风险收益使用pct_chg÷100,千元,TuSharePro.daily,https://tushare.pro/document/1?doc_id=27,Fri Sep 04 2026 20:02:33 GMT+0800 (China Standard Time),公开行情历史快照
600519.SH,贵州茅台,2024-07-02,1490.7,3.4935,7659166.816,有行情,日线,Asia/Shanghai,2025-12-30T15:00:00+08:00,close为不复权；风险收益使用pct_chg÷100,千元,TuSharePro.daily,https://tushare.pro/document/1?doc_id=27,Fri Sep 04 2026 20:02:33 GMT+0800 (China Standard Time),公开行情历史快照
601318.SH,中国平安,2024-07-02,42.17,1.3215,2404908.551,有行情,日线,Asia/Shanghai,2025-12-30T15:00:00+08:00,close为不复权；风险收益使用pct_chg÷100,千元,TuSharePro.daily,https://tushare.pro/document/1?doc_id=27,Fri Sep 04 2026 20:02:33 GMT+0800 (China Standard Time),公开行情历史快照
000333.SZ,美的集团,2024-07-03,63.03,0.0476,1145370.115,有行情,日线,Asia/Shanghai,2025-12-30T15:00:00+08:00,close为不复权；风险收益使用pct_chg÷100,千元,TuSharePro.daily,https://tushare.pro/document/1?doc_id=27,Fri Sep 04 2026 20:02:33 GMT+0800 (China Standard Time),公开行情历史快照
000858.SZ,五粮液,2024-07-03,131.0,-0.4257,1631928.152,有行情,日线,Asia/Shanghai,2025-12-30T15:00:00+08:00,close为不复权；风险收益使用pct_chg÷100,千元,TuSharePro.daily,https://tushare.pro/document/1?doc_id=27,Fri Sep 04 2026 20:02:33 GMT+0800 (China Standard Time),公开行情历史快照
002594.SZ,比亚迪,2024-07-03,243.1,-0.3566,2340645.421,有行情,日线,Asia/Shanghai,2025-12-30T15:00:00+08:00,close为不复权；风险收益使用pct_chg÷100,千元,TuSharePro.daily,https://tushare.pro/document/1?doc_id=27,Fri Sep 04 2026 20:02:33 GMT+0800 (China Standard Time),公开行情历史快照
300750.SZ,宁德时代,2024-07-03,179.5,1.9423,2906473.774,有行情,日线,Asia/Shanghai,2025-12-30T15:00:00+08:00,close为不复权；风险收益使用pct_chg÷100,千元,TuSharePro.daily,https://tushare.pro/document/1?doc_id=27,Fri Sep 04 2026 20:02:33 GMT+0800 (China Standard Time),公开行情历史快照
600519.SH,贵州茅台,2024-07-03,1500.0,0.6239,4740808.13,有行情,日线,Asia/Shanghai,2025-12-30T15:00:00+08:00,close为不复权；风险收益使用pct_chg÷100,千元,TuSharePro.daily,https://tushare.pro/document/1?doc_id=27,Fri Sep 04 2026 20:02:33 GMT+0800 (China Standard Time),公开行情历史快照
601318.SH,中国平安,2024-07-03,42.27,0.2371,1248330.595,有行情,日线,Asia/Shanghai,2025-12-30T15:00:00+08:00,close为不复权；风险收益使用pct_chg÷100,千元,TuSharePro.daily,https://tushare.pro/document/1?doc_id=27,Fri Sep 04 2026 20:02:33 GMT+0800 (China Standard Time),公开行情历史快照
000333.SZ,美的集团,2024-07-04,64.6,2.4909,1794060.146,有行情,日线,Asia/Shanghai,2025-12-30T15:00:00+08:00,close为不复权；风险收益使用pct_chg÷100,千元,TuSharePro.daily,https://tushare.pro/document/1?doc_id=27,Fri Sep 04 2026 20:02:33 GMT+0800 (China Standard Time),公开行情历史快照
000858.SZ,五粮液,2024-07-04,130.59,-0.313,1315554.604,有行情,日线,Asia/Shanghai,2025-12-30T15:00:00+08:00,close为不复权；风险收益使用pct_chg÷100,千元,TuSharePro.daily,https://tushare.pro/document/1?doc_id=27,Fri Sep 04 2026 20:02:33 GMT+0800 (China Standard Time),公开行情历史快照
002594.SZ,比亚迪,2024-07-04,244.63,0.6294,2449191.851,有行情,日线,Asia/Shanghai,2025-12-30T15:00:00+08:00,close为不复权；风险收益使用pct_chg÷100,千元,TuSharePro.daily,https://tushare.pro/document/1?doc_id=27,Fri Sep 04 2026 20:02:33 GMT+0800 (China Standard Time),公开行情历史快照
300750.SZ,宁德时代,2024-07-04,179.6,0.0557,2137596.47,有行情,日线,Asia/Shanghai,2025-12-30T15:00:00+08:00,close为不复权；风险收益使用pct_chg÷100,千元,TuSharePro.daily,https://tushare.pro/document/1?doc_id=27,Fri Sep 04 2026 20:02:33 GMT+0800 (China Standard Time),公开行情历史快照
600519.SH,贵州茅台,2024-07-04,1485.74,-0.9507,3637968.895,有行情,日线,Asia/Shanghai,2025-12-30T15:00:00+08:00,close为不复权；风险收益使用pct_chg÷100,千元,TuSharePro.daily,https://tushare.pro/document/1?doc_id=27,Fri Sep 04 2026 20:02:33 GMT+0800 (China Standard Time),公开行情历史快照
601318.SH,中国平安,2024-07-04,41.98,-0.6861,1369924.729,有行情,日线,Asia/Shanghai,2025-12-30T15:00:00+08:00,close为不复权；风险收益使用pct_chg÷100,千元,TuSharePro.daily,https://tushare.pro/document/1?doc_id=27,Fri Sep 04 2026 20:02:33 GMT+0800 (China Standard Time),公开行情历史快照
000333.SZ,美的集团,2024-07-05,64.0,-0.9288,1686503.681,有行情,日线,Asia/Shanghai,2025-12-30T15:00:00+08:00,close为不复权；风险收益使用pct_chg÷100,千元,TuSharePro.daily,https://tushare.pro/document/1?doc_id=27,Fri Sep 04 2026 20:02:33 GMT+0800 (China Standard Time),公开行情历史快照
000858.SZ,五粮液,2024-07-05,128.95,-1.2558,1803448.225,有行情,日线,Asia/Shanghai,2025-12-30T15:00:00+08:00,close为不复权；风险收益使用pct_chg÷100,千元,TuSharePro.daily,https://tushare.pro/document/1?doc_id=27,Fri Sep 04 2026 20:02:33 GMT+0800 (China Standard Time),公开行情历史快照
002594.SZ,比亚迪,2024-07-05,242.03,-1.0628,2308221.433,有行情,日线,Asia/Shanghai,2025-12-30T15:00:00+08:00,close为不复权；风险收益使用pct_chg÷100,千元,TuSharePro.daily,https://tushare.pro/document/1?doc_id=27,Fri Sep 04 2026 20:02:33 GMT+0800 (China Standard Time),公开行情历史快照
300750.SZ,宁德时代,2024-07-05,177.62,-1.1024,2414693.954,有行情,日线,Asia/Shanghai,2025-12-30T15:00:00+08:00,close为不复权；风险收益使用pct_chg÷100,千元,TuSharePro.daily,https://tushare.pro/document/1?doc_id=27,Fri Sep 04 2026 20:02:33 GMT+0800 (China Standard Time),公开行情历史快照
600519.SH,贵州茅台,2024-07-05,1453.0,-2.2036,5664477.336,有行情,日线,Asia/Shanghai,2025-12-30T15:00:00+08:00,close为不复权；风险收益使用pct_chg÷100,千元,TuSharePro.daily,https://tushare.pro/document/1?doc_id=27,Fri Sep 04 2026 20:02:33 GMT+0800 (China Standard Time),公开行情历史快照
601318.SH,中国平安,2024-07-05,41.12,-2.0486,2180477.666,有行情,日线,Asia/Shanghai,2025-12-30T15:00:00+08:00,close为不复权；风险收益使用pct_chg÷100,千元,TuSharePro.daily,https://tushare.pro/document/1?doc_id=27,Fri Sep 04 2026 20:02:33 GMT+0800 (China Standard Time),公开行情历史快照
000333.SZ,美的集团,2024-07-08,64.23,0.3594,1247645.531,有行情,日线,Asia/Shanghai,2025-12-30T15:00:00+08:00,close为不复权；风险收益使用pct_chg÷100,千元,TuSharePro.daily,https://tushare.pro/document/1?doc_id=27,Fri Sep 04 2026 20:02:33 GMT+0800 (China Standard Time),公开行情历史快照
000858.SZ,五粮液,2024-07-08,125.91,-2.3575,2630909.852,有行情,日线,Asia/Shanghai,2025-12-30T15:00:00+08:00,close为不复权；风险收益使用pct_chg÷100,千元,TuSharePro.daily,https://tushare.pro/document/1?doc_id=27,Fri Sep 04 2026 20:02:33 GMT+0800 (China Standard Time),公开行情历史快照
002594.SZ,比亚迪,2024-07-08,244.99,1.223,2591239.967,有行情,日线,Asia/Shanghai,2025-12-30T15:00:00+08:00,close为不复权；风险收益使用pct_chg÷100,千元,TuSharePro.daily,https://tushare.pro/document/1?doc_id=27,Fri Sep 04 2026 20:02:33 GMT+0800 (China Standard Time),公开行情历史快照
300750.SZ,宁德时代,2024-07-08,175.91,-0.9627,1907514.42,有行情,日线,Asia/Shanghai,2025-12-30T15:00:00+08:00,close为不复权；风险收益使用pct_chg÷100,千元,TuSharePro.daily,https://tushare.pro/document/1?doc_id=27,Fri Sep 04 2026 20:02:33 GMT+0800 (China Standard Time),公开行情历史快照
600519.SH,贵州茅台,2024-07-08,1420.0,-2.2712,5657951.348,有行情,日线,Asia/Shanghai,2025-12-30T15:00:00+08:00,close为不复权；风险收益使用pct_chg÷100,千元,TuSharePro.daily,https://tushare.pro/document/1?doc_id=27,Fri Sep 04 2026 20:02:33 GMT+0800 (China Standard Time),公开行情历史快照
601318.SH,中国平安,2024-07-08,40.84,-0.6809,1388961.719,有行情,日线,Asia/Shanghai,2025-12-30T15:00:00+08:00,close为不复权；风险收益使用pct_chg÷100,千元,TuSharePro.daily,https://tushare.pro/document/1?doc_id=27,Fri Sep 04 2026 20:02:33 GMT+0800 (China Standard Time),公开行情历史快照
000333.SZ,美的集团,2024-07-09,64.1,-0.2024,1392889.372,有行情,日线,Asia/Shanghai,2025-12-30T15:00:00+08:00,close为不复权；风险收益使用pct_chg÷100,千元,TuSharePro.daily,https://tushare.pro/document/1?doc_id=27,Fri Sep 04 2026 20:02:33 GMT+0800 (China Standard Time),公开行情历史快照
000858.SZ,五粮液,2024-07-09,127.07,0.9213,2475816.884,有行情,日线,Asia/Shanghai,2025-12-30T15:00:00+08:00,close为不复权；风险收益使用pct_chg÷100,千元,TuSharePro.daily,https://tushare.pro/document/1?doc_id=27,Fri Sep 04 2026 20:02:33 GMT+0800 (China Standard Time),公开行情历史快照
002594.SZ,比亚迪,2024-07-09,252.6,3.1062,3506898.661,有行情,日线,Asia/Shanghai,2025-12-30T15:00:00+08:00,close为不复权；风险收益使用pct_chg÷100,千元,TuSharePro.daily,https://tushare.pro/document/1?doc_id=27,Fri Sep 04 2026 20:02:33 GMT+0800 (China Standard Time),公开行情历史快照
300750.SZ,宁德时代,2024-07-09,175.77,-0.0796,2876833.39,有行情,日线,Asia/Shanghai,2025-12-30T15:00:00+08:00,close为不复权；风险收益使用pct_chg÷100,千元,TuSharePro.daily,https://tushare.pro/document/1?doc_id=27,Fri Sep 04 2026 20:02:33 GMT+0800 (China Standard Time),公开行情历史快照
600519.SH,贵州茅台,2024-07-09,1438.03,1.2697,4807957.927,有行情,日线,Asia/Shanghai,2025-12-30T15:00:00+08:00,close为不复权；风险收益使用pct_chg÷100,千元,TuSharePro.daily,https://tushare.pro/document/1?doc_id=27,Fri Sep 04 2026 20:02:33 GMT+0800 (China Standard Time),公开行情历史快照
601318.SH,中国平安,2024-07-09,41.52,1.665,1565430.222,有行情,日线,Asia/Shanghai,2025-12-30T15:00:00+08:00,close为不复权；风险收益使用pct_chg÷100,千元,TuSharePro.daily,https://tushare.pro/document/1?doc_id=27,Fri Sep 04 2026 20:02:33 GMT+0800 (China Standard Time),公开行情历史快照
000333.SZ,美的集团,2024-07-10,63.81,-0.4524,1016718.37,有行情,日线,Asia/Shanghai,2025-12-30T15:00:00+08:00,close为不复权；风险收益使用pct_chg÷100,千元,TuSharePro.daily,https://tushare.pro/document/1?doc_id=27,Fri Sep 04 2026 20:02:33 GMT+0800 (China Standard Time),公开行情历史快照
000858.SZ,五粮液,2024-07-10,126.54,-0.4171,1964272.87,有行情,日线,Asia/Shanghai,2025-12-30T15:00:00+08:00,close为不复权；风险收益使用pct_chg÷100,千元,TuSharePro.daily,https://tushare.pro/document/1?doc_id=27,Fri Sep 04 2026 20:02:33 GMT+0800 (China Standard Time),公开行情历史快照
002594.SZ,比亚迪,2024-07-10,252.5,-0.0396,2767913.672,有行情,日线,Asia/Shanghai,2025-12-30T15:00:00+08:00,close为不复权；风险收益使用pct_chg÷100,千元,TuSharePro.daily,https://tushare.pro/document/1?doc_id=27,Fri Sep 04 2026 20:02:33 GMT+0800 (China Standard Time),公开行情历史快照
300750.SZ,宁德时代,2024-07-10,173.05,-1.5475,3123226.777,有行情,日线,Asia/Shanghai,2025-12-30T15:00:00+08:00,close为不复权；风险收益使用pct_chg÷100,千元,TuSharePro.daily,https://tushare.pro/document/1?doc_id=27,Fri Sep 04 2026 20:02:33 GMT+0800 (China Standard Time),公开行情历史快照
600519.SH,贵州茅台,2024-07-10,1437.59,-0.0306,3436693.365,有行情,日线,Asia/Shanghai,2025-12-30T15:00:00+08:00,close为不复权；风险收益使用pct_chg÷100,千元,TuSharePro.daily,https://tushare.pro/document/1?doc_id=27,Fri Sep 04 2026 20:02:33 GMT+0800 (China Standard Time),公开行情历史快照
601318.SH,中国平安,2024-07-10,41.86,0.8189,1507496.307,有行情,日线,Asia/Shanghai,2025-12-30T15:00:00+08:00,close为不复权；风险收益使用pct_chg÷100,千元,TuSharePro.daily,https://tushare.pro/document/1?doc_id=27,Fri Sep 04 2026 20:02:33 GMT+0800 (China Standard Time),公开行情历史快照
000333.SZ,美的集团,2024-07-11,63.9,0.141,1727208.383,有行情,日线,Asia/Shanghai,2025-12-30T15:00:00+08:00,close为不复权；风险收益使用pct_chg÷100,千元,TuSharePro.daily,https://tushare.pro/document/1?doc_id=27,Fri Sep 04 2026 20:02:33 GMT+0800 (China Standard Time),公开行情历史快照
000858.SZ,五粮液,2024-07-11,130.48,3.1136,3349449.291,有行情,日线,Asia/Shanghai,2025-12-30T15:00:00+08:00,close为不复权；风险收益使用pct_chg÷100,千元,TuSharePro.daily,https://tushare.pro/document/1?doc_id=27,Fri Sep 04 2026 20:02:33 GMT+0800 (China Standard Time),公开行情历史快照
002594.SZ,比亚迪,2024-07-11,253.06,0.2218,2546645.362,有行情,日线,Asia/Shanghai,2025-12-30T15:00:00+08:00,close为不复权；风险收益使用pct_chg÷100,千元,TuSharePro.daily,https://tushare.pro/document/1?doc_id=27,Fri Sep 04 2026 20:02:33 GMT+0800 (China Standard Time),公开行情历史快照
300750.SZ,宁德时代,2024-07-11,177.01,2.2884,3678618.34,有行情,日线,Asia/Shanghai,2025-12-30T15:00:00+08:00,close为不复权；风险收益使用pct_chg÷100,千元,TuSharePro.daily,https://tushare.pro/document/1?doc_id=27,Fri Sep 04 2026 20:02:33 GMT+0800 (China Standard Time),公开行情历史快照
600519.SH,贵州茅台,2024-07-11,1462.09,1.7042,4236960.596,有行情,日线,Asia/Shanghai,2025-12-30T15:00:00+08:00,close为不复权；风险收益使用pct_chg÷100,千元,TuSharePro.daily,https://tushare.pro/document/1?doc_id=27,Fri Sep 04 2026 20:02:33 GMT+0800 (China Standard Time),公开行情历史快照
601318.SH,中国平安,2024-07-11,41.94,0.1911,1582861.429,有行情,日线,Asia/Shanghai,2025-12-30T15:00:00+08:00,close为不复权；风险收益使用pct_chg÷100,千元,TuSharePro.daily,https://tushare.pro/document/1?doc_id=27,Fri Sep 04 2026 20:02:33 GMT+0800 (China Standard Time),公开行情历史快照
000333.SZ,美的集团,2024-07-12,65.0,1.7214,1588658.353,有行情,日线,Asia/Shanghai,2025-12-30T15:00:00+08:00,close为不复权；风险收益使用pct_chg÷100,千元,TuSharePro.daily,https://tushare.pro/document/1?doc_id=27,Fri Sep 04 2026 20:02:33 GMT+0800 (China Standard Time),公开行情历史快照
000858.SZ,五粮液,2024-07-12,127.4,1.2638,2401467.289,有行情,日线,Asia/Shanghai,2025-12-30T15:00:00+08:00,close为不复权；风险收益使用pct_chg÷100,千元,TuSharePro.daily,https://tushare.pro/document/1?doc_id=27,Fri Sep 04 2026 20:02:33 GMT+0800 (China Standard Time),公开行情历史快照
002594.SZ,比亚迪,2024-07-12,262.62,3.7778,4891988.725,有行情,日线,Asia/Shanghai,2025-12-30T15:00:00+08:00,close为不复权；风险收益使用pct_chg÷100,千元,TuSharePro.daily,https://tushare.pro/document/1?doc_id=27,Fri Sep 04 2026 20:02:33 GMT+0800 (China Standard Time),公开行情历史快照
300750.SZ,宁德时代,2024-07-12,179.8,1.5762,3523525.354,有行情,日线,Asia/Shanghai,2025-12-30T15:00:00+08:00,close为不复权；风险收益使用pct_chg÷100,千元,TuSharePro.daily,https://tushare.pro/document/1?doc_id=27,Fri Sep 04 2026 20:02:33 GMT+0800 (China Standard Time),公开行情历史快照
600519.SH,贵州茅台,2024-07-12,1478.82,1.1443,3451132.648,有行情,日线,Asia/Shanghai,2025-12-30T15:00:00+08:00,close为不复权；风险收益使用pct_chg÷100,千元,TuSharePro.daily,https://tushare.pro/document/1?doc_id=27,Fri Sep 04 2026 20:02:33 GMT+0800 (China Standard Time),公开行情历史快照
601318.SH,中国平安,2024-07-12,42.68,1.7644,2110496.361,有行情,日线,Asia/Shanghai,2025-12-30T15:00:00+08:00,close为不复权；风险收益使用pct_chg÷100,千元,TuSharePro.daily,https://tushare.pro/document/1?doc_id=27,Fri Sep 04 2026 20:02:33 GMT+0800 (China Standard Time),公开行情历史快照
000333.SZ,美的集团,2024-07-15,64.94,-0.0923,1104204.269,有行情,日线,Asia/Shanghai,2025-12-30T15:00:00+08:00,close为不复权；风险收益使用pct_chg÷100,千元,TuSharePro.daily,https://tushare.pro/document/1?doc_id=27,Fri Sep 04 2026 20:02:33 GMT+0800 (China Standard Time),公开行情历史快照
000858.SZ,五粮液,2024-07-15,127.5,0.0785,1532479.885,有行情,日线,Asia/Shanghai,2025-12-30T15:00:00+08:00,close为不复权；风险收益使用pct_chg÷100,千元,TuSharePro.daily,https://tushare.pro/document/1?doc_id=27,Fri Sep 04 2026 20:02:33 GMT+0800 (China Standard Time),公开行情历史快照
002594.SZ,比亚迪,2024-07-15,261.71,-0.3465,2590423.502,有行情,日线,Asia/Shanghai,2025-12-30T15:00:00+08:00,close为不复权；风险收益使用pct_chg÷100,千元,TuSharePro.daily,https://tushare.pro/document/1?doc_id=27,Fri Sep 04 2026 20:02:33 GMT+0800 (China Standard Time),公开行情历史快照
300750.SZ,宁德时代,2024-07-15,178.12,-0.9344,2041627.402,有行情,日线,Asia/Shanghai,2025-12-30T15:00:00+08:00,close为不复权；风险收益使用pct_chg÷100,千元,TuSharePro.daily,https://tushare.pro/document/1?doc_id=27,Fri Sep 04 2026 20:02:33 GMT+0800 (China Standard Time),公开行情历史快照
600519.SH,贵州茅台,2024-07-15,1474.9,-0.2651,2835374.73,有行情,日线,Asia/Shanghai,2025-12-30T15:00:00+08:00,close为不复权；风险收益使用pct_chg÷100,千元,TuSharePro.daily,https://tushare.pro/document/1?doc_id=27,Fri Sep 04 2026 20:02:33 GMT+0800 (China Standard Time),公开行情历史快照
601318.SH,中国平安,2024-07-15,42.53,-0.3515,1513495.679,有行情,日线,Asia/Shanghai,2025-12-30T15:00:00+08:00,close为不复权；风险收益使用pct_chg÷100,千元,TuSharePro.daily,https://tushare.pro/document/1?doc_id=27,Fri Sep 04 2026 20:02:33 GMT+0800 (China Standard Time),公开行情历史快照
000333.SZ,美的集团,2024-07-16,64.27,-1.0317,1313240.364,有行情,日线,Asia/Shanghai,2025-12-30T15:00:00+08:00,close为不复权；风险收益使用pct_chg÷100,千元,TuSharePro.daily,https://tushare.pro/document/1?doc_id=27,Fri Sep 04 2026 20:02:33 GMT+0800 (China Standard Time),公开行情历史快照
000858.SZ,五粮液,2024-07-16,127.48,-0.0157,1967032.428,有行情,日线,Asia/Shanghai,2025-12-30T15:00:00+08:00,close为不复权；风险收益使用pct_chg÷100,千元,TuSharePro.daily,https://tushare.pro/document/1?doc_id=27,Fri Sep 04 2026 20:02:33 GMT+0800 (China Standard Time),公开行情历史快照
002594.SZ,比亚迪,2024-07-16,258.99,-1.0393,3043326.156,有行情,日线,Asia/Shanghai,2025-12-30T15:00:00+08:00,close为不复权；风险收益使用pct_chg÷100,千元,TuSharePro.daily,https://tushare.pro/document/1?doc_id=27,Fri Sep 04 2026 20:02:33 GMT+0800 (China Standard Time),公开行情历史快照
300750.SZ,宁德时代,2024-07-16,179.3,0.6625,2710034.963,有行情,日线,Asia/Shanghai,2025-12-30T15:00:00+08:00,close为不复权；风险收益使用pct_chg÷100,千元,TuSharePro.daily,https://tushare.pro/document/1?doc_id=27,Fri Sep 04 2026 20:02:33 GMT+0800 (China Standard Time),公开行情历史快照
600519.SH,贵州茅台,2024-07-16,1476.0,0.0746,2998367.128,有行情,日线,Asia/Shanghai,2025-12-30T15:00:00+08:00,close为不复权；风险收益使用pct_chg÷100,千元,TuSharePro.daily,https://tushare.pro/document/1?doc_id=27,Fri Sep 04 2026 20:02:33 GMT+0800 (China Standard Time),公开行情历史快照
601318.SH,中国平安,2024-07-16,41.19,-3.1507,3870524.307,有行情,日线,Asia/Shanghai,2025-12-30T15:00:00+08:00,close为不复权；风险收益使用pct_chg÷100,千元,TuSharePro.daily,https://tushare.pro/document/1?doc_id=27,Fri Sep 04 2026 20:02:33 GMT+0800 (China Standard Time),公开行情历史快照
000333.SZ,美的集团,2024-07-17,62.83,-2.2405,2909157.024,有行情,日线,Asia/Shanghai,2025-12-30T15:00:00+08:00,close为不复权；风险收益使用pct_chg÷100,千元,TuSharePro.daily,https://tushare.pro/document/1?doc_id=27,Fri Sep 04 2026 20:02:33 GMT+0800 (China Standard Time),公开行情历史快照
000858.SZ,五粮液,2024-07-17,130.76,2.573,2960415.564,有行情,日线,Asia/Shanghai,2025-12-30T15:00:00+08:00,close为不复权；风险收益使用pct_chg÷100,千元,TuSharePro.daily,https://tushare.pro/document/1?doc_id=27,Fri Sep 04 2026 20:02:33 GMT+0800 (China Standard Time),公开行情历史快照
002594.SZ,比亚迪,2024-07-17,259.51,0.2008,2726321.475,有行情,日线,Asia/Shanghai,2025-12-30T15:00:00+08:00,close为不复权；风险收益使用pct_chg÷100,千元,TuSharePro.daily,https://tushare.pro/document/1?doc_id=27,Fri Sep 04 2026 20:02:33 GMT+0800 (China Standard Time),公开行情历史快照
300750.SZ,宁德时代,2024-07-17,180.89,0.8868,3346445.646,有行情,日线,Asia/Shanghai,2025-12-30T15:00:00+08:00,close为不复权；风险收益使用pct_chg÷100,千元,TuSharePro.daily,https://tushare.pro/document/1?doc_id=27,Fri Sep 04 2026 20:02:33 GMT+0800 (China Standard Time),公开行情历史快照
600519.SH,贵州茅台,2024-07-17,1501.4,1.7209,5115680.654,有行情,日线,Asia/Shanghai,2025-12-30T15:00:00+08:00,close为不复权；风险收益使用pct_chg÷100,千元,TuSharePro.daily,https://tushare.pro/document/1?doc_id=27,Fri Sep 04 2026 20:02:33 GMT+0800 (China Standard Time),公开行情历史快照
601318.SH,中国平安,2024-07-17,42.29,2.6706,3268159.911,有行情,日线,Asia/Shanghai,2025-12-30T15:00:00+08:00,close为不复权；风险收益使用pct_chg÷100,千元,TuSharePro.daily,https://tushare.pro/document/1?doc_id=27,Fri Sep 04 2026 20:02:33 GMT+0800 (China Standard Time),公开行情历史快照
000333.SZ,美的集团,2024-07-18,63.9,1.703,2193053.871,有行情,日线,Asia/Shanghai,2025-12-30T15:00:00+08:00,close为不复权；风险收益使用pct_chg÷100,千元,TuSharePro.daily,https://tushare.pro/document/1?doc_id=27,Fri Sep 04 2026 20:02:33 GMT+0800 (China Standard Time),公开行情历史快照
000858.SZ,五粮液,2024-07-18,131.1,0.26,2444968.667,有行情,日线,Asia/Shanghai,2025-12-30T15:00:00+08:00,close为不复权；风险收益使用pct_chg÷100,千元,TuSharePro.daily,https://tushare.pro/document/1?doc_id=27,Fri Sep 04 2026 20:02:33 GMT+0800 (China Standard Time),公开行情历史快照
002594.SZ,比亚迪,2024-07-18,261.43,0.7399,2487441.704,有行情,日线,Asia/Shanghai,2025-12-30T15:00:00+08:00,close为不复权；风险收益使用pct_chg÷100,千元,TuSharePro.daily,https://tushare.pro/document/1?doc_id=27,Fri Sep 04 2026 20:02:33 GMT+0800 (China Standard Time),公开行情历史快照
300750.SZ,宁德时代,2024-07-18,188.35,4.1241,5957621.426,有行情,日线,Asia/Shanghai,2025-12-30T15:00:00+08:00,close为不复权；风险收益使用pct_chg÷100,千元,TuSharePro.daily,https://tushare.pro/document/1?doc_id=27,Fri Sep 04 2026 20:02:33 GMT+0800 (China Standard Time),公开行情历史快照
600519.SH,贵州茅台,2024-07-18,1497.51,-0.2591,4337214.601,有行情,日线,Asia/Shanghai,2025-12-30T15:00:00+08:00,close为不复权；风险收益使用pct_chg÷100,千元,TuSharePro.daily,https://tushare.pro/document/1?doc_id=27,Fri Sep 04 2026 20:02:33 GMT+0800 (China Standard Time),公开行情历史快照
601318.SH,中国平安,2024-07-18,42.37,0.1892,2175992.699,有行情,日线,Asia/Shanghai,2025-12-30T15:00:00+08:00,close为不复权；风险收益使用pct_chg÷100,千元,TuSharePro.daily,https://tushare.pro/document/1?doc_id=27,Fri Sep 04 2026 20:02:33 GMT+0800 (China Standard Time),公开行情历史快照
000333.SZ,美的集团,2024-07-19,63.6,-0.4695,1381064.608,有行情,日线,Asia/Shanghai,2025-12-30T15:00:00+08:00,close为不复权；风险收益使用pct_chg÷100,千元,TuSharePro.daily,https://tushare.pro/document/1?doc_id=27,Fri Sep 04 2026 20:02:33 GMT+0800 (China Standard Time),公开行情历史快照
000858.SZ,五粮液,2024-07-19,133.42,1.7696,2517623.683,有行情,日线,Asia/Shanghai,2025-12-30T15:00:00+08:00,close为不复权；风险收益使用pct_chg÷100,千元,TuSharePro.daily,https://tushare.pro/document/1?doc_id=27,Fri Sep 04 2026 20:02:33 GMT+0800 (China Standard Time),公开行情历史快照
002594.SZ,比亚迪,2024-07-19,264.06,1.006,3593320.512,有行情,日线,Asia/Shanghai,2025-12-30T15:00:00+08:00,close为不复权；风险收益使用pct_chg÷100,千元,TuSharePro.daily,https://tushare.pro/document/1?doc_id=27,Fri Sep 04 2026 20:02:33 GMT+0800 (China Standard Time),公开行情历史快照
300750.SZ,宁德时代,2024-07-19,189.44,0.5787,3929663.335,有行情,日线,Asia/Shanghai,2025-12-30T15:00:00+08:00,close为不复权；风险收益使用pct_chg÷100,千元,TuSharePro.daily,https://tushare.pro/document/1?doc_id=27,Fri Sep 04 2026 20:02:33 GMT+0800 (China Standard Time),公开行情历史快照
600519.SH,贵州茅台,2024-07-19,1525.62,1.8771,5888615.145,有行情,日线,Asia/Shanghai,2025-12-30T15:00:00+08:00,close为不复权；风险收益使用pct_chg÷100,千元,TuSharePro.daily,https://tushare.pro/document/1?doc_id=27,Fri Sep 04 2026 20:02:33 GMT+0800 (China Standard Time),公开行情历史快照
601318.SH,中国平安,2024-07-19,43.03,1.5577,2610070.265,有行情,日线,Asia/Shanghai,2025-12-30T15:00:00+08:00,close为不复权；风险收益使用pct_chg÷100,千元,TuSharePro.daily,https://tushare.pro/document/1?doc_id=27,Fri Sep 04 2026 20:02:33 GMT+0800 (China Standard Time),公开行情历史快照
000333.SZ,美的集团,2024-07-22,63.63,0.0472,1273643.439,有行情,日线,Asia/Shanghai,2025-12-30T15:00:00+08:00,close为不复权；风险收益使用pct_chg÷100,千元,TuSharePro.daily,https://tushare.pro/document/1?doc_id=27,Fri Sep 04 2026 20:02:33 GMT+0800 (China Standard Time),公开行情历史快照
000858.SZ,五粮液,2024-07-22,131.22,-1.6489,2065619.592,有行情,日线,Asia/Shanghai,2025-12-30T15:00:00+08:00,close为不复权；风险收益使用pct_chg÷100,千元,TuSharePro.daily,https://tushare.pro/document/1?doc_id=27,Fri Sep 04 2026 20:02:33 GMT+0800 (China Standard Time),公开行情历史快照
002594.SZ,比亚迪,2024-07-22,265.61,0.587,2688874.276,有行情,日线,Asia/Shanghai,2025-12-30T15:00:00+08:00,close为不复权；风险收益使用pct_chg÷100,千元,TuSharePro.daily,https://tushare.pro/document/1?doc_id=27,Fri Sep 04 2026 20:02:33 GMT+0800 (China Standard Time),公开行情历史快照
300750.SZ,宁德时代,2024-07-22,189.52,0.0422,3259890.053,有行情,日线,Asia/Shanghai,2025-12-30T15:00:00+08:00,close为不复权；风险收益使用pct_chg÷100,千元,TuSharePro.daily,https://tushare.pro/document/1?doc_id=27,Fri Sep 04 2026 20:02:33 GMT+0800 (China Standard Time),公开行情历史快照
600519.SH,贵州茅台,2024-07-22,1499.0,-1.7449,4300813.31,有行情,日线,Asia/Shanghai,2025-12-30T15:00:00+08:00,close为不复权；风险收益使用pct_chg÷100,千元,TuSharePro.daily,https://tushare.pro/document/1?doc_id=27,Fri Sep 04 2026 20:02:33 GMT+0800 (China Standard Time),公开行情历史快照
601318.SH,中国平安,2024-07-22,43.0,-0.0697,1890312.953,有行情,日线,Asia/Shanghai,2025-12-30T15:00:00+08:00,close为不复权；风险收益使用pct_chg÷100,千元,TuSharePro.daily,https://tushare.pro/document/1?doc_id=27,Fri Sep 04 2026 20:02:33 GMT+0800 (China Standard Time),公开行情历史快照
000333.SZ,美的集团,2024-07-23,62.38,-1.9645,1165932.04,有行情,日线,Asia/Shanghai,2025-12-30T15:00:00+08:00,close为不复权；风险收益使用pct_chg÷100,千元,TuSharePro.daily,https://tushare.pro/document/1?doc_id=27,Fri Sep 04 2026 20:02:33 GMT+0800 (China Standard Time),公开行情历史快照
000858.SZ,五粮液,2024-07-23,126.8,-3.3684,2540829.813,有行情,日线,Asia/Shanghai,2025-12-30T15:00:00+08:00,close为不复权；风险收益使用pct_chg÷100,千元,TuSharePro.daily,https://tushare.pro/document/1?doc_id=27,Fri Sep 04 2026 20:02:33 GMT+0800 (China Standard Time),公开行情历史快照
002594.SZ,比亚迪,2024-07-23,253.23,-4.661,4318283.785,有行情,日线,Asia/Shanghai,2025-12-30T15:00:00+08:00,close为不复权；风险收益使用pct_chg÷100,千元,TuSharePro.daily,https://tushare.pro/document/1?doc_id=27,Fri Sep 04 2026 20:02:33 GMT+0800 (China Standard Time),公开行情历史快照
300750.SZ,宁德时代,2024-07-23,186.2,-1.7518,2233862.306,有行情,日线,Asia/Shanghai,2025-12-30T15:00:00+08:00,close为不复权；风险收益使用pct_chg÷100,千元,TuSharePro.daily,https://tushare.pro/document/1?doc_id=27,Fri Sep 04 2026 20:02:33 GMT+0800 (China Standard Time),公开行情历史快照
600519.SH,贵州茅台,2024-07-23,1455.0,-2.9353,4555460.198,有行情,日线,Asia/Shanghai,2025-12-30T15:00:00+08:00,close为不复权；风险收益使用pct_chg÷100,千元,TuSharePro.daily,https://tushare.pro/document/1?doc_id=27,Fri Sep 04 2026 20:02:33 GMT+0800 (China Standard Time),公开行情历史快照
601318.SH,中国平安,2024-07-23,42.79,-0.4884,1978447.935,有行情,日线,Asia/Shanghai,2025-12-30T15:00:00+08:00,close为不复权；风险收益使用pct_chg÷100,千元,TuSharePro.daily,https://tushare.pro/document/1?doc_id=27,Fri Sep 04 2026 20:02:33 GMT+0800 (China Standard Time),公开行情历史快照
000333.SZ,美的集团,2024-07-24,60.08,-3.6871,2757887.294,有行情,日线,Asia/Shanghai,2025-12-30T15:00:00+08:00,close为不复权；风险收益使用pct_chg÷100,千元,TuSharePro.daily,https://tushare.pro/document/1?doc_id=27,Fri Sep 04 2026 20:02:33 GMT+0800 (China Standard Time),公开行情历史快照
000858.SZ,五粮液,2024-07-24,126.06,-0.5836,1813586.525,有行情,日线,Asia/Shanghai,2025-12-30T15:00:00+08:00,close为不复权；风险收益使用pct_chg÷100,千元,TuSharePro.daily,https://tushare.pro/document/1?doc_id=27,Fri Sep 04 2026 20:02:33 GMT+0800 (China Standard Time),公开行情历史快照
002594.SZ,比亚迪,2024-07-24,249.99,-1.2795,2976544.505,有行情,日线,Asia/Shanghai,2025-12-30T15:00:00+08:00,close为不复权；风险收益使用pct_chg÷100,千元,TuSharePro.daily,https://tushare.pro/document/1?doc_id=27,Fri Sep 04 2026 20:02:33 GMT+0800 (China Standard Time),公开行情历史快照
300750.SZ,宁德时代,2024-07-24,186.32,0.0644,2708577.543,有行情,日线,Asia/Shanghai,2025-12-30T15:00:00+08:00,close为不复权；风险收益使用pct_chg÷100,千元,TuSharePro.daily,https://tushare.pro/document/1?doc_id=27,Fri Sep 04 2026 20:02:33 GMT+0800 (China Standard Time),公开行情历史快照
600519.SH,贵州茅台,2024-07-24,1440.02,-1.0296,3490200.973,有行情,日线,Asia/Shanghai,2025-12-30T15:00:00+08:00,close为不复权；风险收益使用pct_chg÷100,千元,TuSharePro.daily,https://tushare.pro/document/1?doc_id=27,Fri Sep 04 2026 20:02:33 GMT+0800 (China Standard Time),公开行情历史快照
601318.SH,中国平安,2024-07-24,42.56,-0.5375,1644933.09,有行情,日线,Asia/Shanghai,2025-12-30T15:00:00+08:00,close为不复权；风险收益使用pct_chg÷100,千元,TuSharePro.daily,https://tushare.pro/document/1?doc_id=27,Fri Sep 04 2026 20:02:33 GMT+0800 (China Standard Time),公开行情历史快照
000333.SZ,美的集团,2024-07-25,59.4,-1.1318,1787253.322,有行情,日线,Asia/Shanghai,2025-12-30T15:00:00+08:00,close为不复权；风险收益使用pct_chg÷100,千元,TuSharePro.daily,https://tushare.pro/document/1?doc_id=27,Fri Sep 04 2026 20:02:33 GMT+0800 (China Standard Time),公开行情历史快照
000858.SZ,五粮液,2024-07-25,125.78,-0.2221,1485089.89,有行情,日线,Asia/Shanghai,2025-12-30T15:00:00+08:00,close为不复权；风险收益使用pct_chg÷100,千元,TuSharePro.daily,https://tushare.pro/document/1?doc_id=27,Fri Sep 04 2026 20:02:33 GMT+0800 (China Standard Time),公开行情历史快照
002594.SZ,比亚迪,2024-07-25,250.39,0.16,2533958.369,有行情,日线,Asia/Shanghai,2025-12-30T15:00:00+08:00,close为不复权；风险收益使用pct_chg÷100,千元,TuSharePro.daily,https://tushare.pro/document/1?doc_id=27,Fri Sep 04 2026 20:02:33 GMT+0800 (China Standard Time),公开行情历史快照
300750.SZ,宁德时代,2024-07-25,187.73,0.7568,3863507.112,有行情,日线,Asia/Shanghai,2025-12-30T15:00:00+08:00,close为不复权；风险收益使用pct_chg÷100,千元,TuSharePro.daily,https://tushare.pro/document/1?doc_id=27,Fri Sep 04 2026 20:02:33 GMT+0800 (China Standard Time),公开行情历史快照
600519.SH,贵州茅台,2024-07-25,1430.49,-0.6618,4054086.714,有行情,日线,Asia/Shanghai,2025-12-30T15:00:00+08:00,close为不复权；风险收益使用pct_chg÷100,千元,TuSharePro.daily,https://tushare.pro/document/1?doc_id=27,Fri Sep 04 2026 20:02:33 GMT+0800 (China Standard Time),公开行情历史快照
601318.SH,中国平安,2024-07-25,42.57,0.0235,1874557.285,有行情,日线,Asia/Shanghai,2025-12-30T15:00:00+08:00,close为不复权；风险收益使用pct_chg÷100,千元,TuSharePro.daily,https://tushare.pro/document/1?doc_id=27,Fri Sep 04 2026 20:02:33 GMT+0800 (China Standard Time),公开行情历史快照
000333.SZ,美的集团,2024-07-26,62.84,5.7912,3598947.643,有行情,日线,Asia/Shanghai,2025-12-30T15:00:00+08:00,close为不复权；风险收益使用pct_chg÷100,千元,TuSharePro.daily,https://tushare.pro/document/1?doc_id=27,Fri Sep 04 2026 20:02:33 GMT+0800 (China Standard Time),公开行情历史快照
000858.SZ,五粮液,2024-07-26,126.2,0.3339,1439101.532,有行情,日线,Asia/Shanghai,2025-12-30T15:00:00+08:00,close为不复权；风险收益使用pct_chg÷100,千元,TuSharePro.daily,https://tushare.pro/document/1?doc_id=27,Fri Sep 04 2026 20:02:33 GMT+0800 (China Standard Time),公开行情历史快照
002594.SZ,比亚迪,2024-07-26,254.95,1.8212,3180235.007,有行情,日线,Asia/Shanghai,2025-12-30T15:00:00+08:00,close为不复权；风险收益使用pct_chg÷100,千元,TuSharePro.daily,https://tushare.pro/document/1?doc_id=27,Fri Sep 04 2026 20:02:33 GMT+0800 (China Standard Time),公开行情历史快照
300750.SZ,宁德时代,2024-07-26,189.35,0.8629,4436931.315,有行情,日线,Asia/Shanghai,2025-12-30T15:00:00+08:00,close为不复权；风险收益使用pct_chg÷100,千元,TuSharePro.daily,https://tushare.pro/document/1?doc_id=27,Fri Sep 04 2026 20:02:33 GMT+0800 (China Standard Time),公开行情历史快照
600519.SH,贵州茅台,2024-07-26,1422.19,-0.5802,4594928.574,有行情,日线,Asia/Shanghai,2025-12-30T15:00:00+08:00,close为不复权；风险收益使用pct_chg÷100,千元,TuSharePro.daily,https://tushare.pro/document/1?doc_id=27,Fri Sep 04 2026 20:02:33 GMT+0800 (China Standard Time),公开行情历史快照
601318.SH,中国平安,2024-07-26,41.09,0.0243,2099407.784,有行情,日线,Asia/Shanghai,2025-12-30T15:00:00+08:00,close为不复权；风险收益使用pct_chg÷100,千元,TuSharePro.daily,https://tushare.pro/document/1?doc_id=27,Fri Sep 04 2026 20:02:33 GMT+0800 (China Standard Time),公开行情历史快照
000333.SZ,美的集团,2024-07-29,62.88,0.0637,1297587.355,有行情,日线,Asia/Shanghai,2025-12-30T15:00:00+08:00,close为不复权；风险收益使用pct_chg÷100,千元,TuSharePro.daily,https://tushare.pro/document/1?doc_id=27,Fri Sep 04 2026 20:02:33 GMT+0800 (China Standard Time),公开行情历史快照
000858.SZ,五粮液,2024-07-29,124.1,-1.664,1745197.564,有行情,日线,Asia/Shanghai,2025-12-30T15:00:00+08:00,close为不复权；风险收益使用pct_chg÷100,千元,TuSharePro.daily,https://tushare.pro/document/1?doc_id=27,Fri Sep 04 2026 20:02:33 GMT+0800 (China Standard Time),公开行情历史快照
002594.SZ,比亚迪,2024-07-29,249.1,-1.0919,1960649.994,有行情,日线,Asia/Shanghai,2025-12-30T15:00:00+08:00,close为不复权；风险收益使用pct_chg÷100,千元,TuSharePro.daily,https://tushare.pro/document/1?doc_id=27,Fri Sep 04 2026 20:02:33 GMT+0800 (China Standard Time),公开行情历史快照
300750.SZ,宁德时代,2024-07-29,184.53,-2.5456,3918833.598,有行情,日线,Asia/Shanghai,2025-12-30T15:00:00+08:00,close为不复权；风险收益使用pct_chg÷100,千元,TuSharePro.daily,https://tushare.pro/document/1?doc_id=27,Fri Sep 04 2026 20:02:33 GMT+0800 (China Standard Time),公开行情历史快照
600519.SH,贵州茅台,2024-07-29,1398.02,-1.6995,4342610.1,有行情,日线,Asia/Shanghai,2025-12-30T15:00:00+08:00,close为不复权；风险收益使用pct_chg÷100,千元,TuSharePro.daily,https://tushare.pro/document/1?doc_id=27,Fri Sep 04 2026 20:02:33 GMT+0800 (China Standard Time),公开行情历史快照
601318.SH,中国平安,2024-07-29,41.32,0.5597,1264082.99,有行情,日线,Asia/Shanghai,2025-12-30T15:00:00+08:00,close为不复权；风险收益使用pct_chg÷100,千元,TuSharePro.daily,https://tushare.pro/document/1?doc_id=27,Fri Sep 04 2026 20:02:33 GMT+0800 (China Standard Time),公开行情历史快照
000333.SZ,美的集团,2024-07-30,61.06,-2.8944,1381015.834,有行情,日线,Asia/Shanghai,2025-12-30T15:00:00+08:00,close为不复权；风险收益使用pct_chg÷100,千元,TuSharePro.daily,https://tushare.pro/document/1?doc_id=27,Fri Sep 04 2026 20:02:33 GMT+0800 (China Standard Time),公开行情历史快照
000858.SZ,五粮液,2024-07-30,123.29,-0.6527,2538151.161,有行情,日线,Asia/Shanghai,2025-12-30T15:00:00+08:00,close为不复权；风险收益使用pct_chg÷100,千元,TuSharePro.daily,https://tushare.pro/document/1?doc_id=27,Fri Sep 04 2026 20:02:33 GMT+0800 (China Standard Time),公开行情历史快照
002594.SZ,比亚迪,2024-07-30,243.91,-2.0835,2686057.414,有行情,日线,Asia/Shanghai,2025-12-30T15:00:00+08:00,close为不复权；风险收益使用pct_chg÷100,千元,TuSharePro.daily,https://tushare.pro/document/1?doc_id=27,Fri Sep 04 2026 20:02:33 GMT+0800 (China Standard Time),公开行情历史快照
300750.SZ,宁德时代,2024-07-30,184.89,0.1951,2349179.518,有行情,日线,Asia/Shanghai,2025-12-30T15:00:00+08:00,close为不复权；风险收益使用pct_chg÷100,千元,TuSharePro.daily,https://tushare.pro/document/1?doc_id=27,Fri Sep 04 2026 20:02:33 GMT+0800 (China Standard Time),公开行情历史快照
600519.SH,贵州茅台,2024-07-30,1379.99,-1.2897,7103491.566,有行情,日线,Asia/Shanghai,2025-12-30T15:00:00+08:00,close为不复权；风险收益使用pct_chg÷100,千元,TuSharePro.daily,https://tushare.pro/document/1?doc_id=27,Fri Sep 04 2026 20:02:33 GMT+0800 (China Standard Time),公开行情历史快照
601318.SH,中国平安,2024-07-30,41.33,0.0242,1224450.781,有行情,日线,Asia/Shanghai,2025-12-30T15:00:00+08:00,close为不复权；风险收益使用pct_chg÷100,千元,TuSharePro.daily,https://tushare.pro/document/1?doc_id=27,Fri Sep 04 2026 20:02:33 GMT+0800 (China Standard Time),公开行情历史快照
000333.SZ,美的集团,2024-07-31,63.76,4.4219,2530147.58,有行情,日线,Asia/Shanghai,2025-12-30T15:00:00+08:00,close为不复权；风险收益使用pct_chg÷100,千元,TuSharePro.daily,https://tushare.pro/document/1?doc_id=27,Fri Sep 04 2026 20:02:33 GMT+0800 (China Standard Time),公开行情历史快照
000858.SZ,五粮液,2024-07-31,126.86,2.8956,3286415.867,有行情,日线,Asia/Shanghai,2025-12-30T15:00:00+08:00,close为不复权；风险收益使用pct_chg÷100,千元,TuSharePro.daily,https://tushare.pro/document/1?doc_id=27,Fri Sep 04 2026 20:02:33 GMT+0800 (China Standard Time),公开行情历史快照
002594.SZ,比亚迪,2024-07-31,247.05,1.2874,2153504.528,有行情,日线,Asia/Shanghai,2025-12-30T15:00:00+08:00,close为不复权；风险收益使用pct_chg÷100,千元,TuSharePro.daily,https://tushare.pro/document/1?doc_id=27,Fri Sep 04 2026 20:02:33 GMT+0800 (China Standard Time),公开行情历史快照
300750.SZ,宁德时代,2024-07-31,186.31,0.768,3690880.179,有行情,日线,Asia/Shanghai,2025-12-30T15:00:00+08:00,close为不复权；风险收益使用pct_chg÷100,千元,TuSharePro.daily,https://tushare.pro/document/1?doc_id=27,Fri Sep 04 2026 20:02:33 GMT+0800 (China Standard Time),公开行情历史快照
600519.SH,贵州茅台,2024-07-31,1421.28,2.9921,6098149.721,有行情,日线,Asia/Shanghai,2025-12-30T15:00:00+08:00,close为不复权；风险收益使用pct_chg÷100,千元,TuSharePro.daily,https://tushare.pro/document/1?doc_id=27,Fri Sep 04 2026 20:02:33 GMT+0800 (China Standard Time),公开行情历史快照
601318.SH,中国平安,2024-07-31,42.56,2.976,2450880.16,有行情,日线,Asia/Shanghai,2025-12-30T15:00:00+08:00,close为不复权；风险收益使用pct_chg÷100,千元,TuSharePro.daily,https://tushare.pro/document/1?doc_id=27,Fri Sep 04 2026 20:02:33 GMT+0800 (China Standard Time),公开行情历史快照
000333.SZ,美的集团,2024-08-01,63.58,-0.2823,1561027.259,有行情,日线,Asia/Shanghai,2025-12-30T15:00:00+08:00,close为不复权；风险收益使用pct_chg÷100,千元,TuSharePro.daily,https://tushare.pro/document/1?doc_id=27,Fri Sep 04 2026 20:02:33 GMT+0800 (China Standard Time),公开行情历史快照
000858.SZ,五粮液,2024-08-01,124.0,-2.2545,2180765.965,有行情,日线,Asia/Shanghai,2025-12-30T15:00:00+08:00,close为不复权；风险收益使用pct_chg÷100,千元,TuSharePro.daily,https://tushare.pro/document/1?doc_id=27,Fri Sep 04 2026 20:02:33 GMT+0800 (China Standard Time),公开行情历史快照
002594.SZ,比亚迪,2024-08-01,244.2,-1.1536,2519341.335,有行情,日线,Asia/Shanghai,2025-12-30T15:00:00+08:00,close为不复权；风险收益使用pct_chg÷100,千元,TuSharePro.daily,https://tushare.pro/document/1?doc_id=27,Fri Sep 04 2026 20:02:33 GMT+0800 (China Standard Time),公开行情历史快照
300750.SZ,宁德时代,2024-08-01,180.3,-3.2258,4180640.118,有行情,日线,Asia/Shanghai,2025-12-30T15:00:00+08:00,close为不复权；风险收益使用pct_chg÷100,千元,TuSharePro.daily,https://tushare.pro/document/1?doc_id=27,Fri Sep 04 2026 20:02:33 GMT+0800 (China Standard Time),公开行情历史快照
600519.SH,贵州茅台,2024-08-01,1386.16,-2.471,4470988.088,有行情,日线,Asia/Shanghai,2025-12-30T15:00:00+08:00,close为不复权；风险收益使用pct_chg÷100,千元,TuSharePro.daily,https://tushare.pro/document/1?doc_id=27,Fri Sep 04 2026 20:02:33 GMT+0800 (China Standard Time),公开行情历史快照
601318.SH,中国平安,2024-08-01,42.51,-0.1175,1383461.987,有行情,日线,Asia/Shanghai,2025-12-30T15:00:00+08:00,close为不复权；风险收益使用pct_chg÷100,千元,TuSharePro.daily,https://tushare.pro/document/1?doc_id=27,Fri Sep 04 2026 20:02:33 GMT+0800 (China Standard Time),公开行情历史快照
000333.SZ,美的集团,2024-08-02,62.99,-0.928,1280021.474,有行情,日线,Asia/Shanghai,2025-12-30T15:00:00+08:00,close为不复权；风险收益使用pct_chg÷100,千元,TuSharePro.daily,https://tushare.pro/document/1?doc_id=27,Fri Sep 04 2026 20:02:33 GMT+0800 (China Standard Time),公开行情历史快照
000858.SZ,五粮液,2024-08-02,123.7,-0.2419,1231884.912,有行情,日线,Asia/Shanghai,2025-12-30T15:00:00+08:00,close为不复权；风险收益使用pct_chg÷100,千元,TuSharePro.daily,https://tushare.pro/document/1?doc_id=27,Fri Sep 04 2026 20:02:33 GMT+0800 (China Standard Time),公开行情历史快照
002594.SZ,比亚迪,2024-08-02,234.78,-3.8575,3453944.603,有行情,日线,Asia/Shanghai,2025-12-30T15:00:00+08:00,close为不复权；风险收益使用pct_chg÷100,千元,TuSharePro.daily,https://tushare.pro/document/1?doc_id=27,Fri Sep 04 2026 20:02:33 GMT+0800 (China Standard Time),公开行情历史快照
300750.SZ,宁德时代,2024-08-02,177.09,-1.7804,2753866.402,有行情,日线,Asia/Shanghai,2025-12-30T15:00:00+08:00,close为不复权；风险收益使用pct_chg÷100,千元,TuSharePro.daily,https://tushare.pro/document/1?doc_id=27,Fri Sep 04 2026 20:02:33 GMT+0800 (China Standard Time),公开行情历史快照
600519.SH,贵州茅台,2024-08-02,1385.45,-0.0512,3041726.372,有行情,日线,Asia/Shanghai,2025-12-30T15:00:00+08:00,close为不复权；风险收益使用pct_chg÷100,千元,TuSharePro.daily,https://tushare.pro/document/1?doc_id=27,Fri Sep 04 2026 20:02:33 GMT+0800 (China Standard Time),公开行情历史快照
601318.SH,中国平安,2024-08-02,41.82,-1.6231,1392534.224,有行情,日线,Asia/Shanghai,2025-12-30T15:00:00+08:00,close为不复权；风险收益使用pct_chg÷100,千元,TuSharePro.daily,https://tushare.pro/document/1?doc_id=27,Fri Sep 04 2026 20:02:33 GMT+0800 (China Standard Time),公开行情历史快照
000333.SZ,美的集团,2024-08-05,61.65,-2.1273,2214817.315,有行情,日线,Asia/Shanghai,2025-12-30T15:00:00+08:00,close为不复权；风险收益使用pct_chg÷100,千元,TuSharePro.daily,https://tushare.pro/document/1?doc_id=27,Fri Sep 04 2026 20:02:33 GMT+0800 (China Standard Time),公开行情历史快照
000858.SZ,五粮液,2024-08-05,126.0,1.8593,3060405.977,有行情,日线,Asia/Shanghai,2025-12-30T15:00:00+08:00,close为不复权；风险收益使用pct_chg÷100,千元,TuSharePro.daily,https://tushare.pro/document/1?doc_id=27,Fri Sep 04 2026 20:02:33 GMT+0800 (China Standard Time),公开行情历史快照
002594.SZ,比亚迪,2024-08-05,231.18,-1.5334,2457359.662,有行情,日线,Asia/Shanghai,2025-12-30T15:00:00+08:00,close为不复权；风险收益使用pct_chg÷100,千元,TuSharePro.daily,https://tushare.pro/document/1?doc_id=27,Fri Sep 04 2026 20:02:33 GMT+0800 (China Standard Time),公开行情历史快照
300750.SZ,宁德时代,2024-08-05,177.0,-0.0508,3451887.572,有行情,日线,Asia/Shanghai,2025-12-30T15:00:00+08:00,close为不复权；风险收益使用pct_chg÷100,千元,TuSharePro.daily,https://tushare.pro/document/1?doc_id=27,Fri Sep 04 2026 20:02:33 GMT+0800 (China Standard Time),公开行情历史快照
600519.SH,贵州茅台,2024-08-05,1410.01,1.7727,5327127.147,有行情,日线,Asia/Shanghai,2025-12-30T15:00:00+08:00,close为不复权；风险收益使用pct_chg÷100,千元,TuSharePro.daily,https://tushare.pro/document/1?doc_id=27,Fri Sep 04 2026 20:02:33 GMT+0800 (China Standard Time),公开行情历史快照
601318.SH,中国平安,2024-08-05,42.0,0.4304,1813319.979,有行情,日线,Asia/Shanghai,2025-12-30T15:00:00+08:00,close为不复权；风险收益使用pct_chg÷100,千元,TuSharePro.daily,https://tushare.pro/document/1?doc_id=27,Fri Sep 04 2026 20:02:33 GMT+0800 (China Standard Time),公开行情历史快照
000333.SZ,美的集团,2024-08-06,59.92,-2.8062,2316733.895,有行情,日线,Asia/Shanghai,2025-12-30T15:00:00+08:00,close为不复权；风险收益使用pct_chg÷100,千元,TuSharePro.daily,https://tushare.pro/document/1?doc_id=27,Fri Sep 04 2026 20:02:33 GMT+0800 (China Standard Time),公开行情历史快照
000858.SZ,五粮液,2024-08-06,125.9,-0.0794,1940983.189,有行情,日线,Asia/Shanghai,2025-12-30T15:00:00+08:00,close为不复权；风险收益使用pct_chg÷100,千元,TuSharePro.daily,https://tushare.pro/document/1?doc_id=27,Fri Sep 04 2026 20:02:33 GMT+0800 (China Standard Time),公开行情历史快照
002594.SZ,比亚迪,2024-08-06,228.94,-0.9689,2955783.827,有行情,日线,Asia/Shanghai,2025-12-30T15:00:00+08:00,close为不复权；风险收益使用pct_chg÷100,千元,TuSharePro.daily,https://tushare.pro/document/1?doc_id=27,Fri Sep 04 2026 20:02:33 GMT+0800 (China Standard Time),公开行情历史快照
300750.SZ,宁德时代,2024-08-06,174.95,-1.1582,2771240.102,有行情,日线,Asia/Shanghai,2025-12-30T15:00:00+08:00,close为不复权；风险收益使用pct_chg÷100,千元,TuSharePro.daily,https://tushare.pro/document/1?doc_id=27,Fri Sep 04 2026 20:02:33 GMT+0800 (China Standard Time),公开行情历史快照
600519.SH,贵州茅台,2024-08-06,1404.7,-0.3766,3860735.014,有行情,日线,Asia/Shanghai,2025-12-30T15:00:00+08:00,close为不复权；风险收益使用pct_chg÷100,千元,TuSharePro.daily,https://tushare.pro/document/1?doc_id=27,Fri Sep 04 2026 20:02:33 GMT+0800 (China Standard Time),公开行情历史快照
601318.SH,中国平安,2024-08-06,40.9,-2.619,2614553.598,有行情,日线,Asia/Shanghai,2025-12-30T15:00:00+08:00,close为不复权；风险收益使用pct_chg÷100,千元,TuSharePro.daily,https://tushare.pro/document/1?doc_id=27,Fri Sep 04 2026 20:02:33 GMT+0800 (China Standard Time),公开行情历史快照
000333.SZ,美的集团,2024-08-07,60.7,1.3017,1535238.304,有行情,日线,Asia/Shanghai,2025-12-30T15:00:00+08:00,close为不复权；风险收益使用pct_chg÷100,千元,TuSharePro.daily,https://tushare.pro/document/1?doc_id=27,Fri Sep 04 2026 20:02:33 GMT+0800 (China Standard Time),公开行情历史快照
000858.SZ,五粮液,2024-08-07,127.0,0.8737,1678186.223,有行情,日线,Asia/Shanghai,2025-12-30T15:00:00+08:00,close为不复权；风险收益使用pct_chg÷100,千元,TuSharePro.daily,https://tushare.pro/document/1?doc_id=27,Fri Sep 04 2026 20:02:33 GMT+0800 (China Standard Time),公开行情历史快照
002594.SZ,比亚迪,2024-08-07,228.95,0.0044,1882919.963,有行情,日线,Asia/Shanghai,2025-12-30T15:00:00+08:00,close为不复权；风险收益使用pct_chg÷100,千元,TuSharePro.daily,https://tushare.pro/document/1?doc_id=27,Fri Sep 04 2026 20:02:33 GMT+0800 (China Standard Time),公开行情历史快照
300750.SZ,宁德时代,2024-08-07,173.67,-0.7316,2230380.711,有行情,日线,Asia/Shanghai,2025-12-30T15:00:00+08:00,close为不复权；风险收益使用pct_chg÷100,千元,TuSharePro.daily,https://tushare.pro/document/1?doc_id=27,Fri Sep 04 2026 20:02:33 GMT+0800 (China Standard Time),公开行情历史快照
600519.SH,贵州茅台,2024-08-07,1415.5,0.7688,2910580.747,有行情,日线,Asia/Shanghai,2025-12-30T15:00:00+08:00,close为不复权；风险收益使用pct_chg÷100,千元,TuSharePro.daily,https://tushare.pro/document/1?doc_id=27,Fri Sep 04 2026 20:02:33 GMT+0800 (China Standard Time),公开行情历史快照
601318.SH,中国平安,2024-08-07,40.7,-0.489,1225524.961,有行情,日线,Asia/Shanghai,2025-12-30T15:00:00+08:00,close为不复权；风险收益使用pct_chg÷100,千元,TuSharePro.daily,https://tushare.pro/document/1?doc_id=27,Fri Sep 04 2026 20:02:33 GMT+0800 (China Standard Time),公开行情历史快照
000333.SZ,美的集团,2024-08-08,60.96,0.4283,867672.45,有行情,日线,Asia/Shanghai,2025-12-30T15:00:00+08:00,close为不复权；风险收益使用pct_chg÷100,千元,TuSharePro.daily,https://tushare.pro/document/1?doc_id=27,Fri Sep 04 2026 20:02:33 GMT+0800 (China Standard Time),公开行情历史快照
000858.SZ,五粮液,2024-08-08,128.35,1.063,2559755.534,有行情,日线,Asia/Shanghai,2025-12-30T15:00:00+08:00,close为不复权；风险收益使用pct_chg÷100,千元,TuSharePro.daily,https://tushare.pro/document/1?doc_id=27,Fri Sep 04 2026 20:02:33 GMT+0800 (China Standard Time),公开行情历史快照
002594.SZ,比亚迪,2024-08-08,226.45,-1.0919,1925911.439,有行情,日线,Asia/Shanghai,2025-12-30T15:00:00+08:00,close为不复权；风险收益使用pct_chg÷100,千元,TuSharePro.daily,https://tushare.pro/document/1?doc_id=27,Fri Sep 04 2026 20:02:33 GMT+0800 (China Standard Time),公开行情历史快照
300750.SZ,宁德时代,2024-08-08,172.4,-0.7313,2520197.34,有行情,日线,Asia/Shanghai,2025-12-30T15:00:00+08:00,close为不复权；风险收益使用pct_chg÷100,千元,TuSharePro.daily,https://tushare.pro/document/1?doc_id=27,Fri Sep 04 2026 20:02:33 GMT+0800 (China Standard Time),公开行情历史快照
600519.SH,贵州茅台,2024-08-08,1430.69,1.0731,3592705.43,有行情,日线,Asia/Shanghai,2025-12-30T15:00:00+08:00,close为不复权；风险收益使用pct_chg÷100,千元,TuSharePro.daily,https://tushare.pro/document/1?doc_id=27,Fri Sep 04 2026 20:02:33 GMT+0800 (China Standard Time),公开行情历史快照
601318.SH,中国平安,2024-08-08,40.82,0.2948,964682.591,有行情,日线,Asia/Shanghai,2025-12-30T15:00:00+08:00,close为不复权；风险收益使用pct_chg÷100,千元,TuSharePro.daily,https://tushare.pro/document/1?doc_id=27,Fri Sep 04 2026 20:02:33 GMT+0800 (China Standard Time),公开行情历史快照
000333.SZ,美的集团,2024-08-09,60.5,-0.7546,839905.714,有行情,日线,Asia/Shanghai,2025-12-30T15:00:00+08:00,close为不复权；风险收益使用pct_chg÷100,千元,TuSharePro.daily,https://tushare.pro/document/1?doc_id=27,Fri Sep 04 2026 20:02:33 GMT+0800 (China Standard Time),公开行情历史快照
000858.SZ,五粮液,2024-08-09,128.08,-0.2104,2041741.166,有行情,日线,Asia/Shanghai,2025-12-30T15:00:00+08:00,close为不复权；风险收益使用pct_chg÷100,千元,TuSharePro.daily,https://tushare.pro/document/1?doc_id=27,Fri Sep 04 2026 20:02:33 GMT+0800 (China Standard Time),公开行情历史快照
002594.SZ,比亚迪,2024-08-09,231.62,2.2831,2790790.707,有行情,日线,Asia/Shanghai,2025-12-30T15:00:00+08:00,close为不复权；风险收益使用pct_chg÷100,千元,TuSharePro.daily,https://tushare.pro/document/1?doc_id=27,Fri Sep 04 2026 20:02:33 GMT+0800 (China Standard Time),公开行情历史快照
300750.SZ,宁德时代,2024-08-09,170.0,-1.3921,2646422.84,有行情,日线,Asia/Shanghai,2025-12-30T15:00:00+08:00,close为不复权；风险收益使用pct_chg÷100,千元,TuSharePro.daily,https://tushare.pro/document/1?doc_id=27,Fri Sep 04 2026 20:02:33 GMT+0800 (China Standard Time),公开行情历史快照
600519.SH,贵州茅台,2024-08-09,1436.8,0.4271,4368705.515,有行情,日线,Asia/Shanghai,2025-12-30T15:00:00+08:00,close为不复权；风险收益使用pct_chg÷100,千元,TuSharePro.daily,https://tushare.pro/document/1?doc_id=27,Fri Sep 04 2026 20:02:33 GMT+0800 (China Standard Time),公开行情历史快照
601318.SH,中国平安,2024-08-09,40.61,-0.5145,1069136.979,有行情,日线,Asia/Shanghai,2025-12-30T15:00:00+08:00,close为不复权；风险收益使用pct_chg÷100,千元,TuSharePro.daily,https://tushare.pro/document/1?doc_id=27,Fri Sep 04 2026 20:02:33 GMT+0800 (China Standard Time),公开行情历史快照
000333.SZ,美的集团,2024-08-12,61.38,1.4545,1042597.208,有行情,日线,Asia/Shanghai,2025-12-30T15:00:00+08:00,close为不复权；风险收益使用pct_chg÷100,千元,TuSharePro.daily,https://tushare.pro/document/1?doc_id=27,Fri Sep 04 2026 20:02:33 GMT+0800 (China Standard Time),公开行情历史快照
000858.SZ,五粮液,2024-08-12,127.71,-0.2889,934639.851,有行情,日线,Asia/Shanghai,2025-12-30T15:00:00+08:00,close为不复权；风险收益使用pct_chg÷100,千元,TuSharePro.daily,https://tushare.pro/document/1?doc_id=27,Fri Sep 04 2026 20:02:33 GMT+0800 (China Standard Time),公开行情历史快照
002594.SZ,比亚迪,2024-08-12,230.4,-0.5267,1242071.532,有行情,日线,Asia/Shanghai,2025-12-30T15:00:00+08:00,close为不复权；风险收益使用pct_chg÷100,千元,TuSharePro.daily,https://tushare.pro/document/1?doc_id=27,Fri Sep 04 2026 20:02:33 GMT+0800 (China Standard Time),公开行情历史快照
300750.SZ,宁德时代,2024-08-12,169.0,-0.5882,2934605.438,有行情,日线,Asia/Shanghai,2025-12-30T15:00:00+08:00,close为不复权；风险收益使用pct_chg÷100,千元,TuSharePro.daily,https://tushare.pro/document/1?doc_id=27,Fri Sep 04 2026 20:02:33 GMT+0800 (China Standard Time),公开行情历史快照
600519.SH,贵州茅台,2024-08-12,1436.1,-0.0487,1956573.438,有行情,日线,Asia/Shanghai,2025-12-30T15:00:00+08:00,close为不复权；风险收益使用pct_chg÷100,千元,TuSharePro.daily,https://tushare.pro/document/1?doc_id=27,Fri Sep 04 2026 20:02:33 GMT+0800 (China Standard Time),公开行情历史快照
601318.SH,中国平安,2024-08-12,40.62,0.0246,617325.022,有行情,日线,Asia/Shanghai,2025-12-30T15:00:00+08:00,close为不复权；风险收益使用pct_chg÷100,千元,TuSharePro.daily,https://tushare.pro/document/1?doc_id=27,Fri Sep 04 2026 20:02:33 GMT+0800 (China Standard Time),公开行情历史快照
000333.SZ,美的集团,2024-08-13,61.36,-0.0326,602892.3,有行情,日线,Asia/Shanghai,2025-12-30T15:00:00+08:00,close为不复权；风险收益使用pct_chg÷100,千元,TuSharePro.daily,https://tushare.pro/document/1?doc_id=27,Fri Sep 04 2026 20:02:33 GMT+0800 (China Standard Time),公开行情历史快照
000858.SZ,五粮液,2024-08-13,125.6,-1.6522,1567828.597,有行情,日线,Asia/Shanghai,2025-12-30T15:00:00+08:00,close为不复权；风险收益使用pct_chg÷100,千元,TuSharePro.daily,https://tushare.pro/document/1?doc_id=27,Fri Sep 04 2026 20:02:33 GMT+0800 (China Standard Time),公开行情历史快照
002594.SZ,比亚迪,2024-08-13,228.73,-0.7248,1378452.593,有行情,日线,Asia/Shanghai,2025-12-30T15:00:00+08:00,close为不复权；风险收益使用pct_chg÷100,千元,TuSharePro.daily,https://tushare.pro/document/1?doc_id=27,Fri Sep 04 2026 20:02:33 GMT+0800 (China Standard Time),公开行情历史快照
300750.SZ,宁德时代,2024-08-13,173.78,2.8284,3336604.796,有行情,日线,Asia/Shanghai,2025-12-30T15:00:00+08:00,close为不复权；风险收益使用pct_chg÷100,千元,TuSharePro.daily,https://tushare.pro/document/1?doc_id=27,Fri Sep 04 2026 20:02:33 GMT+0800 (China Standard Time),公开行情历史快照
600519.SH,贵州茅台,2024-08-13,1423.01,-0.9115,2317037.756,有行情,日线,Asia/Shanghai,2025-12-30T15:00:00+08:00,close为不复权；风险收益使用pct_chg÷100,千元,TuSharePro.daily,https://tushare.pro/document/1?doc_id=27,Fri Sep 04 2026 20:02:33 GMT+0800 (China Standard Time),公开行情历史快照
601318.SH,中国平安,2024-08-13,40.78,0.3939,677002.646,有行情,日线,Asia/Shanghai,2025-12-30T15:00:00+08:00,close为不复权；风险收益使用pct_chg÷100,千元,TuSharePro.daily,https://tushare.pro/document/1?doc_id=27,Fri Sep 04 2026 20:02:33 GMT+0800 (China Standard Time),公开行情历史快照
000333.SZ,美的集团,2024-08-14,60.9,-0.7497,685993.302,有行情,日线,Asia/Shanghai,2025-12-30T15:00:00+08:00,close为不复权；风险收益使用pct_chg÷100,千元,TuSharePro.daily,https://tushare.pro/document/1?doc_id=27,Fri Sep 04 2026 20:02:33 GMT+0800 (China Standard Time),公开行情历史快照
000858.SZ,五粮液,2024-08-14,124.33,-1.0111,1181885.782,有行情,日线,Asia/Shanghai,2025-12-30T15:00:00+08:00,close为不复权；风险收益使用pct_chg÷100,千元,TuSharePro.daily,https://tushare.pro/document/1?doc_id=27,Fri Sep 04 2026 20:02:33 GMT+0800 (China Standard Time),公开行情历史快照
002594.SZ,比亚迪,2024-08-14,226.6,-0.9312,1276584.732,有行情,日线,Asia/Shanghai,2025-12-30T15:00:00+08:00,close为不复权；风险收益使用pct_chg÷100,千元,TuSharePro.daily,https://tushare.pro/document/1?doc_id=27,Fri Sep 04 2026 20:02:33 GMT+0800 (China Standard Time),公开行情历史快照
300750.SZ,宁德时代,2024-08-14,172.21,-0.9034,1720375.362,有行情,日线,Asia/Shanghai,2025-12-30T15:00:00+08:00,close为不复权；风险收益使用pct_chg÷100,千元,TuSharePro.daily,https://tushare.pro/document/1?doc_id=27,Fri Sep 04 2026 20:02:33 GMT+0800 (China Standard Time),公开行情历史快照
600519.SH,贵州茅台,2024-08-14,1413.3,-0.6824,1898377.426,有行情,日线,Asia/Shanghai,2025-12-30T15:00:00+08:00,close为不复权；风险收益使用pct_chg÷100,千元,TuSharePro.daily,https://tushare.pro/document/1?doc_id=27,Fri Sep 04 2026 20:02:33 GMT+0800 (China Standard Time),公开行情历史快照
601318.SH,中国平安,2024-08-14,40.49,-0.7111,838935.306,有行情,日线,Asia/Shanghai,2025-12-30T15:00:00+08:00,close为不复权；风险收益使用pct_chg÷100,千元,TuSharePro.daily,https://tushare.pro/document/1?doc_id=27,Fri Sep 04 2026 20:02:33 GMT+0800 (China Standard Time),公开行情历史快照
000333.SZ,美的集团,2024-08-15,61.0,0.1642,1166672.167,有行情,日线,Asia/Shanghai,2025-12-30T15:00:00+08:00,close为不复权；风险收益使用pct_chg÷100,千元,TuSharePro.daily,https://tushare.pro/document/1?doc_id=27,Fri Sep 04 2026 20:02:33 GMT+0800 (China Standard Time),公开行情历史快照
000858.SZ,五粮液,2024-08-15,124.95,0.4987,1395432.332,有行情,日线,Asia/Shanghai,2025-12-30T15:00:00+08:00,close为不复权；风险收益使用pct_chg÷100,千元,TuSharePro.daily,https://tushare.pro/document/1?doc_id=27,Fri Sep 04 2026 20:02:33 GMT+0800 (China Standard Time),公开行情历史快照
002594.SZ,比亚迪,2024-08-15,231.49,2.158,2039684.342,有行情,日线,Asia/Shanghai,2025-12-30T15:00:00+08:00,close为不复权；风险收益使用pct_chg÷100,千元,TuSharePro.daily,https://tushare.pro/document/1?doc_id=27,Fri Sep 04 2026 20:02:33 GMT+0800 (China Standard Time),公开行情历史快照
300750.SZ,宁德时代,2024-08-15,173.4,0.691,2511442.939,有行情,日线,Asia/Shanghai,2025-12-30T15:00:00+08:00,close为不复权；风险收益使用pct_chg÷100,千元,TuSharePro.daily,https://tushare.pro/document/1?doc_id=27,Fri Sep 04 2026 20:02:33 GMT+0800 (China Standard Time),公开行情历史快照
600519.SH,贵州茅台,2024-08-15,1426.89,0.9616,3275699.572,有行情,日线,Asia/Shanghai,2025-12-30T15:00:00+08:00,close为不复权；风险收益使用pct_chg÷100,千元,TuSharePro.daily,https://tushare.pro/document/1?doc_id=27,Fri Sep 04 2026 20:02:33 GMT+0800 (China Standard Time),公开行情历史快照
601318.SH,中国平安,2024-08-15,41.32,2.0499,2202784.576,有行情,日线,Asia/Shanghai,2025-12-30T15:00:00+08:00,close为不复权；风险收益使用pct_chg÷100,千元,TuSharePro.daily,https://tushare.pro/document/1?doc_id=27,Fri Sep 04 2026 20:02:33 GMT+0800 (China Standard Time),公开行情历史快照
000333.SZ,美的集团,2024-08-16,61.74,1.2131,1112521.867,有行情,日线,Asia/Shanghai,2025-12-30T15:00:00+08:00,close为不复权；风险收益使用pct_chg÷100,千元,TuSharePro.daily,https://tushare.pro/document/1?doc_id=27,Fri Sep 04 2026 20:02:33 GMT+0800 (China Standard Time),公开行情历史快照
000858.SZ,五粮液,2024-08-16,125.01,0.048,1211693.479,有行情,日线,Asia/Shanghai,2025-12-30T15:00:00+08:00,close为不复权；风险收益使用pct_chg÷100,千元,TuSharePro.daily,https://tushare.pro/document/1?doc_id=27,Fri Sep 04 2026 20:02:33 GMT+0800 (China Standard Time),公开行情历史快照
002594.SZ,比亚迪,2024-08-16,235.11,1.5638,2406276.094,有行情,日线,Asia/Shanghai,2025-12-30T15:00:00+08:00,close为不复权；风险收益使用pct_chg÷100,千元,TuSharePro.daily,https://tushare.pro/document/1?doc_id=27,Fri Sep 04 2026 20:02:33 GMT+0800 (China Standard Time),公开行情历史快照
300750.SZ,宁德时代,2024-08-16,173.62,0.1269,1941327.489,有行情,日线,Asia/Shanghai,2025-12-30T15:00:00+08:00,close为不复权；风险收益使用pct_chg÷100,千元,TuSharePro.daily,https://tushare.pro/document/1?doc_id=27,Fri Sep 04 2026 20:02:33 GMT+0800 (China Standard Time),公开行情历史快照
600519.SH,贵州茅台,2024-08-16,1431.2,0.3021,2349825.846,有行情,日线,Asia/Shanghai,2025-12-30T15:00:00+08:00,close为不复权；风险收益使用pct_chg÷100,千元,TuSharePro.daily,https://tushare.pro/document/1?doc_id=27,Fri Sep 04 2026 20:02:33 GMT+0800 (China Standard Time),公开行情历史快照
601318.SH,中国平安,2024-08-16,41.61,0.7018,1119345.318,有行情,日线,Asia/Shanghai,2025-12-30T15:00:00+08:00,close为不复权；风险收益使用pct_chg÷100,千元,TuSharePro.daily,https://tushare.pro/document/1?doc_id=27,Fri Sep 04 2026 20:02:33 GMT+0800 (China Standard Time),公开行情历史快照
000333.SZ,美的集团,2024-08-19,62.36,1.0042,1075574.308,有行情,日线,Asia/Shanghai,2025-12-30T15:00:00+08:00,close为不复权；风险收益使用pct_chg÷100,千元,TuSharePro.daily,https://tushare.pro/document/1?doc_id=27,Fri Sep 04 2026 20:02:33 GMT+0800 (China Standard Time),公开行情历史快照
000858.SZ,五粮液,2024-08-19,123.95,-0.8479,1732841.551,有行情,日线,Asia/Shanghai,2025-12-30T15:00:00+08:00,close为不复权；风险收益使用pct_chg÷100,千元,TuSharePro.daily,https://tushare.pro/document/1?doc_id=27,Fri Sep 04 2026 20:02:33 GMT+0800 (China Standard Time),公开行情历史快照
002594.SZ,比亚迪,2024-08-19,235.42,0.1319,1662452.527,有行情,日线,Asia/Shanghai,2025-12-30T15:00:00+08:00,close为不复权；风险收益使用pct_chg÷100,千元,TuSharePro.daily,https://tushare.pro/document/1?doc_id=27,Fri Sep 04 2026 20:02:33 GMT+0800 (China Standard Time),公开行情历史快照
300750.SZ,宁德时代,2024-08-19,175.6,1.1404,2473581.501,有行情,日线,Asia/Shanghai,2025-12-30T15:00:00+08:00,close为不复权；风险收益使用pct_chg÷100,千元,TuSharePro.daily,https://tushare.pro/document/1?doc_id=27,Fri Sep 04 2026 20:02:33 GMT+0800 (China Standard Time),公开行情历史快照
600519.SH,贵州茅台,2024-08-19,1425.44,-0.4025,2942106.435,有行情,日线,Asia/Shanghai,2025-12-30T15:00:00+08:00,close为不复权；风险收益使用pct_chg÷100,千元,TuSharePro.daily,https://tushare.pro/document/1?doc_id=27,Fri Sep 04 2026 20:02:33 GMT+0800 (China Standard Time),公开行情历史快照
601318.SH,中国平安,2024-08-19,42.07,1.1055,1209599.526,有行情,日线,Asia/Shanghai,2025-12-30T15:00:00+08:00,close为不复权；风险收益使用pct_chg÷100,千元,TuSharePro.daily,https://tushare.pro/document/1?doc_id=27,Fri Sep 04 2026 20:02:33 GMT+0800 (China Standard Time),公开行情历史快照
000333.SZ,美的集团,2024-08-20,63.02,1.0584,1623775.567,有行情,日线,Asia/Shanghai,2025-12-30T15:00:00+08:00,close为不复权；风险收益使用pct_chg÷100,千元,TuSharePro.daily,https://tushare.pro/document/1?doc_id=27,Fri Sep 04 2026 20:02:33 GMT+0800 (China Standard Time),公开行情历史快照
000858.SZ,五粮液,2024-08-20,123.15,-0.6454,1352259.415,有行情,日线,Asia/Shanghai,2025-12-30T15:00:00+08:00,close为不复权；风险收益使用pct_chg÷100,千元,TuSharePro.daily,https://tushare.pro/document/1?doc_id=27,Fri Sep 04 2026 20:02:33 GMT+0800 (China Standard Time),公开行情历史快照
002594.SZ,比亚迪,2024-08-20,236.48,0.4503,1475807.676,有行情,日线,Asia/Shanghai,2025-12-30T15:00:00+08:00,close为不复权；风险收益使用pct_chg÷100,千元,TuSharePro.daily,https://tushare.pro/document/1?doc_id=27,Fri Sep 04 2026 20:02:33 GMT+0800 (China Standard Time),公开行情历史快照
300750.SZ,宁德时代,2024-08-20,174.87,-0.4157,1475662.466,有行情,日线,Asia/Shanghai,2025-12-30T15:00:00+08:00,close为不复权；风险收益使用pct_chg÷100,千元,TuSharePro.daily,https://tushare.pro/document/1?doc_id=27,Fri Sep 04 2026 20:02:33 GMT+0800 (China Standard Time),公开行情历史快照
600519.SH,贵州茅台,2024-08-20,1422.72,-0.1908,2644814.344,有行情,日线,Asia/Shanghai,2025-12-30T15:00:00+08:00,close为不复权；风险收益使用pct_chg÷100,千元,TuSharePro.daily,https://tushare.pro/document/1?doc_id=27,Fri Sep 04 2026 20:02:33 GMT+0800 (China Standard Time),公开行情历史快照
601318.SH,中国平安,2024-08-20,41.92,-0.3565,1230963.341,有行情,日线,Asia/Shanghai,2025-12-30T15:00:00+08:00,close为不复权；风险收益使用pct_chg÷100,千元,TuSharePro.daily,https://tushare.pro/document/1?doc_id=27,Fri Sep 04 2026 20:02:33 GMT+0800 (China Standard Time),公开行情历史快照
000333.SZ,美的集团,2024-08-21,63.16,0.2222,1337959.065,有行情,日线,Asia/Shanghai,2025-12-30T15:00:00+08:00,close为不复权；风险收益使用pct_chg÷100,千元,TuSharePro.daily,https://tushare.pro/document/1?doc_id=27,Fri Sep 04 2026 20:02:33 GMT+0800 (China Standard Time),公开行情历史快照
000858.SZ,五粮液,2024-08-21,122.2,-0.7714,1189648.677,有行情,日线,Asia/Shanghai,2025-12-30T15:00:00+08:00,close为不复权；风险收益使用pct_chg÷100,千元,TuSharePro.daily,https://tushare.pro/document/1?doc_id=27,Fri Sep 04 2026 20:02:33 GMT+0800 (China Standard Time),公开行情历史快照
002594.SZ,比亚迪,2024-08-21,241.0,1.9114,2658947.674,有行情,日线,Asia/Shanghai,2025-12-30T15:00:00+08:00,close为不复权；风险收益使用pct_chg÷100,千元,TuSharePro.daily,https://tushare.pro/document/1?doc_id=27,Fri Sep 04 2026 20:02:33 GMT+0800 (China Standard Time),公开行情历史快照
300750.SZ,宁德时代,2024-08-21,174.01,-0.4918,1940113.038,有行情,日线,Asia/Shanghai,2025-12-30T15:00:00+08:00,close为不复权；风险收益使用pct_chg÷100,千元,TuSharePro.daily,https://tushare.pro/document/1?doc_id=27,Fri Sep 04 2026 20:02:33 GMT+0800 (China Standard Time),公开行情历史快照
600519.SH,贵州茅台,2024-08-21,1417.58,-0.3613,2144746.551,有行情,日线,Asia/Shanghai,2025-12-30T15:00:00+08:00,close为不复权；风险收益使用pct_chg÷100,千元,TuSharePro.daily,https://tushare.pro/document/1?doc_id=27,Fri Sep 04 2026 20:02:33 GMT+0800 (China Standard Time),公开行情历史快照
601318.SH,中国平安,2024-08-21,41.97,0.1193,989256.297,有行情,日线,Asia/Shanghai,2025-12-30T15:00:00+08:00,close为不复权；风险收益使用pct_chg÷100,千元,TuSharePro.daily,https://tushare.pro/document/1?doc_id=27,Fri Sep 04 2026 20:02:33 GMT+0800 (China Standard Time),公开行情历史快照
000333.SZ,美的集团,2024-08-22,64.09,1.4725,1597113.183,有行情,日线,Asia/Shanghai,2025-12-30T15:00:00+08:00,close为不复权；风险收益使用pct_chg÷100,千元,TuSharePro.daily,https://tushare.pro/document/1?doc_id=27,Fri Sep 04 2026 20:02:33 GMT+0800 (China Standard Time),公开行情历史快照
000858.SZ,五粮液,2024-08-22,120.99,-0.9902,2234186.008,有行情,日线,Asia/Shanghai,2025-12-30T15:00:00+08:00,close为不复权；风险收益使用pct_chg÷100,千元,TuSharePro.daily,https://tushare.pro/document/1?doc_id=27,Fri Sep 04 2026 20:02:33 GMT+0800 (China Standard Time),公开行情历史快照
002594.SZ,比亚迪,2024-08-22,240.52,-0.1992,1506260.848,有行情,日线,Asia/Shanghai,2025-12-30T15:00:00+08:00,close为不复权；风险收益使用pct_chg÷100,千元,TuSharePro.daily,https://tushare.pro/document/1?doc_id=27,Fri Sep 04 2026 20:02:33 GMT+0800 (China Standard Time),公开行情历史快照
300750.SZ,宁德时代,2024-08-22,178.8,2.7527,3536569.764,有行情,日线,Asia/Shanghai,2025-12-30T15:00:00+08:00,close为不复权；风险收益使用pct_chg÷100,千元,TuSharePro.daily,https://tushare.pro/document/1?doc_id=27,Fri Sep 04 2026 20:02:33 GMT+0800 (China Standard Time),公开行情历史快照
600519.SH,贵州茅台,2024-08-22,1410.05,-0.5312,2750868.073,有行情,日线,Asia/Shanghai,2025-12-30T15:00:00+08:00,close为不复权；风险收益使用pct_chg÷100,千元,TuSharePro.daily,https://tushare.pro/document/1?doc_id=27,Fri Sep 04 2026 20:02:33 GMT+0800 (China Standard Time),公开行情历史快照
601318.SH,中国平安,2024-08-22,41.71,-0.6195,1275507.522,有行情,日线,Asia/Shanghai,2025-12-30T15:00:00+08:00,close为不复权；风险收益使用pct_chg÷100,千元,TuSharePro.daily,https://tushare.pro/document/1?doc_id=27,Fri Sep 04 2026 20:02:33 GMT+0800 (China Standard Time),公开行情历史快照
000333.SZ,美的集团,2024-08-23,65.46,2.1376,1895805.009,有行情,日线,Asia/Shanghai,2025-12-30T15:00:00+08:00,close为不复权；风险收益使用pct_chg÷100,千元,TuSharePro.daily,https://tushare.pro/document/1?doc_id=27,Fri Sep 04 2026 20:02:33 GMT+0800 (China Standard Time),公开行情历史快照
000858.SZ,五粮液,2024-08-23,121.11,0.0992,1078393.647,有行情,日线,Asia/Shanghai,2025-12-30T15:00:00+08:00,close为不复权；风险收益使用pct_chg÷100,千元,TuSharePro.daily,https://tushare.pro/document/1?doc_id=27,Fri Sep 04 2026 20:02:33 GMT+0800 (China Standard Time),公开行情历史快照
002594.SZ,比亚迪,2024-08-23,239.34,-0.4906,1193437.03,有行情,日线,Asia/Shanghai,2025-12-30T15:00:00+08:00,close为不复权；风险收益使用pct_chg÷100,千元,TuSharePro.daily,https://tushare.pro/document/1?doc_id=27,Fri Sep 04 2026 20:02:33 GMT+0800 (China Standard Time),公开行情历史快照
300750.SZ,宁德时代,2024-08-23,181.8,1.6779,3332172.741,有行情,日线,Asia/Shanghai,2025-12-30T15:00:00+08:00,close为不复权；风险收益使用pct_chg÷100,千元,TuSharePro.daily,https://tushare.pro/document/1?doc_id=27,Fri Sep 04 2026 20:02:33 GMT+0800 (China Standard Time),公开行情历史快照
600519.SH,贵州茅台,2024-08-23,1414.99,0.3503,2166499.202,有行情,日线,Asia/Shanghai,2025-12-30T15:00:00+08:00,close为不复权；风险收益使用pct_chg÷100,千元,TuSharePro.daily,https://tushare.pro/document/1?doc_id=27,Fri Sep 04 2026 20:02:33 GMT+0800 (China Standard Time),公开行情历史快照
601318.SH,中国平安,2024-08-23,43.35,3.9319,4271882.126,有行情,日线,Asia/Shanghai,2025-12-30T15:00:00+08:00,close为不复权；风险收益使用pct_chg÷100,千元,TuSharePro.daily,https://tushare.pro/document/1?doc_id=27,Fri Sep 04 2026 20:02:33 GMT+0800 (China Standard Time),公开行情历史快照
000333.SZ,美的集团,2024-08-26,66.32,1.3138,2241141.518,有行情,日线,Asia/Shanghai,2025-12-30T15:00:00+08:00,close为不复权；风险收益使用pct_chg÷100,千元,TuSharePro.daily,https://tushare.pro/document/1?doc_id=27,Fri Sep 04 2026 20:02:33 GMT+0800 (China Standard Time),公开行情历史快照
000858.SZ,五粮液,2024-08-26,118.12,-2.4688,2429417.311,有行情,日线,Asia/Shanghai,2025-12-30T15:00:00+08:00,close为不复权；风险收益使用pct_chg÷100,千元,TuSharePro.daily,https://tushare.pro/document/1?doc_id=27,Fri Sep 04 2026 20:02:33 GMT+0800 (China Standard Time),公开行情历史快照
002594.SZ,比亚迪,2024-08-26,239.41,0.0292,1354660.288,有行情,日线,Asia/Shanghai,2025-12-30T15:00:00+08:00,close为不复权；风险收益使用pct_chg÷100,千元,TuSharePro.daily,https://tushare.pro/document/1?doc_id=27,Fri Sep 04 2026 20:02:33 GMT+0800 (China Standard Time),公开行情历史快照
300750.SZ,宁德时代,2024-08-26,183.92,1.1661,2717728.514,有行情,日线,Asia/Shanghai,2025-12-30T15:00:00+08:00,close为不复权；风险收益使用pct_chg÷100,千元,TuSharePro.daily,https://tushare.pro/document/1?doc_id=27,Fri Sep 04 2026 20:02:33 GMT+0800 (China Standard Time),公开行情历史快照
600519.SH,贵州茅台,2024-08-26,1412.0,-0.2113,2207595.461,有行情,日线,Asia/Shanghai,2025-12-30T15:00:00+08:00,close为不复权；风险收益使用pct_chg÷100,千元,TuSharePro.daily,https://tushare.pro/document/1?doc_id=27,Fri Sep 04 2026 20:02:33 GMT+0800 (China Standard Time),公开行情历史快照
601318.SH,中国平安,2024-08-26,43.35,0.0,2059591.116,有行情,日线,Asia/Shanghai,2025-12-30T15:00:00+08:00,close为不复权；风险收益使用pct_chg÷100,千元,TuSharePro.daily,https://tushare.pro/document/1?doc_id=27,Fri Sep 04 2026 20:02:33 GMT+0800 (China Standard Time),公开行情历史快照
000333.SZ,美的集团,2024-08-27,65.99,-0.4976,1590912.374,有行情,日线,Asia/Shanghai,2025-12-30T15:00:00+08:00,close为不复权；风险收益使用pct_chg÷100,千元,TuSharePro.daily,https://tushare.pro/document/1?doc_id=27,Fri Sep 04 2026 20:02:33 GMT+0800 (China Standard Time),公开行情历史快照
000858.SZ,五粮液,2024-08-27,117.7,-0.3556,1831272.407,有行情,日线,Asia/Shanghai,2025-12-30T15:00:00+08:00,close为不复权；风险收益使用pct_chg÷100,千元,TuSharePro.daily,https://tushare.pro/document/1?doc_id=27,Fri Sep 04 2026 20:02:33 GMT+0800 (China Standard Time),公开行情历史快照
002594.SZ,比亚迪,2024-08-27,240.8,0.5806,1219258.016,有行情,日线,Asia/Shanghai,2025-12-30T15:00:00+08:00,close为不复权；风险收益使用pct_chg÷100,千元,TuSharePro.daily,https://tushare.pro/document/1?doc_id=27,Fri Sep 04 2026 20:02:33 GMT+0800 (China Standard Time),公开行情历史快照
300750.SZ,宁德时代,2024-08-27,183.5,-0.2284,1827225.122,有行情,日线,Asia/Shanghai,2025-12-30T15:00:00+08:00,close为不复权；风险收益使用pct_chg÷100,千元,TuSharePro.daily,https://tushare.pro/document/1?doc_id=27,Fri Sep 04 2026 20:02:33 GMT+0800 (China Standard Time),公开行情历史快照
600519.SH,贵州茅台,2024-08-27,1404.07,-0.5616,1920770.57,有行情,日线,Asia/Shanghai,2025-12-30T15:00:00+08:00,close为不复权；风险收益使用pct_chg÷100,千元,TuSharePro.daily,https://tushare.pro/document/1?doc_id=27,Fri Sep 04 2026 20:02:33 GMT+0800 (China Standard Time),公开行情历史快照
601318.SH,中国平安,2024-08-27,43.15,-0.4614,1467947.189,有行情,日线,Asia/Shanghai,2025-12-30T15:00:00+08:00,close为不复权；风险收益使用pct_chg÷100,千元,TuSharePro.daily,https://tushare.pro/document/1?doc_id=27,Fri Sep 04 2026 20:02:33 GMT+0800 (China Standard Time),公开行情历史快照
000333.SZ,美的集团,2024-08-28,64.93,-1.6063,1726057.217,有行情,日线,Asia/Shanghai,2025-12-30T15:00:00+08:00,close为不复权；风险收益使用pct_chg÷100,千元,TuSharePro.daily,https://tushare.pro/document/1?doc_id=27,Fri Sep 04 2026 20:02:33 GMT+0800 (China Standard Time),公开行情历史快照
000858.SZ,五粮液,2024-08-28,114.0,-3.1436,2821002.956,有行情,日线,Asia/Shanghai,2025-12-30T15:00:00+08:00,close为不复权；风险收益使用pct_chg÷100,千元,TuSharePro.daily,https://tushare.pro/document/1?doc_id=27,Fri Sep 04 2026 20:02:33 GMT+0800 (China Standard Time),公开行情历史快照
002594.SZ,比亚迪,2024-08-28,236.85,-1.6404,2098577.19,有行情,日线,Asia/Shanghai,2025-12-30T15:00:00+08:00,close为不复权；风险收益使用pct_chg÷100,千元,TuSharePro.daily,https://tushare.pro/document/1?doc_id=27,Fri Sep 04 2026 20:02:33 GMT+0800 (China Standard Time),公开行情历史快照
300750.SZ,宁德时代,2024-08-28,182.82,-0.3706,1940292.275,有行情,日线,Asia/Shanghai,2025-12-30T15:00:00+08:00,close为不复权；风险收益使用pct_chg÷100,千元,TuSharePro.daily,https://tushare.pro/document/1?doc_id=27,Fri Sep 04 2026 20:02:33 GMT+0800 (China Standard Time),公开行情历史快照
600519.SH,贵州茅台,2024-08-28,1389.0,-1.0733,4388025.875,有行情,日线,Asia/Shanghai,2025-12-30T15:00:00+08:00,close为不复权；风险收益使用pct_chg÷100,千元,TuSharePro.daily,https://tushare.pro/document/1?doc_id=27,Fri Sep 04 2026 20:02:33 GMT+0800 (China Standard Time),公开行情历史快照
601318.SH,中国平安,2024-08-28,43.19,0.0927,1502990.666,有行情,日线,Asia/Shanghai,2025-12-30T15:00:00+08:00,close为不复权；风险收益使用pct_chg÷100,千元,TuSharePro.daily,https://tushare.pro/document/1?doc_id=27,Fri Sep 04 2026 20:02:33 GMT+0800 (China Standard Time),公开行情历史快照
000333.SZ,美的集团,2024-08-29,63.95,-1.5093,1500197.088,有行情,日线,Asia/Shanghai,2025-12-30T15:00:00+08:00,close为不复权；风险收益使用pct_chg÷100,千元,TuSharePro.daily,https://tushare.pro/document/1?doc_id=27,Fri Sep 04 2026 20:02:33 GMT+0800 (China Standard Time),公开行情历史快照
000858.SZ,五粮液,2024-08-29,118.78,4.193,3546177.236,有行情,日线,Asia/Shanghai,2025-12-30T15:00:00+08:00,close为不复权；风险收益使用pct_chg÷100,千元,TuSharePro.daily,https://tushare.pro/document/1?doc_id=27,Fri Sep 04 2026 20:02:33 GMT+0800 (China Standard Time),公开行情历史快照
002594.SZ,比亚迪,2024-08-29,234.85,-0.8444,1858678.051,有行情,日线,Asia/Shanghai,2025-12-30T15:00:00+08:00,close为不复权；风险收益使用pct_chg÷100,千元,TuSharePro.daily,https://tushare.pro/document/1?doc_id=27,Fri Sep 04 2026 20:02:33 GMT+0800 (China Standard Time),公开行情历史快照
300750.SZ,宁德时代,2024-08-29,180.8,-1.1049,2839993.927,有行情,日线,Asia/Shanghai,2025-12-30T15:00:00+08:00,close为不复权；风险收益使用pct_chg÷100,千元,TuSharePro.daily,https://tushare.pro/document/1?doc_id=27,Fri Sep 04 2026 20:02:33 GMT+0800 (China Standard Time),公开行情历史快照
600519.SH,贵州茅台,2024-08-29,1413.3,1.7495,3864270.621,有行情,日线,Asia/Shanghai,2025-12-30T15:00:00+08:00,close为不复权；风险收益使用pct_chg÷100,千元,TuSharePro.daily,https://tushare.pro/document/1?doc_id=27,Fri Sep 04 2026 20:02:33 GMT+0800 (China Standard Time),公开行情历史快照
601318.SH,中国平安,2024-08-29,42.62,-1.3197,2045077.629,有行情,日线,Asia/Shanghai,2025-12-30T15:00:00+08:00,close为不复权；风险收益使用pct_chg÷100,千元,TuSharePro.daily,https://tushare.pro/document/1?doc_id=27,Fri Sep 04 2026 20:02:33 GMT+0800 (China Standard Time),公开行情历史快照
000333.SZ,美的集团,2024-08-30,64.75,1.251,2160911.498,有行情,日线,Asia/Shanghai,2025-12-30T15:00:00+08:00,close为不复权；风险收益使用pct_chg÷100,千元,TuSharePro.daily,https://tushare.pro/document/1?doc_id=27,Fri Sep 04 2026 20:02:33 GMT+0800 (China Standard Time),公开行情历史快照
000858.SZ,五粮液,2024-08-30,123.03,3.578,4114623.948,有行情,日线,Asia/Shanghai,2025-12-30T15:00:00+08:00,close为不复权；风险收益使用pct_chg÷100,千元,TuSharePro.daily,https://tushare.pro/document/1?doc_id=27,Fri Sep 04 2026 20:02:33 GMT+0800 (China Standard Time),公开行情历史快照
002594.SZ,比亚迪,2024-08-30,249.42,6.204,4764660.206,有行情,日线,Asia/Shanghai,2025-12-30T15:00:00+08:00,close为不复权；风险收益使用pct_chg÷100,千元,TuSharePro.daily,https://tushare.pro/document/1?doc_id=27,Fri Sep 04 2026 20:02:33 GMT+0800 (China Standard Time),公开行情历史快照
300750.SZ,宁德时代,2024-08-30,184.34,1.958,4689604.094,有行情,日线,Asia/Shanghai,2025-12-30T15:00:00+08:00,close为不复权；风险收益使用pct_chg÷100,千元,TuSharePro.daily,https://tushare.pro/document/1?doc_id=27,Fri Sep 04 2026 20:02:33 GMT+0800 (China Standard Time),公开行情历史快照
600519.SH,贵州茅台,2024-08-30,1443.19,2.1149,5576118.649,有行情,日线,Asia/Shanghai,2025-12-30T15:00:00+08:00,close为不复权；风险收益使用pct_chg÷100,千元,TuSharePro.daily,https://tushare.pro/document/1?doc_id=27,Fri Sep 04 2026 20:02:33 GMT+0800 (China Standard Time),公开行情历史快照
601318.SH,中国平安,2024-08-30,44.03,3.3083,4830979.921,有行情,日线,Asia/Shanghai,2025-12-30T15:00:00+08:00,close为不复权；风险收益使用pct_chg÷100,千元,TuSharePro.daily,https://tushare.pro/document/1?doc_id=27,Fri Sep 04 2026 20:02:33 GMT+0800 (China Standard Time),公开行情历史快照
000333.SZ,美的集团,2024-09-02,65.23,0.7413,1706301.995,有行情,日线,Asia/Shanghai,2025-12-30T15:00:00+08:00,close为不复权；风险收益使用pct_chg÷100,千元,TuSharePro.daily,https://tushare.pro/document/1?doc_id=27,Fri Sep 04 2026 20:02:33 GMT+0800 (China Standard Time),公开行情历史快照
000858.SZ,五粮液,2024-09-02,119.0,-3.2756,2134586.804,有行情,日线,Asia/Shanghai,2025-12-30T15:00:00+08:00,close为不复权；风险收益使用pct_chg÷100,千元,TuSharePro.daily,https://tushare.pro/document/1?doc_id=27,Fri Sep 04 2026 20:02:33 GMT+0800 (China Standard Time),公开行情历史快照
002594.SZ,比亚迪,2024-09-02,241.1,-3.3357,2468600.915,有行情,日线,Asia/Shanghai,2025-12-30T15:00:00+08:00,close为不复权；风险收益使用pct_chg÷100,千元,TuSharePro.daily,https://tushare.pro/document/1?doc_id=27,Fri Sep 04 2026 20:02:33 GMT+0800 (China Standard Time),公开行情历史快照
300750.SZ,宁德时代,2024-09-02,181.19,-1.7088,2371406.002,有行情,日线,Asia/Shanghai,2025-12-30T15:00:00+08:00,close为不复权；风险收益使用pct_chg÷100,千元,TuSharePro.daily,https://tushare.pro/document/1?doc_id=27,Fri Sep 04 2026 20:02:33 GMT+0800 (China Standard Time),公开行情历史快照
600519.SH,贵州茅台,2024-09-02,1395.0,-3.3391,4801049.927,有行情,日线,Asia/Shanghai,2025-12-30T15:00:00+08:00,close为不复权；风险收益使用pct_chg÷100,千元,TuSharePro.daily,https://tushare.pro/document/1?doc_id=27,Fri Sep 04 2026 20:02:33 GMT+0800 (China Standard Time),公开行情历史快照
601318.SH,中国平安,2024-09-02,43.45,-1.3173,2243546.045,有行情,日线,Asia/Shanghai,2025-12-30T15:00:00+08:00,close为不复权；风险收益使用pct_chg÷100,千元,TuSharePro.daily,https://tushare.pro/document/1?doc_id=27,Fri Sep 04 2026 20:02:33 GMT+0800 (China Standard Time),公开行情历史快照
000333.SZ,美的集团,2024-09-03,65.97,1.1344,1599193.264,有行情,日线,Asia/Shanghai,2025-12-30T15:00:00+08:00,close为不复权；风险收益使用pct_chg÷100,千元,TuSharePro.daily,https://tushare.pro/document/1?doc_id=27,Fri Sep 04 2026 20:02:33 GMT+0800 (China Standard Time),公开行情历史快照
000858.SZ,五粮液,2024-09-03,120.32,1.1092,1538909.786,有行情,日线,Asia/Shanghai,2025-12-30T15:00:00+08:00,close为不复权；风险收益使用pct_chg÷100,千元,TuSharePro.daily,https://tushare.pro/document/1?doc_id=27,Fri Sep 04 2026 20:02:33 GMT+0800 (China Standard Time),公开行情历史快照
002594.SZ,比亚迪,2024-09-03,247.08,2.4803,2497421.913,有行情,日线,Asia/Shanghai,2025-12-30T15:00:00+08:00,close为不复权；风险收益使用pct_chg÷100,千元,TuSharePro.daily,https://tushare.pro/document/1?doc_id=27,Fri Sep 04 2026 20:02:33 GMT+0800 (China Standard Time),公开行情历史快照
300750.SZ,宁德时代,2024-09-03,185.65,2.4615,3362146.073,有行情,日线,Asia/Shanghai,2025-12-30T15:00:00+08:00,close为不复权；风险收益使用pct_chg÷100,千元,TuSharePro.daily,https://tushare.pro/document/1?doc_id=27,Fri Sep 04 2026 20:02:33 GMT+0800 (China Standard Time),公开行情历史快照
600519.SH,贵州茅台,2024-09-03,1410.0,1.0753,2516125.842,有行情,日线,Asia/Shanghai,2025-12-30T15:00:00+08:00,close为不复权；风险收益使用pct_chg÷100,千元,TuSharePro.daily,https://tushare.pro/document/1?doc_id=27,Fri Sep 04 2026 20:02:33 GMT+0800 (China Standard Time),公开行情历史快照
601318.SH,中国平安,2024-09-03,43.21,-0.5524,1593821.144,有行情,日线,Asia/Shanghai,2025-12-30T15:00:00+08:00,close为不复权；风险收益使用pct_chg÷100,千元,TuSharePro.daily,https://tushare.pro/document/1?doc_id=27,Fri Sep 04 2026 20:02:33 GMT+0800 (China Standard Time),公开行情历史快照
000333.SZ,美的集团,2024-09-04,65.48,-0.7428,1814975.104,有行情,日线,Asia/Shanghai,2025-12-30T15:00:00+08:00,close为不复权；风险收益使用pct_chg÷100,千元,TuSharePro.daily,https://tushare.pro/document/1?doc_id=27,Fri Sep 04 2026 20:02:33 GMT+0800 (China Standard Time),公开行情历史快照
000858.SZ,五粮液,2024-09-04,119.11,-1.0057,1011886.744,有行情,日线,Asia/Shanghai,2025-12-30T15:00:00+08:00,close为不复权；风险收益使用pct_chg÷100,千元,TuSharePro.daily,https://tushare.pro/document/1?doc_id=27,Fri Sep 04 2026 20:02:33 GMT+0800 (China Standard Time),公开行情历史快照
002594.SZ,比亚迪,2024-09-04,250.32,1.3113,2506778.351,有行情,日线,Asia/Shanghai,2025-12-30T15:00:00+08:00,close为不复权；风险收益使用pct_chg÷100,千元,TuSharePro.daily,https://tushare.pro/document/1?doc_id=27,Fri Sep 04 2026 20:02:33 GMT+0800 (China Standard Time),公开行情历史快照
300750.SZ,宁德时代,2024-09-04,187.15,0.808,3101382.415,有行情,日线,Asia/Shanghai,2025-12-30T15:00:00+08:00,close为不复权；风险收益使用pct_chg÷100,千元,TuSharePro.daily,https://tushare.pro/document/1?doc_id=27,Fri Sep 04 2026 20:02:33 GMT+0800 (China Standard Time),公开行情历史快照
600519.SH,贵州茅台,2024-09-04,1400.0,-0.7092,1995221.417,有行情,日线,Asia/Shanghai,2025-12-30T15:00:00+08:00,close为不复权；风险收益使用pct_chg÷100,千元,TuSharePro.daily,https://tushare.pro/document/1?doc_id=27,Fri Sep 04 2026 20:02:33 GMT+0800 (China Standard Time),公开行情历史快照
601318.SH,中国平安,2024-09-04,42.64,-1.3191,1759519.239,有行情,日线,Asia/Shanghai,2025-12-30T15:00:00+08:00,close为不复权；风险收益使用pct_chg÷100,千元,TuSharePro.daily,https://tushare.pro/document/1?doc_id=27,Fri Sep 04 2026 20:02:33 GMT+0800 (China Standard Time),公开行情历史快照
000333.SZ,美的集团,2024-09-05,63.59,-2.8864,2763225.151,有行情,日线,Asia/Shanghai,2025-12-30T15:00:00+08:00,close为不复权；风险收益使用pct_chg÷100,千元,TuSharePro.daily,https://tushare.pro/document/1?doc_id=27,Fri Sep 04 2026 20:02:33 GMT+0800 (China Standard Time),公开行情历史快照
000858.SZ,五粮液,2024-09-05,119.55,0.3694,987295.999,有行情,日线,Asia/Shanghai,2025-12-30T15:00:00+08:00,close为不复权；风险收益使用pct_chg÷100,千元,TuSharePro.daily,https://tushare.pro/document/1?doc_id=27,Fri Sep 04 2026 20:02:33 GMT+0800 (China Standard Time),公开行情历史快照
002594.SZ,比亚迪,2024-09-05,252.85,1.0107,2542189.363,有行情,日线,Asia/Shanghai,2025-12-30T15:00:00+08:00,close为不复权；风险收益使用pct_chg÷100,千元,TuSharePro.daily,https://tushare.pro/document/1?doc_id=27,Fri Sep 04 2026 20:02:33 GMT+0800 (China Standard Time),公开行情历史快照
300750.SZ,宁德时代,2024-09-05,186.8,-0.187,2302962.597,有行情,日线,Asia/Shanghai,2025-12-30T15:00:00+08:00,close为不复权；风险收益使用pct_chg÷100,千元,TuSharePro.daily,https://tushare.pro/document/1?doc_id=27,Fri Sep 04 2026 20:02:33 GMT+0800 (China Standard Time),公开行情历史快照
600519.SH,贵州茅台,2024-09-05,1404.88,0.3486,2033680.839,有行情,日线,Asia/Shanghai,2025-12-30T15:00:00+08:00,close为不复权；风险收益使用pct_chg÷100,千元,TuSharePro.daily,https://tushare.pro/document/1?doc_id=27,Fri Sep 04 2026 20:02:33 GMT+0800 (China Standard Time),公开行情历史快照
601318.SH,中国平安,2024-09-05,43.42,1.8293,2014905.549,有行情,日线,Asia/Shanghai,2025-12-30T15:00:00+08:00,close为不复权；风险收益使用pct_chg÷100,千元,TuSharePro.daily,https://tushare.pro/document/1?doc_id=27,Fri Sep 04 2026 20:02:33 GMT+0800 (China Standard Time),公开行情历史快照
000333.SZ,美的集团,2024-09-06,63.02,-0.8964,1480652.837,有行情,日线,Asia/Shanghai,2025-12-30T15:00:00+08:00,close为不复权；风险收益使用pct_chg÷100,千元,TuSharePro.daily,https://tushare.pro/document/1?doc_id=27,Fri Sep 04 2026 20:02:33 GMT+0800 (China Standard Time),公开行情历史快照
000858.SZ,五粮液,2024-09-06,117.53,-1.6897,920196.138,有行情,日线,Asia/Shanghai,2025-12-30T15:00:00+08:00,close为不复权；风险收益使用pct_chg÷100,千元,TuSharePro.daily,https://tushare.pro/document/1?doc_id=27,Fri Sep 04 2026 20:02:33 GMT+0800 (China Standard Time),公开行情历史快照
002594.SZ,比亚迪,2024-09-06,251.6,-0.4944,1982245.013,有行情,日线,Asia/Shanghai,2025-12-30T15:00:00+08:00,close为不复权；风险收益使用pct_chg÷100,千元,TuSharePro.daily,https://tushare.pro/document/1?doc_id=27,Fri Sep 04 2026 20:02:33 GMT+0800 (China Standard Time),公开行情历史快照
300750.SZ,宁德时代,2024-09-06,185.95,-0.455,1404159.125,有行情,日线,Asia/Shanghai,2025-12-30T15:00:00+08:00,close为不复权；风险收益使用pct_chg÷100,千元,TuSharePro.daily,https://tushare.pro/document/1?doc_id=27,Fri Sep 04 2026 20:02:33 GMT+0800 (China Standard Time),公开行情历史快照
600519.SH,贵州茅台,2024-09-06,1398.0,-0.4897,1445537.257,有行情,日线,Asia/Shanghai,2025-12-30T15:00:00+08:00,close为不复权；风险收益使用pct_chg÷100,千元,TuSharePro.daily,https://tushare.pro/document/1?doc_id=27,Fri Sep 04 2026 20:02:33 GMT+0800 (China Standard Time),公开行情历史快照
601318.SH,中国平安,2024-09-06,43.25,-0.3915,1699389.017,有行情,日线,Asia/Shanghai,2025-12-30T15:00:00+08:00,close为不复权；风险收益使用pct_chg÷100,千元,TuSharePro.daily,https://tushare.pro/document/1?doc_id=27,Fri Sep 04 2026 20:02:33 GMT+0800 (China Standard Time),公开行情历史快照
000333.SZ,美的集团,2024-09-09,61.09,-3.0625,3359451.1,有行情,日线,Asia/Shanghai,2025-12-30T15:00:00+08:00,close为不复权；风险收益使用pct_chg÷100,千元,TuSharePro.daily,https://tushare.pro/document/1?doc_id=27,Fri Sep 04 2026 20:02:33 GMT+0800 (China Standard Time),公开行情历史快照
000858.SZ,五粮液,2024-09-09,116.22,-1.1146,1296332.675,有行情,日线,Asia/Shanghai,2025-12-30T15:00:00+08:00,close为不复权；风险收益使用pct_chg÷100,千元,TuSharePro.daily,https://tushare.pro/document/1?doc_id=27,Fri Sep 04 2026 20:02:33 GMT+0800 (China Standard Time),公开行情历史快照
002594.SZ,比亚迪,2024-09-09,249.98,-0.6439,1774845.244,有行情,日线,Asia/Shanghai,2025-12-30T15:00:00+08:00,close为不复权；风险收益使用pct_chg÷100,千元,TuSharePro.daily,https://tushare.pro/document/1?doc_id=27,Fri Sep 04 2026 20:02:33 GMT+0800 (China Standard Time),公开行情历史快照
300750.SZ,宁德时代,2024-09-09,185.15,-0.4302,2494206.446,有行情,日线,Asia/Shanghai,2025-12-30T15:00:00+08:00,close为不复权；风险收益使用pct_chg÷100,千元,TuSharePro.daily,https://tushare.pro/document/1?doc_id=27,Fri Sep 04 2026 20:02:33 GMT+0800 (China Standard Time),公开行情历史快照
600519.SH,贵州茅台,2024-09-09,1375.0,-1.6452,3950086.825,有行情,日线,Asia/Shanghai,2025-12-30T15:00:00+08:00,close为不复权；风险收益使用pct_chg÷100,千元,TuSharePro.daily,https://tushare.pro/document/1?doc_id=27,Fri Sep 04 2026 20:02:33 GMT+0800 (China Standard Time),公开行情历史快照
601318.SH,中国平安,2024-09-09,42.68,-1.3179,1720343.646,有行情,日线,Asia/Shanghai,2025-12-30T15:00:00+08:00,close为不复权；风险收益使用pct_chg÷100,千元,TuSharePro.daily,https://tushare.pro/document/1?doc_id=27,Fri Sep 04 2026 20:02:33 GMT+0800 (China Standard Time),公开行情历史快照
000333.SZ,美的集团,2024-09-10,60.75,-0.5566,2451075.854,有行情,日线,Asia/Shanghai,2025-12-30T15:00:00+08:00,close为不复权；风险收益使用pct_chg÷100,千元,TuSharePro.daily,https://tushare.pro/document/1?doc_id=27,Fri Sep 04 2026 20:02:33 GMT+0800 (China Standard Time),公开行情历史快照
000858.SZ,五粮液,2024-09-10,116.43,0.1807,1237792.376,有行情,日线,Asia/Shanghai,2025-12-30T15:00:00+08:00,close为不复权；风险收益使用pct_chg÷100,千元,TuSharePro.daily,https://tushare.pro/document/1?doc_id=27,Fri Sep 04 2026 20:02:33 GMT+0800 (China Standard Time),公开行情历史快照
002594.SZ,比亚迪,2024-09-10,249.65,-0.132,1533462.724,有行情,日线,Asia/Shanghai,2025-12-30T15:00:00+08:00,close为不复权；风险收益使用pct_chg÷100,千元,TuSharePro.daily,https://tushare.pro/document/1?doc_id=27,Fri Sep 04 2026 20:02:33 GMT+0800 (China Standard Time),公开行情历史快照
300750.SZ,宁德时代,2024-09-10,181.16,-2.155,2809100.737,有行情,日线,Asia/Shanghai,2025-12-30T15:00:00+08:00,close为不复权；风险收益使用pct_chg÷100,千元,TuSharePro.daily,https://tushare.pro/document/1?doc_id=27,Fri Sep 04 2026 20:02:33 GMT+0800 (China Standard Time),公开行情历史快照
600519.SH,贵州茅台,2024-09-10,1378.0,0.2182,2737295.644,有行情,日线,Asia/Shanghai,2025-12-30T15:00:00+08:00,close为不复权；风险收益使用pct_chg÷100,千元,TuSharePro.daily,https://tushare.pro/document/1?doc_id=27,Fri Sep 04 2026 20:02:33 GMT+0800 (China Standard Time),公开行情历史快照
601318.SH,中国平安,2024-09-10,42.66,-0.0469,1251507.269,有行情,日线,Asia/Shanghai,2025-12-30T15:00:00+08:00,close为不复权；风险收益使用pct_chg÷100,千元,TuSharePro.daily,https://tushare.pro/document/1?doc_id=27,Fri Sep 04 2026 20:02:33 GMT+0800 (China Standard Time),公开行情历史快照
000333.SZ,美的集团,2024-09-11,61.66,1.4979,2572399.328,有行情,日线,Asia/Shanghai,2025-12-30T15:00:00+08:00,close为不复权；风险收益使用pct_chg÷100,千元,TuSharePro.daily,https://tushare.pro/document/1?doc_id=27,Fri Sep 04 2026 20:02:33 GMT+0800 (China Standard Time),公开行情历史快照
000858.SZ,五粮液,2024-09-11,116.01,-0.3607,888345.207,有行情,日线,Asia/Shanghai,2025-12-30T15:00:00+08:00,close为不复权；风险收益使用pct_chg÷100,千元,TuSharePro.daily,https://tushare.pro/document/1?doc_id=27,Fri Sep 04 2026 20:02:33 GMT+0800 (China Standard Time),公开行情历史快照
002594.SZ,比亚迪,2024-09-11,258.1,3.3847,4001603.969,有行情,日线,Asia/Shanghai,2025-12-30T15:00:00+08:00,close为不复权；风险收益使用pct_chg÷100,千元,TuSharePro.daily,https://tushare.pro/document/1?doc_id=27,Fri Sep 04 2026 20:02:33 GMT+0800 (China Standard Time),公开行情历史快照
300750.SZ,宁德时代,2024-09-11,186.56,2.9808,3938430.663,有行情,日线,Asia/Shanghai,2025-12-30T15:00:00+08:00,close为不复权；风险收益使用pct_chg÷100,千元,TuSharePro.daily,https://tushare.pro/document/1?doc_id=27,Fri Sep 04 2026 20:02:33 GMT+0800 (China Standard Time),公开行情历史快照
600519.SH,贵州茅台,2024-09-11,1380.0,0.1451,2892932.794,有行情,日线,Asia/Shanghai,2025-12-30T15:00:00+08:00,close为不复权；风险收益使用pct_chg÷100,千元,TuSharePro.daily,https://tushare.pro/document/1?doc_id=27,Fri Sep 04 2026 20:02:33 GMT+0800 (China Standard Time),公开行情历史快照
601318.SH,中国平安,2024-09-11,42.52,-0.3282,1167516.315,有行情,日线,Asia/Shanghai,2025-12-30T15:00:00+08:00,close为不复权；风险收益使用pct_chg÷100,千元,TuSharePro.daily,https://tushare.pro/document/1?doc_id=27,Fri Sep 04 2026 20:02:33 GMT+0800 (China Standard Time),公开行情历史快照
000333.SZ,美的集团,2024-09-12,62.37,1.1515,1719561.913,有行情,日线,Asia/Shanghai,2025-12-30T15:00:00+08:00,close为不复权；风险收益使用pct_chg÷100,千元,TuSharePro.daily,https://tushare.pro/document/1?doc_id=27,Fri Sep 04 2026 20:02:33 GMT+0800 (China Standard Time),公开行情历史快照
000858.SZ,五粮液,2024-09-12,113.36,-2.2843,1945710.694,有行情,日线,Asia/Shanghai,2025-12-30T15:00:00+08:00,close为不复权；风险收益使用pct_chg÷100,千元,TuSharePro.daily,https://tushare.pro/document/1?doc_id=27,Fri Sep 04 2026 20:02:33 GMT+0800 (China Standard Time),公开行情历史快照
002594.SZ,比亚迪,2024-09-12,257.01,-0.4223,1995755.899,有行情,日线,Asia/Shanghai,2025-12-30T15:00:00+08:00,close为不复权；风险收益使用pct_chg÷100,千元,TuSharePro.daily,https://tushare.pro/document/1?doc_id=27,Fri Sep 04 2026 20:02:33 GMT+0800 (China Standard Time),公开行情历史快照
300750.SZ,宁德时代,2024-09-12,189.35,1.4955,3931885.573,有行情,日线,Asia/Shanghai,2025-12-30T15:00:00+08:00,close为不复权；风险收益使用pct_chg÷100,千元,TuSharePro.daily,https://tushare.pro/document/1?doc_id=27,Fri Sep 04 2026 20:02:33 GMT+0800 (China Standard Time),公开行情历史快照
600519.SH,贵州茅台,2024-09-12,1335.06,-3.2565,6482445.0,有行情,日线,Asia/Shanghai,2025-12-30T15:00:00+08:00,close为不复权；风险收益使用pct_chg÷100,千元,TuSharePro.daily,https://tushare.pro/document/1?doc_id=27,Fri Sep 04 2026 20:02:33 GMT+0800 (China Standard Time),公开行情历史快照
601318.SH,中国平安,2024-09-12,42.6,0.1881,1739432.819,有行情,日线,Asia/Shanghai,2025-12-30T15:00:00+08:00,close为不复权；风险收益使用pct_chg÷100,千元,TuSharePro.daily,https://tushare.pro/document/1?doc_id=27,Fri Sep 04 2026 20:02:33 GMT+0800 (China Standard Time),公开行情历史快照
000333.SZ,美的集团,2024-09-13,63.51,1.8278,2037679.478,有行情,日线,Asia/Shanghai,2025-12-30T15:00:00+08:00,close为不复权；风险收益使用pct_chg÷100,千元,TuSharePro.daily,https://tushare.pro/document/1?doc_id=27,Fri Sep 04 2026 20:02:33 GMT+0800 (China Standard Time),公开行情历史快照
000858.SZ,五粮液,2024-09-13,109.2,-3.6697,3444726.618,有行情,日线,Asia/Shanghai,2025-12-30T15:00:00+08:00,close为不复权；风险收益使用pct_chg÷100,千元,TuSharePro.daily,https://tushare.pro/document/1?doc_id=27,Fri Sep 04 2026 20:02:33 GMT+0800 (China Standard Time),公开行情历史快照
002594.SZ,比亚迪,2024-09-13,254.99,-0.786,1458587.906,有行情,日线,Asia/Shanghai,2025-12-30T15:00:00+08:00,close为不复权；风险收益使用pct_chg÷100,千元,TuSharePro.daily,https://tushare.pro/document/1?doc_id=27,Fri Sep 04 2026 20:02:33 GMT+0800 (China Standard Time),公开行情历史快照
300750.SZ,宁德时代,2024-09-13,183.5,-3.0895,3202147.524,有行情,日线,Asia/Shanghai,2025-12-30T15:00:00+08:00,close为不复权；风险收益使用pct_chg÷100,千元,TuSharePro.daily,https://tushare.pro/document/1?doc_id=27,Fri Sep 04 2026 20:02:33 GMT+0800 (China Standard Time),公开行情历史快照
600519.SH,贵州茅台,2024-09-13,1304.13,-2.3167,7329376.917,有行情,日线,Asia/Shanghai,2025-12-30T15:00:00+08:00,close为不复权；风险收益使用pct_chg÷100,千元,TuSharePro.daily,https://tushare.pro/document/1?doc_id=27,Fri Sep 04 2026 20:02:33 GMT+0800 (China Standard Time),公开行情历史快照
601318.SH,中国平安,2024-09-13,42.89,0.6808,1484769.941,有行情,日线,Asia/Shanghai,2025-12-30T15:00:00+08:00,close为不复权；风险收益使用pct_chg÷100,千元,TuSharePro.daily,https://tushare.pro/document/1?doc_id=27,Fri Sep 04 2026 20:02:33 GMT+0800 (China Standard Time),公开行情历史快照
000333.SZ,美的集团,2024-09-18,65.25,2.7397,1915513.518,有行情,日线,Asia/Shanghai,2025-12-30T15:00:00+08:00,close为不复权；风险收益使用pct_chg÷100,千元,TuSharePro.daily,https://tushare.pro/document/1?doc_id=27,Fri Sep 04 2026 20:02:33 GMT+0800 (China Standard Time),公开行情历史快照
000858.SZ,五粮液,2024-09-18,107.69,-1.3828,1916365.125,有行情,日线,Asia/Shanghai,2025-12-30T15:00:00+08:00,close为不复权；风险收益使用pct_chg÷100,千元,TuSharePro.daily,https://tushare.pro/document/1?doc_id=27,Fri Sep 04 2026 20:02:33 GMT+0800 (China Standard Time),公开行情历史快照
002594.SZ,比亚迪,2024-09-18,258.43,1.3491,1715595.538,有行情,日线,Asia/Shanghai,2025-12-30T15:00:00+08:00,close为不复权；风险收益使用pct_chg÷100,千元,TuSharePro.daily,https://tushare.pro/document/1?doc_id=27,Fri Sep 04 2026 20:02:33 GMT+0800 (China Standard Time),公开行情历史快照
300750.SZ,宁德时代,2024-09-18,186.4,1.5804,2116044.596,有行情,日线,Asia/Shanghai,2025-12-30T15:00:00+08:00,close为不复权；风险收益使用pct_chg÷100,千元,TuSharePro.daily,https://tushare.pro/document/1?doc_id=27,Fri Sep 04 2026 20:02:33 GMT+0800 (China Standard Time),公开行情历史快照
600519.SH,贵州茅台,2024-09-18,1266.9,-2.8548,5895948.011,有行情,日线,Asia/Shanghai,2025-12-30T15:00:00+08:00,close为不复权；风险收益使用pct_chg÷100,千元,TuSharePro.daily,https://tushare.pro/document/1?doc_id=27,Fri Sep 04 2026 20:02:33 GMT+0800 (China Standard Time),公开行情历史快照
601318.SH,中国平安,2024-09-18,43.7,1.8886,1883001.068,有行情,日线,Asia/Shanghai,2025-12-30T15:00:00+08:00,close为不复权；风险收益使用pct_chg÷100,千元,TuSharePro.daily,https://tushare.pro/document/1?doc_id=27,Fri Sep 04 2026 20:02:33 GMT+0800 (China Standard Time),公开行情历史快照
000333.SZ,美的集团,2024-09-19,65.28,0.046,3085181.571,有行情,日线,Asia/Shanghai,2025-12-30T15:00:00+08:00,close为不复权；风险收益使用pct_chg÷100,千元,TuSharePro.daily,https://tushare.pro/document/1?doc_id=27,Fri Sep 04 2026 20:02:33 GMT+0800 (China Standard Time),公开行情历史快照
000858.SZ,五粮液,2024-09-19,110.9,2.9808,3511889.908,有行情,日线,Asia/Shanghai,2025-12-30T15:00:00+08:00,close为不复权；风险收益使用pct_chg÷100,千元,TuSharePro.daily,https://tushare.pro/document/1?doc_id=27,Fri Sep 04 2026 20:02:33 GMT+0800 (China Standard Time),公开行情历史快照
002594.SZ,比亚迪,2024-09-19,255.36,-1.1879,2326365.319,有行情,日线,Asia/Shanghai,2025-12-30T15:00:00+08:00,close为不复权；风险收益使用pct_chg÷100,千元,TuSharePro.daily,https://tushare.pro/document/1?doc_id=27,Fri Sep 04 2026 20:02:33 GMT+0800 (China Standard Time),公开行情历史快照
300750.SZ,宁德时代,2024-09-19,186.9,0.2682,2940618.897,有行情,日线,Asia/Shanghai,2025-12-30T15:00:00+08:00,close为不复权；风险收益使用pct_chg÷100,千元,TuSharePro.daily,https://tushare.pro/document/1?doc_id=27,Fri Sep 04 2026 20:02:33 GMT+0800 (China Standard Time),公开行情历史快照
600519.SH,贵州茅台,2024-09-19,1261.0,-0.4657,7623739.997,有行情,日线,Asia/Shanghai,2025-12-30T15:00:00+08:00,close为不复权；风险收益使用pct_chg÷100,千元,TuSharePro.daily,https://tushare.pro/document/1?doc_id=27,Fri Sep 04 2026 20:02:33 GMT+0800 (China Standard Time),公开行情历史快照
601318.SH,中国平安,2024-09-19,44.03,0.7551,2046412.473,有行情,日线,Asia/Shanghai,2025-12-30T15:00:00+08:00,close为不复权；风险收益使用pct_chg÷100,千元,TuSharePro.daily,https://tushare.pro/document/1?doc_id=27,Fri Sep 04 2026 20:02:33 GMT+0800 (China Standard Time),公开行情历史快照
000333.SZ,美的集团,2024-09-20,66.06,1.1949,2608979.309,有行情,日线,Asia/Shanghai,2025-12-30T15:00:00+08:00,close为不复权；风险收益使用pct_chg÷100,千元,TuSharePro.daily,https://tushare.pro/document/1?doc_id=27,Fri Sep 04 2026 20:02:33 GMT+0800 (China Standard Time),公开行情历史快照
000858.SZ,五粮液,2024-09-20,110.28,-0.5591,2158043.125,有行情,日线,Asia/Shanghai,2025-12-30T15:00:00+08:00,close为不复权；风险收益使用pct_chg÷100,千元,TuSharePro.daily,https://tushare.pro/document/1?doc_id=27,Fri Sep 04 2026 20:02:33 GMT+0800 (China Standard Time),公开行情历史快照
002594.SZ,比亚迪,2024-09-20,256.1,0.2898,2292829.765,有行情,日线,Asia/Shanghai,2025-12-30T15:00:00+08:00,close为不复权；风险收益使用pct_chg÷100,千元,TuSharePro.daily,https://tushare.pro/document/1?doc_id=27,Fri Sep 04 2026 20:02:33 GMT+0800 (China Standard Time),公开行情历史快照
300750.SZ,宁德时代,2024-09-20,185.6,-0.6956,2874252.972,有行情,日线,Asia/Shanghai,2025-12-30T15:00:00+08:00,close为不复权；风险收益使用pct_chg÷100,千元,TuSharePro.daily,https://tushare.pro/document/1?doc_id=27,Fri Sep 04 2026 20:02:33 GMT+0800 (China Standard Time),公开行情历史快照
600519.SH,贵州茅台,2024-09-20,1263.92,0.2316,5038507.835,有行情,日线,Asia/Shanghai,2025-12-30T15:00:00+08:00,close为不复权；风险收益使用pct_chg÷100,千元,TuSharePro.daily,https://tushare.pro/document/1?doc_id=27,Fri Sep 04 2026 20:02:33 GMT+0800 (China Standard Time),公开行情历史快照
601318.SH,中国平安,2024-09-20,44.15,0.2725,2347055.961,有行情,日线,Asia/Shanghai,2025-12-30T15:00:00+08:00,close为不复权；风险收益使用pct_chg÷100,千元,TuSharePro.daily,https://tushare.pro/document/1?doc_id=27,Fri Sep 04 2026 20:02:33 GMT+0800 (China Standard Time),公开行情历史快照
000333.SZ,美的集团,2024-09-23,67.6,2.3312,2643088.028,有行情,日线,Asia/Shanghai,2025-12-30T15:00:00+08:00,close为不复权；风险收益使用pct_chg÷100,千元,TuSharePro.daily,https://tushare.pro/document/1?doc_id=27,Fri Sep 04 2026 20:02:33 GMT+0800 (China Standard Time),公开行情历史快照
000858.SZ,五粮液,2024-09-23,112.29,1.8226,2298355.085,有行情,日线,Asia/Shanghai,2025-12-30T15:00:00+08:00,close为不复权；风险收益使用pct_chg÷100,千元,TuSharePro.daily,https://tushare.pro/document/1?doc_id=27,Fri Sep 04 2026 20:02:33 GMT+0800 (China Standard Time),公开行情历史快照
002594.SZ,比亚迪,2024-09-23,250.0,-2.3819,2712153.56,有行情,日线,Asia/Shanghai,2025-12-30T15:00:00+08:00,close为不复权；风险收益使用pct_chg÷100,千元,TuSharePro.daily,https://tushare.pro/document/1?doc_id=27,Fri Sep 04 2026 20:02:33 GMT+0800 (China Standard Time),公开行情历史快照
300750.SZ,宁德时代,2024-09-23,188.2,1.4009,2968348.168,有行情,日线,Asia/Shanghai,2025-12-30T15:00:00+08:00,close为不复权；风险收益使用pct_chg÷100,千元,TuSharePro.daily,https://tushare.pro/document/1?doc_id=27,Fri Sep 04 2026 20:02:33 GMT+0800 (China Standard Time),公开行情历史快照
600519.SH,贵州茅台,2024-09-23,1261.54,-0.1883,5809791.682,有行情,日线,Asia/Shanghai,2025-12-30T15:00:00+08:00,close为不复权；风险收益使用pct_chg÷100,千元,TuSharePro.daily,https://tushare.pro/document/1?doc_id=27,Fri Sep 04 2026 20:02:33 GMT+0800 (China Standard Time),公开行情历史快照
601318.SH,中国平安,2024-09-23,44.09,-0.1359,1302373.909,有行情,日线,Asia/Shanghai,2025-12-30T15:00:00+08:00,close为不复权；风险收益使用pct_chg÷100,千元,TuSharePro.daily,https://tushare.pro/document/1?doc_id=27,Fri Sep 04 2026 20:02:33 GMT+0800 (China Standard Time),公开行情历史快照
000333.SZ,美的集团,2024-09-24,68.04,0.6509,3378454.557,有行情,日线,Asia/Shanghai,2025-12-30T15:00:00+08:00,close为不复权；风险收益使用pct_chg÷100,千元,TuSharePro.daily,https://tushare.pro/document/1?doc_id=27,Fri Sep 04 2026 20:02:33 GMT+0800 (China Standard Time),公开行情历史快照
000858.SZ,五粮液,2024-09-24,120.36,7.1867,5559354.901,有行情,日线,Asia/Shanghai,2025-12-30T15:00:00+08:00,close为不复权；风险收益使用pct_chg÷100,千元,TuSharePro.daily,https://tushare.pro/document/1?doc_id=27,Fri Sep 04 2026 20:02:33 GMT+0800 (China Standard Time),公开行情历史快照
002594.SZ,比亚迪,2024-09-24,254.29,1.716,3949080.823,有行情,日线,Asia/Shanghai,2025-12-30T15:00:00+08:00,close为不复权；风险收益使用pct_chg÷100,千元,TuSharePro.daily,https://tushare.pro/document/1?doc_id=27,Fri Sep 04 2026 20:02:33 GMT+0800 (China Standard Time),公开行情历史快照
300750.SZ,宁德时代,2024-09-24,197.52,4.9522,6891613.102,有行情,日线,Asia/Shanghai,2025-12-30T15:00:00+08:00,close为不复权；风险收益使用pct_chg÷100,千元,TuSharePro.daily,https://tushare.pro/document/1?doc_id=27,Fri Sep 04 2026 20:02:33 GMT+0800 (China Standard Time),公开行情历史快照
600519.SH,贵州茅台,2024-09-24,1372.6,8.8035,13297277.523,有行情,日线,Asia/Shanghai,2025-12-30T15:00:00+08:00,close为不复权；风险收益使用pct_chg÷100,千元,TuSharePro.daily,https://tushare.pro/document/1?doc_id=27,Fri Sep 04 2026 20:02:33 GMT+0800 (China Standard Time),公开行情历史快照
601318.SH,中国平安,2024-09-24,46.5,5.4661,5518430.623,有行情,日线,Asia/Shanghai,2025-12-30T15:00:00+08:00,close为不复权；风险收益使用pct_chg÷100,千元,TuSharePro.daily,https://tushare.pro/document/1?doc_id=27,Fri Sep 04 2026 20:02:33 GMT+0800 (China Standard Time),公开行情历史快照
000333.SZ,美的集团,2024-09-25,70.11,3.0423,4428074.584,有行情,日线,Asia/Shanghai,2025-12-30T15:00:00+08:00,close为不复权；风险收益使用pct_chg÷100,千元,TuSharePro.daily,https://tushare.pro/document/1?doc_id=27,Fri Sep 04 2026 20:02:33 GMT+0800 (China Standard Time),公开行情历史快照
000858.SZ,五粮液,2024-09-25,122.1,1.4457,5168860.913,有行情,日线,Asia/Shanghai,2025-12-30T15:00:00+08:00,close为不复权；风险收益使用pct_chg÷100,千元,TuSharePro.daily,https://tushare.pro/document/1?doc_id=27,Fri Sep 04 2026 20:02:33 GMT+0800 (China Standard Time),公开行情历史快照
002594.SZ,比亚迪,2024-09-25,262.8,3.3466,5442651.982,有行情,日线,Asia/Shanghai,2025-12-30T15:00:00+08:00,close为不复权；风险收益使用pct_chg÷100,千元,TuSharePro.daily,https://tushare.pro/document/1?doc_id=27,Fri Sep 04 2026 20:02:33 GMT+0800 (China Standard Time),公开行情历史快照
300750.SZ,宁德时代,2024-09-25,203.1,2.825,8606648.806,有行情,日线,Asia/Shanghai,2025-12-30T15:00:00+08:00,close为不复权；风险收益使用pct_chg÷100,千元,TuSharePro.daily,https://tushare.pro/document/1?doc_id=27,Fri Sep 04 2026 20:02:33 GMT+0800 (China Standard Time),公开行情历史快照
600519.SH,贵州茅台,2024-09-25,1399.0,1.9234,10420109.655,有行情,日线,Asia/Shanghai,2025-12-30T15:00:00+08:00,close为不复权；风险收益使用pct_chg÷100,千元,TuSharePro.daily,https://tushare.pro/document/1?doc_id=27,Fri Sep 04 2026 20:02:33 GMT+0800 (China Standard Time),公开行情历史快照
601318.SH,中国平安,2024-09-25,47.36,1.8495,6594953.851,有行情,日线,Asia/Shanghai,2025-12-30T15:00:00+08:00,close为不复权；风险收益使用pct_chg÷100,千元,TuSharePro.daily,https://tushare.pro/document/1?doc_id=27,Fri Sep 04 2026 20:02:33 GMT+0800 (China Standard Time),公开行情历史快照
000333.SZ,美的集团,2024-09-26,73.56,4.9208,3592524.658,有行情,日线,Asia/Shanghai,2025-12-30T15:00:00+08:00,close为不复权；风险收益使用pct_chg÷100,千元,TuSharePro.daily,https://tushare.pro/document/1?doc_id=27,Fri Sep 04 2026 20:02:33 GMT+0800 (China Standard Time),公开行情历史快照
000858.SZ,五粮液,2024-09-26,134.31,10.0,8594482.228,有行情,日线,Asia/Shanghai,2025-12-30T15:00:00+08:00,close为不复权；风险收益使用pct_chg÷100,千元,TuSharePro.daily,https://tushare.pro/document/1?doc_id=27,Fri Sep 04 2026 20:02:33 GMT+0800 (China Standard Time),公开行情历史快照
002594.SZ,比亚迪,2024-09-26,269.61,2.5913,3960197.854,有行情,日线,Asia/Shanghai,2025-12-30T15:00:00+08:00,close为不复权；风险收益使用pct_chg÷100,千元,TuSharePro.daily,https://tushare.pro/document/1?doc_id=27,Fri Sep 04 2026 20:02:33 GMT+0800 (China Standard Time),公开行情历史快照
300750.SZ,宁德时代,2024-09-26,205.51,1.1866,7190132.217,有行情,日线,Asia/Shanghai,2025-12-30T15:00:00+08:00,close为不复权；风险收益使用pct_chg÷100,千元,TuSharePro.daily,https://tushare.pro/document/1?doc_id=27,Fri Sep 04 2026 20:02:33 GMT+0800 (China Standard Time),公开行情历史快照
600519.SH,贵州茅台,2024-09-26,1529.0,9.2924,14269262.657,有行情,日线,Asia/Shanghai,2025-12-30T15:00:00+08:00,close为不复权；风险收益使用pct_chg÷100,千元,TuSharePro.daily,https://tushare.pro/document/1?doc_id=27,Fri Sep 04 2026 20:02:33 GMT+0800 (China Standard Time),公开行情历史快照
601318.SH,中国平安,2024-09-26,50.42,6.4611,8023977.092,有行情,日线,Asia/Shanghai,2025-12-30T15:00:00+08:00,close为不复权；风险收益使用pct_chg÷100,千元,TuSharePro.daily,https://tushare.pro/document/1?doc_id=27,Fri Sep 04 2026 20:02:33 GMT+0800 (China Standard Time),公开行情历史快照
000333.SZ,美的集团,2024-09-27,73.0,-0.7613,6253333.702,有行情,日线,Asia/Shanghai,2025-12-30T15:00:00+08:00,close为不复权；风险收益使用pct_chg÷100,千元,TuSharePro.daily,https://tushare.pro/document/1?doc_id=27,Fri Sep 04 2026 20:02:33 GMT+0800 (China Standard Time),公开行情历史快照
000858.SZ,五粮液,2024-09-27,147.74,9.9993,12438562.567,有行情,日线,Asia/Shanghai,2025-12-30T15:00:00+08:00,close为不复权；风险收益使用pct_chg÷100,千元,TuSharePro.daily,https://tushare.pro/document/1?doc_id=27,Fri Sep 04 2026 20:02:33 GMT+0800 (China Standard Time),公开行情历史快照
002594.SZ,比亚迪,2024-09-27,283.99,5.3336,8683447.958,有行情,日线,Asia/Shanghai,2025-12-30T15:00:00+08:00,close为不复权；风险收益使用pct_chg÷100,千元,TuSharePro.daily,https://tushare.pro/document/1?doc_id=27,Fri Sep 04 2026 20:02:33 GMT+0800 (China Standard Time),公开行情历史快照
300750.SZ,宁德时代,2024-09-27,226.81,10.3645,15567947.397,有行情,日线,Asia/Shanghai,2025-12-30T15:00:00+08:00,close为不复权；风险收益使用pct_chg÷100,千元,TuSharePro.daily,https://tushare.pro/document/1?doc_id=27,Fri Sep 04 2026 20:02:33 GMT+0800 (China Standard Time),公开行情历史快照
600519.SH,贵州茅台,2024-09-27,1629.2,6.5533,14050260.569,有行情,日线,Asia/Shanghai,2025-12-30T15:00:00+08:00,close为不复权；风险收益使用pct_chg÷100,千元,TuSharePro.daily,https://tushare.pro/document/1?doc_id=27,Fri Sep 04 2026 20:02:33 GMT+0800 (China Standard Time),公开行情历史快照
601318.SH,中国平安,2024-09-27,51.9,2.9353,7197182.304,有行情,日线,Asia/Shanghai,2025-12-30T15:00:00+08:00,close为不复权；风险收益使用pct_chg÷100,千元,TuSharePro.daily,https://tushare.pro/document/1?doc_id=27,Fri Sep 04 2026 20:02:33 GMT+0800 (China Standard Time),公开行情历史快照
000333.SZ,美的集团,2024-09-30,76.06,4.1918,9344041.944,有行情,日线,Asia/Shanghai,2025-12-30T15:00:00+08:00,close为不复权；风险收益使用pct_chg÷100,千元,TuSharePro.daily,https://tushare.pro/document/1?doc_id=27,Fri Sep 04 2026 20:02:33 GMT+0800 (China Standard Time),公开行情历史快照
000858.SZ,五粮液,2024-09-30,162.51,9.9973,15752197.756,有行情,日线,Asia/Shanghai,2025-12-30T15:00:00+08:00,close为不复权；风险收益使用pct_chg÷100,千元,TuSharePro.daily,https://tushare.pro/document/1?doc_id=27,Fri Sep 04 2026 20:02:33 GMT+0800 (China Standard Time),公开行情历史快照
002594.SZ,比亚迪,2024-09-30,307.31,8.2116,11640545.413,有行情,日线,Asia/Shanghai,2025-12-30T15:00:00+08:00,close为不复权；风险收益使用pct_chg÷100,千元,TuSharePro.daily,https://tushare.pro/document/1?doc_id=27,Fri Sep 04 2026 20:02:33 GMT+0800 (China Standard Time),公开行情历史快照
300750.SZ,宁德时代,2024-09-30,251.89,11.0577,22246725.636,有行情,日线,Asia/Shanghai,2025-12-30T15:00:00+08:00,close为不复权；风险收益使用pct_chg÷100,千元,TuSharePro.daily,https://tushare.pro/document/1?doc_id=27,Fri Sep 04 2026 20:02:33 GMT+0800 (China Standard Time),公开行情历史快照
600519.SH,贵州茅台,2024-09-30,1748.0,7.2919,26982747.037,有行情,日线,Asia/Shanghai,2025-12-30T15:00:00+08:00,close为不复权；风险收益使用pct_chg÷100,千元,TuSharePro.daily,https://tushare.pro/document/1?doc_id=27,Fri Sep 04 2026 20:02:33 GMT+0800 (China Standard Time),公开行情历史快照
601318.SH,中国平安,2024-09-30,57.09,10.0,14733344.153,有行情,日线,Asia/Shanghai,2025-12-30T15:00:00+08:00,close为不复权；风险收益使用pct_chg÷100,千元,TuSharePro.daily,https://tushare.pro/document/1?doc_id=27,Fri Sep 04 2026 20:02:33 GMT+0800 (China Standard Time),公开行情历史快照
000333.SZ,美的集团,2024-10-08,80.19,5.4299,11050056.032,有行情,日线,Asia/Shanghai,2025-12-30T15:00:00+08:00,close为不复权；风险收益使用pct_chg÷100,千元,TuSharePro.daily,https://tushare.pro/document/1?doc_id=27,Fri Sep 04 2026 20:02:33 GMT+0800 (China Standard Time),公开行情历史快照
000858.SZ,五粮液,2024-10-08,164.05,0.9476,22218231.045,有行情,日线,Asia/Shanghai,2025-12-30T15:00:00+08:00,close为不复权；风险收益使用pct_chg÷100,千元,TuSharePro.daily,https://tushare.pro/document/1?doc_id=27,Fri Sep 04 2026 20:02:33 GMT+0800 (China Standard Time),公开行情历史快照
002594.SZ,比亚迪,2024-10-08,327.38,6.5309,14484952.068,有行情,日线,Asia/Shanghai,2025-12-30T15:00:00+08:00,close为不复权；风险收益使用pct_chg÷100,千元,TuSharePro.daily,https://tushare.pro/document/1?doc_id=27,Fri Sep 04 2026 20:02:33 GMT+0800 (China Standard Time),公开行情历史快照
300750.SZ,宁德时代,2024-10-08,299.0,18.7026,39285155.658,有行情,日线,Asia/Shanghai,2025-12-30T15:00:00+08:00,close为不复权；风险收益使用pct_chg÷100,千元,TuSharePro.daily,https://tushare.pro/document/1?doc_id=27,Fri Sep 04 2026 20:02:33 GMT+0800 (China Standard Time),公开行情历史快照
600519.SH,贵州茅台,2024-10-08,1723.0,-1.4302,35114075.007,有行情,日线,Asia/Shanghai,2025-12-30T15:00:00+08:00,close为不复权；风险收益使用pct_chg÷100,千元,TuSharePro.daily,https://tushare.pro/document/1?doc_id=27,Fri Sep 04 2026 20:02:33 GMT+0800 (China Standard Time),公开行情历史快照
601318.SH,中国平安,2024-10-08,61.73,8.1275,24440888.195,有行情,日线,Asia/Shanghai,2025-12-30T15:00:00+08:00,close为不复权；风险收益使用pct_chg÷100,千元,TuSharePro.daily,https://tushare.pro/document/1?doc_id=27,Fri Sep 04 2026 20:02:33 GMT+0800 (China Standard Time),公开行情历史快照
000333.SZ,美的集团,2024-10-09,75.01,-6.4597,6896386.875,有行情,日线,Asia/Shanghai,2025-12-30T15:00:00+08:00,close为不复权；风险收益使用pct_chg÷100,千元,TuSharePro.daily,https://tushare.pro/document/1?doc_id=27,Fri Sep 04 2026 20:02:33 GMT+0800 (China Standard Time),公开行情历史快照
000858.SZ,五粮液,2024-10-09,147.68,-9.9787,12409184.179,有行情,日线,Asia/Shanghai,2025-12-30T15:00:00+08:00,close为不复权；风险收益使用pct_chg÷100,千元,TuSharePro.daily,https://tushare.pro/document/1?doc_id=27,Fri Sep 04 2026 20:02:33 GMT+0800 (China Standard Time),公开行情历史快照
002594.SZ,比亚迪,2024-10-09,305.69,-6.6253,10166970.123,有行情,日线,Asia/Shanghai,2025-12-30T15:00:00+08:00,close为不复权；风险收益使用pct_chg÷100,千元,TuSharePro.daily,https://tushare.pro/document/1?doc_id=27,Fri Sep 04 2026 20:02:33 GMT+0800 (China Standard Time),公开行情历史快照
300750.SZ,宁德时代,2024-10-09,255.0,-14.7157,29017394.645,有行情,日线,Asia/Shanghai,2025-12-30T15:00:00+08:00,close为不复权；风险收益使用pct_chg÷100,千元,TuSharePro.daily,https://tushare.pro/document/1?doc_id=27,Fri Sep 04 2026 20:02:33 GMT+0800 (China Standard Time),公开行情历史快照
600519.SH,贵州茅台,2024-10-09,1595.15,-7.4202,19708432.734,有行情,日线,Asia/Shanghai,2025-12-30T15:00:00+08:00,close为不复权；风险收益使用pct_chg÷100,千元,TuSharePro.daily,https://tushare.pro/document/1?doc_id=27,Fri Sep 04 2026 20:02:33 GMT+0800 (China Standard Time),公开行情历史快照
601318.SH,中国平安,2024-10-09,55.7,-9.7683,16431475.144,有行情,日线,Asia/Shanghai,2025-12-30T15:00:00+08:00,close为不复权；风险收益使用pct_chg÷100,千元,TuSharePro.daily,https://tushare.pro/document/1?doc_id=27,Fri Sep 04 2026 20:02:33 GMT+0800 (China Standard Time),公开行情历史快照
000333.SZ,美的集团,2024-10-10,78.3,4.3861,5259062.088,有行情,日线,Asia/Shanghai,2025-12-30T15:00:00+08:00,close为不复权；风险收益使用pct_chg÷100,千元,TuSharePro.daily,https://tushare.pro/document/1?doc_id=27,Fri Sep 04 2026 20:02:33 GMT+0800 (China Standard Time),公开行情历史快照
000858.SZ,五粮液,2024-10-10,151.98,2.9117,9164464.307,有行情,日线,Asia/Shanghai,2025-12-30T15:00:00+08:00,close为不复权；风险收益使用pct_chg÷100,千元,TuSharePro.daily,https://tushare.pro/document/1?doc_id=27,Fri Sep 04 2026 20:02:33 GMT+0800 (China Standard Time),公开行情历史快照
002594.SZ,比亚迪,2024-10-10,315.89,3.3367,7918647.496,有行情,日线,Asia/Shanghai,2025-12-30T15:00:00+08:00,close为不复权；风险收益使用pct_chg÷100,千元,TuSharePro.daily,https://tushare.pro/document/1?doc_id=27,Fri Sep 04 2026 20:02:33 GMT+0800 (China Standard Time),公开行情历史快照
300750.SZ,宁德时代,2024-10-10,258.0,1.1765,15786972.611,有行情,日线,Asia/Shanghai,2025-12-30T15:00:00+08:00,close为不复权；风险收益使用pct_chg÷100,千元,TuSharePro.daily,https://tushare.pro/document/1?doc_id=27,Fri Sep 04 2026 20:02:33 GMT+0800 (China Standard Time),公开行情历史快照
600519.SH,贵州茅台,2024-10-10,1640.0,2.8116,12198964.035,有行情,日线,Asia/Shanghai,2025-12-30T15:00:00+08:00,close为不复权；风险收益使用pct_chg÷100,千元,TuSharePro.daily,https://tushare.pro/document/1?doc_id=27,Fri Sep 04 2026 20:02:33 GMT+0800 (China Standard Time),公开行情历史快照
601318.SH,中国平安,2024-10-10,58.5,5.0269,12981664.827,有行情,日线,Asia/Shanghai,2025-12-30T15:00:00+08:00,close为不复权；风险收益使用pct_chg÷100,千元,TuSharePro.daily,https://tushare.pro/document/1?doc_id=27,Fri Sep 04 2026 20:02:33 GMT+0800 (China Standard Time),公开行情历史快照
000333.SZ,美的集团,2024-10-11,76.77,-1.954,2930030.642,有行情,日线,Asia/Shanghai,2025-12-30T15:00:00+08:00,close为不复权；风险收益使用pct_chg÷100,千元,TuSharePro.daily,https://tushare.pro/document/1?doc_id=27,Fri Sep 04 2026 20:02:33 GMT+0800 (China Standard Time),公开行情历史快照
000858.SZ,五粮液,2024-10-11,149.65,-1.5331,4283807.928,有行情,日线,Asia/Shanghai,2025-12-30T15:00:00+08:00,close为不复权；风险收益使用pct_chg÷100,千元,TuSharePro.daily,https://tushare.pro/document/1?doc_id=27,Fri Sep 04 2026 20:02:33 GMT+0800 (China Standard Time),公开行情历史快照
002594.SZ,比亚迪,2024-10-11,300.05,-5.0144,5671879.377,有行情,日线,Asia/Shanghai,2025-12-30T15:00:00+08:00,close为不复权；风险收益使用pct_chg÷100,千元,TuSharePro.daily,https://tushare.pro/document/1?doc_id=27,Fri Sep 04 2026 20:02:33 GMT+0800 (China Standard Time),公开行情历史快照
300750.SZ,宁德时代,2024-10-11,241.79,-6.2829,11668275.358,有行情,日线,Asia/Shanghai,2025-12-30T15:00:00+08:00,close为不复权；风险收益使用pct_chg÷100,千元,TuSharePro.daily,https://tushare.pro/document/1?doc_id=27,Fri Sep 04 2026 20:02:33 GMT+0800 (China Standard Time),公开行情历史快照
600519.SH,贵州茅台,2024-10-11,1604.99,-2.1348,6764982.707,有行情,日线,Asia/Shanghai,2025-12-30T15:00:00+08:00,close为不复权；风险收益使用pct_chg÷100,千元,TuSharePro.daily,https://tushare.pro/document/1?doc_id=27,Fri Sep 04 2026 20:02:33 GMT+0800 (China Standard Time),公开行情历史快照
601318.SH,中国平安,2024-10-11,57.54,-1.641,7645831.882,有行情,日线,Asia/Shanghai,2025-12-30T15:00:00+08:00,close为不复权；风险收益使用pct_chg÷100,千元,TuSharePro.daily,https://tushare.pro/document/1?doc_id=27,Fri Sep 04 2026 20:02:33 GMT+0800 (China Standard Time),公开行情历史快照
000333.SZ,美的集团,2024-10-14,79.0,2.9048,3620244.782,有行情,日线,Asia/Shanghai,2025-12-30T15:00:00+08:00,close为不复权；风险收益使用pct_chg÷100,千元,TuSharePro.daily,https://tushare.pro/document/1?doc_id=27,Fri Sep 04 2026 20:02:33 GMT+0800 (China Standard Time),公开行情历史快照
000858.SZ,五粮液,2024-10-14,149.76,0.0735,4986283.993,有行情,日线,Asia/Shanghai,2025-12-30T15:00:00+08:00,close为不复权；风险收益使用pct_chg÷100,千元,TuSharePro.daily,https://tushare.pro/document/1?doc_id=27,Fri Sep 04 2026 20:02:33 GMT+0800 (China Standard Time),公开行情历史快照
002594.SZ,比亚迪,2024-10-14,307.0,2.3163,5268100.405,有行情,日线,Asia/Shanghai,2025-12-30T15:00:00+08:00,close为不复权；风险收益使用pct_chg÷100,千元,TuSharePro.daily,https://tushare.pro/document/1?doc_id=27,Fri Sep 04 2026 20:02:33 GMT+0800 (China Standard Time),公开行情历史快照
300750.SZ,宁德时代,2024-10-14,249.72,3.2797,11671765.786,有行情,日线,Asia/Shanghai,2025-12-30T15:00:00+08:00,close为不复权；风险收益使用pct_chg÷100,千元,TuSharePro.daily,https://tushare.pro/document/1?doc_id=27,Fri Sep 04 2026 20:02:33 GMT+0800 (China Standard Time),公开行情历史快照
600519.SH,贵州茅台,2024-10-14,1601.99,-0.1869,7181350.822,有行情,日线,Asia/Shanghai,2025-12-30T15:00:00+08:00,close为不复权；风险收益使用pct_chg÷100,千元,TuSharePro.daily,https://tushare.pro/document/1?doc_id=27,Fri Sep 04 2026 20:02:33 GMT+0800 (China Standard Time),公开行情历史快照
601318.SH,中国平安,2024-10-14,58.67,1.9639,6884203.095,有行情,日线,Asia/Shanghai,2025-12-30T15:00:00+08:00,close为不复权；风险收益使用pct_chg÷100,千元,TuSharePro.daily,https://tushare.pro/document/1?doc_id=27,Fri Sep 04 2026 20:02:33 GMT+0800 (China Standard Time),公开行情历史快照
000333.SZ,美的集团,2024-10-15,76.0,-3.7975,2905639.306,有行情,日线,Asia/Shanghai,2025-12-30T15:00:00+08:00,close为不复权；风险收益使用pct_chg÷100,千元,TuSharePro.daily,https://tushare.pro/document/1?doc_id=27,Fri Sep 04 2026 20:02:33 GMT+0800 (China Standard Time),公开行情历史快照
000858.SZ,五粮液,2024-10-15,144.0,-3.8462,4840842.56,有行情,日线,Asia/Shanghai,2025-12-30T15:00:00+08:00,close为不复权；风险收益使用pct_chg÷100,千元,TuSharePro.daily,https://tushare.pro/document/1?doc_id=27,Fri Sep 04 2026 20:02:33 GMT+0800 (China Standard Time),公开行情历史快照
002594.SZ,比亚迪,2024-10-15,298.0,-2.9316,3695577.335,有行情,日线,Asia/Shanghai,2025-12-30T15:00:00+08:00,close为不复权；风险收益使用pct_chg÷100,千元,TuSharePro.daily,https://tushare.pro/document/1?doc_id=27,Fri Sep 04 2026 20:02:33 GMT+0800 (China Standard Time),公开行情历史快照
300750.SZ,宁德时代,2024-10-15,241.22,-3.4038,8057930.637,有行情,日线,Asia/Shanghai,2025-12-30T15:00:00+08:00,close为不复权；风险收益使用pct_chg÷100,千元,TuSharePro.daily,https://tushare.pro/document/1?doc_id=27,Fri Sep 04 2026 20:02:33 GMT+0800 (China Standard Time),公开行情历史快照
600519.SH,贵州茅台,2024-10-15,1554.25,-2.98,6884141.869,有行情,日线,Asia/Shanghai,2025-12-30T15:00:00+08:00,close为不复权；风险收益使用pct_chg÷100,千元,TuSharePro.daily,https://tushare.pro/document/1?doc_id=27,Fri Sep 04 2026 20:02:33 GMT+0800 (China Standard Time),公开行情历史快照
601318.SH,中国平安,2024-10-15,57.19,-2.5226,5988622.377,有行情,日线,Asia/Shanghai,2025-12-30T15:00:00+08:00,close为不复权；风险收益使用pct_chg÷100,千元,TuSharePro.daily,https://tushare.pro/document/1?doc_id=27,Fri Sep 04 2026 20:02:33 GMT+0800 (China Standard Time),公开行情历史快照
000333.SZ,美的集团,2024-10-16,75.24,-1.0,2559503.194,有行情,日线,Asia/Shanghai,2025-12-30T15:00:00+08:00,close为不复权；风险收益使用pct_chg÷100,千元,TuSharePro.daily,https://tushare.pro/document/1?doc_id=27,Fri Sep 04 2026 20:02:33 GMT+0800 (China Standard Time),公开行情历史快照
000858.SZ,五粮液,2024-10-16,141.65,-1.6319,4430542.144,有行情,日线,Asia/Shanghai,2025-12-30T15:00:00+08:00,close为不复权；风险收益使用pct_chg÷100,千元,TuSharePro.daily,https://tushare.pro/document/1?doc_id=27,Fri Sep 04 2026 20:02:33 GMT+0800 (China Standard Time),公开行情历史快照
002594.SZ,比亚迪,2024-10-16,289.79,-2.755,4362898.827,有行情,日线,Asia/Shanghai,2025-12-30T15:00:00+08:00,close为不复权；风险收益使用pct_chg÷100,千元,TuSharePro.daily,https://tushare.pro/document/1?doc_id=27,Fri Sep 04 2026 20:02:33 GMT+0800 (China Standard Time),公开行情历史快照
300750.SZ,宁德时代,2024-10-16,233.85,-3.0553,7918107.276,有行情,日线,Asia/Shanghai,2025-12-30T15:00:00+08:00,close为不复权；风险收益使用pct_chg÷100,千元,TuSharePro.daily,https://tushare.pro/document/1?doc_id=27,Fri Sep 04 2026 20:02:33 GMT+0800 (China Standard Time),公开行情历史快照
600519.SH,贵州茅台,2024-10-16,1522.5,-2.0428,7140169.692,有行情,日线,Asia/Shanghai,2025-12-30T15:00:00+08:00,close为不复权；风险收益使用pct_chg÷100,千元,TuSharePro.daily,https://tushare.pro/document/1?doc_id=27,Fri Sep 04 2026 20:02:33 GMT+0800 (China Standard Time),公开行情历史快照
601318.SH,中国平安,2024-10-16,57.38,0.3322,4894961.074,有行情,日线,Asia/Shanghai,2025-12-30T15:00:00+08:00,close为不复权；风险收益使用pct_chg÷100,千元,TuSharePro.daily,https://tushare.pro/document/1?doc_id=27,Fri Sep 04 2026 20:02:33 GMT+0800 (China Standard Time),公开行情历史快照
000333.SZ,美的集团,2024-10-17,73.08,-2.8708,2920853.67,有行情,日线,Asia/Shanghai,2025-12-30T15:00:00+08:00,close为不复权；风险收益使用pct_chg÷100,千元,TuSharePro.daily,https://tushare.pro/document/1?doc_id=27,Fri Sep 04 2026 20:02:33 GMT+0800 (China Standard Time),公开行情历史快照
000858.SZ,五粮液,2024-10-17,137.95,-2.6121,3957974.226,有行情,日线,Asia/Shanghai,2025-12-30T15:00:00+08:00,close为不复权；风险收益使用pct_chg÷100,千元,TuSharePro.daily,https://tushare.pro/document/1?doc_id=27,Fri Sep 04 2026 20:02:33 GMT+0800 (China Standard Time),公开行情历史快照
002594.SZ,比亚迪,2024-10-17,289.42,-0.1277,3005198.74,有行情,日线,Asia/Shanghai,2025-12-30T15:00:00+08:00,close为不复权；风险收益使用pct_chg÷100,千元,TuSharePro.daily,https://tushare.pro/document/1?doc_id=27,Fri Sep 04 2026 20:02:33 GMT+0800 (China Standard Time),公开行情历史快照
300750.SZ,宁德时代,2024-10-17,231.5,-1.0049,6135626.737,有行情,日线,Asia/Shanghai,2025-12-30T15:00:00+08:00,close为不复权；风险收益使用pct_chg÷100,千元,TuSharePro.daily,https://tushare.pro/document/1?doc_id=27,Fri Sep 04 2026 20:02:33 GMT+0800 (China Standard Time),公开行情历史快照
600519.SH,贵州茅台,2024-10-17,1494.6,-1.8325,5964778.958,有行情,日线,Asia/Shanghai,2025-12-30T15:00:00+08:00,close为不复权；风险收益使用pct_chg÷100,千元,TuSharePro.daily,https://tushare.pro/document/1?doc_id=27,Fri Sep 04 2026 20:02:33 GMT+0800 (China Standard Time),公开行情历史快照
601318.SH,中国平安,2024-10-17,57.0,-0.6623,4529673.855,有行情,日线,Asia/Shanghai,2025-12-30T15:00:00+08:00,close为不复权；风险收益使用pct_chg÷100,千元,TuSharePro.daily,https://tushare.pro/document/1?doc_id=27,Fri Sep 04 2026 20:02:33 GMT+0800 (China Standard Time),公开行情历史快照
000333.SZ,美的集团,2024-10-18,75.01,2.6409,3180240.27,有行情,日线,Asia/Shanghai,2025-12-30T15:00:00+08:00,close为不复权；风险收益使用pct_chg÷100,千元,TuSharePro.daily,https://tushare.pro/document/1?doc_id=27,Fri Sep 04 2026 20:02:33 GMT+0800 (China Standard Time),公开行情历史快照
000858.SZ,五粮液,2024-10-18,143.0,3.6607,6206988.496,有行情,日线,Asia/Shanghai,2025-12-30T15:00:00+08:00,close为不复权；风险收益使用pct_chg÷100,千元,TuSharePro.daily,https://tushare.pro/document/1?doc_id=27,Fri Sep 04 2026 20:02:33 GMT+0800 (China Standard Time),公开行情历史快照
002594.SZ,比亚迪,2024-10-18,300.3,3.7592,5674148.205,有行情,日线,Asia/Shanghai,2025-12-30T15:00:00+08:00,close为不复权；风险收益使用pct_chg÷100,千元,TuSharePro.daily,https://tushare.pro/document/1?doc_id=27,Fri Sep 04 2026 20:02:33 GMT+0800 (China Standard Time),公开行情历史快照
300750.SZ,宁德时代,2024-10-18,249.89,7.9438,16734812.13,有行情,日线,Asia/Shanghai,2025-12-30T15:00:00+08:00,close为不复权；风险收益使用pct_chg÷100,千元,TuSharePro.daily,https://tushare.pro/document/1?doc_id=27,Fri Sep 04 2026 20:02:33 GMT+0800 (China Standard Time),公开行情历史快照
600519.SH,贵州茅台,2024-10-18,1541.0,3.1045,10418043.492,有行情,日线,Asia/Shanghai,2025-12-30T15:00:00+08:00,close为不复权；风险收益使用pct_chg÷100,千元,TuSharePro.daily,https://tushare.pro/document/1?doc_id=27,Fri Sep 04 2026 20:02:33 GMT+0800 (China Standard Time),公开行情历史快照
601318.SH,中国平安,2024-10-18,57.18,1.9615,8417973.824,有行情,日线,Asia/Shanghai,2025-12-30T15:00:00+08:00,close为不复权；风险收益使用pct_chg÷100,千元,TuSharePro.daily,https://tushare.pro/document/1?doc_id=27,Fri Sep 04 2026 20:02:33 GMT+0800 (China Standard Time),公开行情历史快照
000333.SZ,美的集团,2024-10-21,74.08,-1.2398,2547898.013,有行情,日线,Asia/Shanghai,2025-12-30T15:00:00+08:00,close为不复权；风险收益使用pct_chg÷100,千元,TuSharePro.daily,https://tushare.pro/document/1?doc_id=27,Fri Sep 04 2026 20:02:33 GMT+0800 (China Standard Time),公开行情历史快照
000858.SZ,五粮液,2024-10-21,143.01,0.007,4223086.215,有行情,日线,Asia/Shanghai,2025-12-30T15:00:00+08:00,close为不复权；风险收益使用pct_chg÷100,千元,TuSharePro.daily,https://tushare.pro/document/1?doc_id=27,Fri Sep 04 2026 20:02:33 GMT+0800 (China Standard Time),公开行情历史快照
002594.SZ,比亚迪,2024-10-21,306.45,2.048,4819617.233,有行情,日线,Asia/Shanghai,2025-12-30T15:00:00+08:00,close为不复权；风险收益使用pct_chg÷100,千元,TuSharePro.daily,https://tushare.pro/document/1?doc_id=27,Fri Sep 04 2026 20:02:33 GMT+0800 (China Standard Time),公开行情历史快照
300750.SZ,宁德时代,2024-10-21,253.36,1.3886,14972853.36,有行情,日线,Asia/Shanghai,2025-12-30T15:00:00+08:00,close为不复权；风险收益使用pct_chg÷100,千元,TuSharePro.daily,https://tushare.pro/document/1?doc_id=27,Fri Sep 04 2026 20:02:33 GMT+0800 (China Standard Time),公开行情历史快照
600519.SH,贵州茅台,2024-10-21,1528.8,-0.7917,6433918.335,有行情,日线,Asia/Shanghai,2025-12-30T15:00:00+08:00,close为不复权；风险收益使用pct_chg÷100,千元,TuSharePro.daily,https://tushare.pro/document/1?doc_id=27,Fri Sep 04 2026 20:02:33 GMT+0800 (China Standard Time),公开行情历史快照
601318.SH,中国平安,2024-10-21,56.9,-0.4897,4966469.517,有行情,日线,Asia/Shanghai,2025-12-30T15:00:00+08:00,close为不复权；风险收益使用pct_chg÷100,千元,TuSharePro.daily,https://tushare.pro/document/1?doc_id=27,Fri Sep 04 2026 20:02:33 GMT+0800 (China Standard Time),公开行情历史快照
000333.SZ,美的集团,2024-10-22,76.5,3.2667,3073890.031,有行情,日线,Asia/Shanghai,2025-12-30T15:00:00+08:00,close为不复权；风险收益使用pct_chg÷100,千元,TuSharePro.daily,https://tushare.pro/document/1?doc_id=27,Fri Sep 04 2026 20:02:33 GMT+0800 (China Standard Time),公开行情历史快照
000858.SZ,五粮液,2024-10-22,145.44,1.6992,4419839.158,有行情,日线,Asia/Shanghai,2025-12-30T15:00:00+08:00,close为不复权；风险收益使用pct_chg÷100,千元,TuSharePro.daily,https://tushare.pro/document/1?doc_id=27,Fri Sep 04 2026 20:02:33 GMT+0800 (China Standard Time),公开行情历史快照
002594.SZ,比亚迪,2024-10-22,304.75,-0.5547,3174859.559,有行情,日线,Asia/Shanghai,2025-12-30T15:00:00+08:00,close为不复权；风险收益使用pct_chg÷100,千元,TuSharePro.daily,https://tushare.pro/document/1?doc_id=27,Fri Sep 04 2026 20:02:33 GMT+0800 (China Standard Time),公开行情历史快照
300750.SZ,宁德时代,2024-10-22,250.55,-1.1091,6986426.719,有行情,日线,Asia/Shanghai,2025-12-30T15:00:00+08:00,close为不复权；风险收益使用pct_chg÷100,千元,TuSharePro.daily,https://tushare.pro/document/1?doc_id=27,Fri Sep 04 2026 20:02:33 GMT+0800 (China Standard Time),公开行情历史快照
600519.SH,贵州茅台,2024-10-22,1543.0,0.9288,5607826.492,有行情,日线,Asia/Shanghai,2025-12-30T15:00:00+08:00,close为不复权；风险收益使用pct_chg÷100,千元,TuSharePro.daily,https://tushare.pro/document/1?doc_id=27,Fri Sep 04 2026 20:02:33 GMT+0800 (China Standard Time),公开行情历史快照
601318.SH,中国平安,2024-10-22,57.06,0.2812,4835443.52,有行情,日线,Asia/Shanghai,2025-12-30T15:00:00+08:00,close为不复权；风险收益使用pct_chg÷100,千元,TuSharePro.daily,https://tushare.pro/document/1?doc_id=27,Fri Sep 04 2026 20:02:33 GMT+0800 (China Standard Time),公开行情历史快照
000333.SZ,美的集团,2024-10-23,76.38,-0.1569,2053544.728,有行情,日线,Asia/Shanghai,2025-12-30T15:00:00+08:00,close为不复权；风险收益使用pct_chg÷100,千元,TuSharePro.daily,https://tushare.pro/document/1?doc_id=27,Fri Sep 04 2026 20:02:33 GMT+0800 (China Standard Time),公开行情历史快照
000858.SZ,五粮液,2024-10-23,148.53,2.1246,5277833.036,有行情,日线,Asia/Shanghai,2025-12-30T15:00:00+08:00,close为不复权；风险收益使用pct_chg÷100,千元,TuSharePro.daily,https://tushare.pro/document/1?doc_id=27,Fri Sep 04 2026 20:02:33 GMT+0800 (China Standard Time),公开行情历史快照
002594.SZ,比亚迪,2024-10-23,308.88,1.3552,3911383.612,有行情,日线,Asia/Shanghai,2025-12-30T15:00:00+08:00,close为不复权；风险收益使用pct_chg÷100,千元,TuSharePro.daily,https://tushare.pro/document/1?doc_id=27,Fri Sep 04 2026 20:02:33 GMT+0800 (China Standard Time),公开行情历史快照
300750.SZ,宁德时代,2024-10-23,249.3,-0.4989,8076690.148,有行情,日线,Asia/Shanghai,2025-12-30T15:00:00+08:00,close为不复权；风险收益使用pct_chg÷100,千元,TuSharePro.daily,https://tushare.pro/document/1?doc_id=27,Fri Sep 04 2026 20:02:33 GMT+0800 (China Standard Time),公开行情历史快照
600519.SH,贵州茅台,2024-10-23,1567.5,1.5878,6259600.035,有行情,日线,Asia/Shanghai,2025-12-30T15:00:00+08:00,close为不复权；风险收益使用pct_chg÷100,千元,TuSharePro.daily,https://tushare.pro/document/1?doc_id=27,Fri Sep 04 2026 20:02:33 GMT+0800 (China Standard Time),公开行情历史快照
601318.SH,中国平安,2024-10-23,58.31,2.1907,6939592.004,有行情,日线,Asia/Shanghai,2025-12-30T15:00:00+08:00,close为不复权；风险收益使用pct_chg÷100,千元,TuSharePro.daily,https://tushare.pro/document/1?doc_id=27,Fri Sep 04 2026 20:02:33 GMT+0800 (China Standard Time),公开行情历史快照
000333.SZ,美的集团,2024-10-24,75.64,-0.9688,1296926.992,有行情,日线,Asia/Shanghai,2025-12-30T15:00:00+08:00,close为不复权；风险收益使用pct_chg÷100,千元,TuSharePro.daily,https://tushare.pro/document/1?doc_id=27,Fri Sep 04 2026 20:02:33 GMT+0800 (China Standard Time),公开行情历史快照
000858.SZ,五粮液,2024-10-24,146.46,-1.3937,2743177.644,有行情,日线,Asia/Shanghai,2025-12-30T15:00:00+08:00,close为不复权；风险收益使用pct_chg÷100,千元,TuSharePro.daily,https://tushare.pro/document/1?doc_id=27,Fri Sep 04 2026 20:02:33 GMT+0800 (China Standard Time),公开行情历史快照
002594.SZ,比亚迪,2024-10-24,303.68,-1.6835,2959755.261,有行情,日线,Asia/Shanghai,2025-12-30T15:00:00+08:00,close为不复权；风险收益使用pct_chg÷100,千元,TuSharePro.daily,https://tushare.pro/document/1?doc_id=27,Fri Sep 04 2026 20:02:33 GMT+0800 (China Standard Time),公开行情历史快照
300750.SZ,宁德时代,2024-10-24,246.16,-1.2595,5297733.386,有行情,日线,Asia/Shanghai,2025-12-30T15:00:00+08:00,close为不复权；风险收益使用pct_chg÷100,千元,TuSharePro.daily,https://tushare.pro/document/1?doc_id=27,Fri Sep 04 2026 20:02:33 GMT+0800 (China Standard Time),公开行情历史快照
600519.SH,贵州茅台,2024-10-24,1552.2,-0.9761,3723973.209,有行情,日线,Asia/Shanghai,2025-12-30T15:00:00+08:00,close为不复权；风险收益使用pct_chg÷100,千元,TuSharePro.daily,https://tushare.pro/document/1?doc_id=27,Fri Sep 04 2026 20:02:33 GMT+0800 (China Standard Time),公开行情历史快照
601318.SH,中国平安,2024-10-24,58.1,-0.3601,2976336.249,有行情,日线,Asia/Shanghai,2025-12-30T15:00:00+08:00,close为不复权；风险收益使用pct_chg÷100,千元,TuSharePro.daily,https://tushare.pro/document/1?doc_id=27,Fri Sep 04 2026 20:02:33 GMT+0800 (China Standard Time),公开行情历史快照
000333.SZ,美的集团,2024-10-25,75.27,-0.4892,1583775.153,有行情,日线,Asia/Shanghai,2025-12-30T15:00:00+08:00,close为不复权；风险收益使用pct_chg÷100,千元,TuSharePro.daily,https://tushare.pro/document/1?doc_id=27,Fri Sep 04 2026 20:02:33 GMT+0800 (China Standard Time),公开行情历史快照
000858.SZ,五粮液,2024-10-25,148.11,1.1266,2926843.949,有行情,日线,Asia/Shanghai,2025-12-30T15:00:00+08:00,close为不复权；风险收益使用pct_chg÷100,千元,TuSharePro.daily,https://tushare.pro/document/1?doc_id=27,Fri Sep 04 2026 20:02:33 GMT+0800 (China Standard Time),公开行情历史快照
002594.SZ,比亚迪,2024-10-25,308.14,1.4687,4306245.201,有行情,日线,Asia/Shanghai,2025-12-30T15:00:00+08:00,close为不复权；风险收益使用pct_chg÷100,千元,TuSharePro.daily,https://tushare.pro/document/1?doc_id=27,Fri Sep 04 2026 20:02:33 GMT+0800 (China Standard Time),公开行情历史快照
300750.SZ,宁德时代,2024-10-25,258.88,5.1674,14887536.978,有行情,日线,Asia/Shanghai,2025-12-30T15:00:00+08:00,close为不复权；风险收益使用pct_chg÷100,千元,TuSharePro.daily,https://tushare.pro/document/1?doc_id=27,Fri Sep 04 2026 20:02:33 GMT+0800 (China Standard Time),公开行情历史快照
600519.SH,贵州茅台,2024-10-25,1558.85,0.4284,4328271.351,有行情,日线,Asia/Shanghai,2025-12-30T15:00:00+08:00,close为不复权；风险收益使用pct_chg÷100,千元,TuSharePro.daily,https://tushare.pro/document/1?doc_id=27,Fri Sep 04 2026 20:02:33 GMT+0800 (China Standard Time),公开行情历史快照
601318.SH,中国平安,2024-10-25,57.7,-0.6885,3122695.352,有行情,日线,Asia/Shanghai,2025-12-30T15:00:00+08:00,close为不复权；风险收益使用pct_chg÷100,千元,TuSharePro.daily,https://tushare.pro/document/1?doc_id=27,Fri Sep 04 2026 20:02:33 GMT+0800 (China Standard Time),公开行情历史快照
000333.SZ,美的集团,2024-10-28,74.87,-0.5314,2091524.794,有行情,日线,Asia/Shanghai,2025-12-30T15:00:00+08:00,close为不复权；风险收益使用pct_chg÷100,千元,TuSharePro.daily,https://tushare.pro/document/1?doc_id=27,Fri Sep 04 2026 20:02:33 GMT+0800 (China Standard Time),公开行情历史快照
000858.SZ,五粮液,2024-10-28,153.97,3.9565,6649586.215,有行情,日线,Asia/Shanghai,2025-12-30T15:00:00+08:00,close为不复权；风险收益使用pct_chg÷100,千元,TuSharePro.daily,https://tushare.pro/document/1?doc_id=27,Fri Sep 04 2026 20:02:33 GMT+0800 (China Standard Time),公开行情历史快照
002594.SZ,比亚迪,2024-10-28,305.1,-0.9866,3323177.977,有行情,日线,Asia/Shanghai,2025-12-30T15:00:00+08:00,close为不复权；风险收益使用pct_chg÷100,千元,TuSharePro.daily,https://tushare.pro/document/1?doc_id=27,Fri Sep 04 2026 20:02:33 GMT+0800 (China Standard Time),公开行情历史快照
300750.SZ,宁德时代,2024-10-28,256.24,-1.0198,7053002.72,有行情,日线,Asia/Shanghai,2025-12-30T15:00:00+08:00,close为不复权；风险收益使用pct_chg÷100,千元,TuSharePro.daily,https://tushare.pro/document/1?doc_id=27,Fri Sep 04 2026 20:02:33 GMT+0800 (China Standard Time),公开行情历史快照
600519.SH,贵州茅台,2024-10-28,1565.0,0.3945,6064453.668,有行情,日线,Asia/Shanghai,2025-12-30T15:00:00+08:00,close为不复权；风险收益使用pct_chg÷100,千元,TuSharePro.daily,https://tushare.pro/document/1?doc_id=27,Fri Sep 04 2026 20:02:33 GMT+0800 (China Standard Time),公开行情历史快照
601318.SH,中国平安,2024-10-28,57.5,-0.3466,3325855.084,有行情,日线,Asia/Shanghai,2025-12-30T15:00:00+08:00,close为不复权；风险收益使用pct_chg÷100,千元,TuSharePro.daily,https://tushare.pro/document/1?doc_id=27,Fri Sep 04 2026 20:02:33 GMT+0800 (China Standard Time),公开行情历史快照
000333.SZ,美的集团,2024-10-29,74.07,-1.0685,2214621.306,有行情,日线,Asia/Shanghai,2025-12-30T15:00:00+08:00,close为不复权；风险收益使用pct_chg÷100,千元,TuSharePro.daily,https://tushare.pro/document/1?doc_id=27,Fri Sep 04 2026 20:02:33 GMT+0800 (China Standard Time),公开行情历史快照
000858.SZ,五粮液,2024-10-29,150.8,-2.0588,4641639.292,有行情,日线,Asia/Shanghai,2025-12-30T15:00:00+08:00,close为不复权；风险收益使用pct_chg÷100,千元,TuSharePro.daily,https://tushare.pro/document/1?doc_id=27,Fri Sep 04 2026 20:02:33 GMT+0800 (China Standard Time),公开行情历史快照
002594.SZ,比亚迪,2024-10-29,305.4,0.0983,3635542.203,有行情,日线,Asia/Shanghai,2025-12-30T15:00:00+08:00,close为不复权；风险收益使用pct_chg÷100,千元,TuSharePro.daily,https://tushare.pro/document/1?doc_id=27,Fri Sep 04 2026 20:02:33 GMT+0800 (China Standard Time),公开行情历史快照
300750.SZ,宁德时代,2024-10-29,251.78,-1.7406,6853075.171,有行情,日线,Asia/Shanghai,2025-12-30T15:00:00+08:00,close为不复权；风险收益使用pct_chg÷100,千元,TuSharePro.daily,https://tushare.pro/document/1?doc_id=27,Fri Sep 04 2026 20:02:33 GMT+0800 (China Standard Time),公开行情历史快照
600519.SH,贵州茅台,2024-10-29,1531.62,-2.1329,6368105.233,有行情,日线,Asia/Shanghai,2025-12-30T15:00:00+08:00,close为不复权；风险收益使用pct_chg÷100,千元,TuSharePro.daily,https://tushare.pro/document/1?doc_id=27,Fri Sep 04 2026 20:02:33 GMT+0800 (China Standard Time),公开行情历史快照
601318.SH,中国平安,2024-10-29,57.63,0.2261,3591688.618,有行情,日线,Asia/Shanghai,2025-12-30T15:00:00+08:00,close为不复权；风险收益使用pct_chg÷100,千元,TuSharePro.daily,https://tushare.pro/document/1?doc_id=27,Fri Sep 04 2026 20:02:33 GMT+0800 (China Standard Time),公开行情历史快照
000333.SZ,美的集团,2024-10-30,72.75,-1.7821,2939634.796,有行情,日线,Asia/Shanghai,2025-12-30T15:00:00+08:00,close为不复权；风险收益使用pct_chg÷100,千元,TuSharePro.daily,https://tushare.pro/document/1?doc_id=27,Fri Sep 04 2026 20:02:33 GMT+0800 (China Standard Time),公开行情历史快照
000858.SZ,五粮液,2024-10-30,148.8,-1.3263,3158474.275,有行情,日线,Asia/Shanghai,2025-12-30T15:00:00+08:00,close为不复权；风险收益使用pct_chg÷100,千元,TuSharePro.daily,https://tushare.pro/document/1?doc_id=27,Fri Sep 04 2026 20:02:33 GMT+0800 (China Standard Time),公开行情历史快照
002594.SZ,比亚迪,2024-10-30,305.55,0.0491,3301164.357,有行情,日线,Asia/Shanghai,2025-12-30T15:00:00+08:00,close为不复权；风险收益使用pct_chg÷100,千元,TuSharePro.daily,https://tushare.pro/document/1?doc_id=27,Fri Sep 04 2026 20:02:33 GMT+0800 (China Standard Time),公开行情历史快照
300750.SZ,宁德时代,2024-10-30,248.03,-1.4894,6734690.047,有行情,日线,Asia/Shanghai,2025-12-30T15:00:00+08:00,close为不复权；风险收益使用pct_chg÷100,千元,TuSharePro.daily,https://tushare.pro/document/1?doc_id=27,Fri Sep 04 2026 20:02:33 GMT+0800 (China Standard Time),公开行情历史快照
600519.SH,贵州茅台,2024-10-30,1532.0,0.0248,4913175.983,有行情,日线,Asia/Shanghai,2025-12-30T15:00:00+08:00,close为不复权；风险收益使用pct_chg÷100,千元,TuSharePro.daily,https://tushare.pro/document/1?doc_id=27,Fri Sep 04 2026 20:02:33 GMT+0800 (China Standard Time),公开行情历史快照
601318.SH,中国平安,2024-10-30,55.97,-2.8804,5123310.917,有行情,日线,Asia/Shanghai,2025-12-30T15:00:00+08:00,close为不复权；风险收益使用pct_chg÷100,千元,TuSharePro.daily,https://tushare.pro/document/1?doc_id=27,Fri Sep 04 2026 20:02:33 GMT+0800 (China Standard Time),公开行情历史快照
000333.SZ,美的集团,2024-10-31,71.42,-1.8282,3595551.677,有行情,日线,Asia/Shanghai,2025-12-30T15:00:00+08:00,close为不复权；风险收益使用pct_chg÷100,千元,TuSharePro.daily,https://tushare.pro/document/1?doc_id=27,Fri Sep 04 2026 20:02:33 GMT+0800 (China Standard Time),公开行情历史快照
000858.SZ,五粮液,2024-10-31,146.83,-1.3239,3957475.707,有行情,日线,Asia/Shanghai,2025-12-30T15:00:00+08:00,close为不复权；风险收益使用pct_chg÷100,千元,TuSharePro.daily,https://tushare.pro/document/1?doc_id=27,Fri Sep 04 2026 20:02:33 GMT+0800 (China Standard Time),公开行情历史快照
002594.SZ,比亚迪,2024-10-31,293.19,-4.0452,7127704.551,有行情,日线,Asia/Shanghai,2025-12-30T15:00:00+08:00,close为不复权；风险收益使用pct_chg÷100,千元,TuSharePro.daily,https://tushare.pro/document/1?doc_id=27,Fri Sep 04 2026 20:02:33 GMT+0800 (China Standard Time),公开行情历史快照
300750.SZ,宁德时代,2024-10-31,245.98,-0.8265,6286268.643,有行情,日线,Asia/Shanghai,2025-12-30T15:00:00+08:00,close为不复权；风险收益使用pct_chg÷100,千元,TuSharePro.daily,https://tushare.pro/document/1?doc_id=27,Fri Sep 04 2026 20:02:33 GMT+0800 (China Standard Time),公开行情历史快照
600519.SH,贵州茅台,2024-10-31,1527.79,-0.2748,4575545.18,有行情,日线,Asia/Shanghai,2025-12-30T15:00:00+08:00,close为不复权；风险收益使用pct_chg÷100,千元,TuSharePro.daily,https://tushare.pro/document/1?doc_id=27,Fri Sep 04 2026 20:02:33 GMT+0800 (China Standard Time),公开行情历史快照
601318.SH,中国平安,2024-10-31,55.92,-0.0893,4236922.732,有行情,日线,Asia/Shanghai,2025-12-30T15:00:00+08:00,close为不复权；风险收益使用pct_chg÷100,千元,TuSharePro.daily,https://tushare.pro/document/1?doc_id=27,Fri Sep 04 2026 20:02:33 GMT+0800 (China Standard Time),公开行情历史快照
000333.SZ,美的集团,2024-11-01,72.25,1.1621,3009423.819,有行情,日线,Asia/Shanghai,2025-12-30T15:00:00+08:00,close为不复权；风险收益使用pct_chg÷100,千元,TuSharePro.daily,https://tushare.pro/document/1?doc_id=27,Fri Sep 04 2026 20:02:33 GMT+0800 (China Standard Time),公开行情历史快照
000858.SZ,五粮液,2024-11-01,147.92,0.7424,3379402.018,有行情,日线,Asia/Shanghai,2025-12-30T15:00:00+08:00,close为不复权；风险收益使用pct_chg÷100,千元,TuSharePro.daily,https://tushare.pro/document/1?doc_id=27,Fri Sep 04 2026 20:02:33 GMT+0800 (China Standard Time),公开行情历史快照
002594.SZ,比亚迪,2024-11-01,290.31,-0.9823,4174457.395,有行情,日线,Asia/Shanghai,2025-12-30T15:00:00+08:00,close为不复权；风险收益使用pct_chg÷100,千元,TuSharePro.daily,https://tushare.pro/document/1?doc_id=27,Fri Sep 04 2026 20:02:33 GMT+0800 (China Standard Time),公开行情历史快照
300750.SZ,宁德时代,2024-11-01,246.2,0.0894,6418140.473,有行情,日线,Asia/Shanghai,2025-12-30T15:00:00+08:00,close为不复权；风险收益使用pct_chg÷100,千元,TuSharePro.daily,https://tushare.pro/document/1?doc_id=27,Fri Sep 04 2026 20:02:33 GMT+0800 (China Standard Time),公开行情历史快照
600519.SH,贵州茅台,2024-11-01,1533.75,0.3901,4954302.212,有行情,日线,Asia/Shanghai,2025-12-30T15:00:00+08:00,close为不复权；风险收益使用pct_chg÷100,千元,TuSharePro.daily,https://tushare.pro/document/1?doc_id=27,Fri Sep 04 2026 20:02:33 GMT+0800 (China Standard Time),公开行情历史快照
601318.SH,中国平安,2024-11-01,56.15,0.4113,3676222.858,有行情,日线,Asia/Shanghai,2025-12-30T15:00:00+08:00,close为不复权；风险收益使用pct_chg÷100,千元,TuSharePro.daily,https://tushare.pro/document/1?doc_id=27,Fri Sep 04 2026 20:02:33 GMT+0800 (China Standard Time),公开行情历史快照
000333.SZ,美的集团,2024-11-04,72.84,0.8166,1680407.656,有行情,日线,Asia/Shanghai,2025-12-30T15:00:00+08:00,close为不复权；风险收益使用pct_chg÷100,千元,TuSharePro.daily,https://tushare.pro/document/1?doc_id=27,Fri Sep 04 2026 20:02:33 GMT+0800 (China Standard Time),公开行情历史快照
000858.SZ,五粮液,2024-11-04,148.6,0.4597,3030626.417,有行情,日线,Asia/Shanghai,2025-12-30T15:00:00+08:00,close为不复权；风险收益使用pct_chg÷100,千元,TuSharePro.daily,https://tushare.pro/document/1?doc_id=27,Fri Sep 04 2026 20:02:33 GMT+0800 (China Standard Time),公开行情历史快照
002594.SZ,比亚迪,2024-11-04,306.98,5.7421,6600399.617,有行情,日线,Asia/Shanghai,2025-12-30T15:00:00+08:00,close为不复权；风险收益使用pct_chg÷100,千元,TuSharePro.daily,https://tushare.pro/document/1?doc_id=27,Fri Sep 04 2026 20:02:33 GMT+0800 (China Standard Time),公开行情历史快照
300750.SZ,宁德时代,2024-11-04,251.2,2.0309,6074686.403,有行情,日线,Asia/Shanghai,2025-12-30T15:00:00+08:00,close为不复权；风险收益使用pct_chg÷100,千元,TuSharePro.daily,https://tushare.pro/document/1?doc_id=27,Fri Sep 04 2026 20:02:33 GMT+0800 (China Standard Time),公开行情历史快照
600519.SH,贵州茅台,2024-11-04,1548.2,0.9421,4481761.764,有行情,日线,Asia/Shanghai,2025-12-30T15:00:00+08:00,close为不复权；风险收益使用pct_chg÷100,千元,TuSharePro.daily,https://tushare.pro/document/1?doc_id=27,Fri Sep 04 2026 20:02:33 GMT+0800 (China Standard Time),公开行情历史快照
601318.SH,中国平安,2024-11-04,56.97,1.4604,2993285.083,有行情,日线,Asia/Shanghai,2025-12-30T15:00:00+08:00,close为不复权；风险收益使用pct_chg÷100,千元,TuSharePro.daily,https://tushare.pro/document/1?doc_id=27,Fri Sep 04 2026 20:02:33 GMT+0800 (China Standard Time),公开行情历史快照
000333.SZ,美的集团,2024-11-05,73.13,0.3981,3027068.197,有行情,日线,Asia/Shanghai,2025-12-30T15:00:00+08:00,close为不复权；风险收益使用pct_chg÷100,千元,TuSharePro.daily,https://tushare.pro/document/1?doc_id=27,Fri Sep 04 2026 20:02:33 GMT+0800 (China Standard Time),公开行情历史快照
000858.SZ,五粮液,2024-11-05,152.8,2.8264,4839032.609,有行情,日线,Asia/Shanghai,2025-12-30T15:00:00+08:00,close为不复权；风险收益使用pct_chg÷100,千元,TuSharePro.daily,https://tushare.pro/document/1?doc_id=27,Fri Sep 04 2026 20:02:33 GMT+0800 (China Standard Time),公开行情历史快照
002594.SZ,比亚迪,2024-11-05,307.5,0.1694,5124245.709,有行情,日线,Asia/Shanghai,2025-12-30T15:00:00+08:00,close为不复权；风险收益使用pct_chg÷100,千元,TuSharePro.daily,https://tushare.pro/document/1?doc_id=27,Fri Sep 04 2026 20:02:33 GMT+0800 (China Standard Time),公开行情历史快照
300750.SZ,宁德时代,2024-11-05,261.39,4.0565,12547431.635,有行情,日线,Asia/Shanghai,2025-12-30T15:00:00+08:00,close为不复权；风险收益使用pct_chg÷100,千元,TuSharePro.daily,https://tushare.pro/document/1?doc_id=27,Fri Sep 04 2026 20:02:33 GMT+0800 (China Standard Time),公开行情历史快照
600519.SH,贵州茅台,2024-11-05,1576.99,1.8596,7134443.464,有行情,日线,Asia/Shanghai,2025-12-30T15:00:00+08:00,close为不复权；风险收益使用pct_chg÷100,千元,TuSharePro.daily,https://tushare.pro/document/1?doc_id=27,Fri Sep 04 2026 20:02:33 GMT+0800 (China Standard Time),公开行情历史快照
601318.SH,中国平安,2024-11-05,58.75,3.1245,6976690.582,有行情,日线,Asia/Shanghai,2025-12-30T15:00:00+08:00,close为不复权；风险收益使用pct_chg÷100,千元,TuSharePro.daily,https://tushare.pro/document/1?doc_id=27,Fri Sep 04 2026 20:02:33 GMT+0800 (China Standard Time),公开行情历史快照
000333.SZ,美的集团,2024-11-06,71.17,-2.6802,3768679.119,有行情,日线,Asia/Shanghai,2025-12-30T15:00:00+08:00,close为不复权；风险收益使用pct_chg÷100,千元,TuSharePro.daily,https://tushare.pro/document/1?doc_id=27,Fri Sep 04 2026 20:02:33 GMT+0800 (China Standard Time),公开行情历史快照
000858.SZ,五粮液,2024-11-06,151.25,-1.0144,4568777.903,有行情,日线,Asia/Shanghai,2025-12-30T15:00:00+08:00,close为不复权；风险收益使用pct_chg÷100,千元,TuSharePro.daily,https://tushare.pro/document/1?doc_id=27,Fri Sep 04 2026 20:02:33 GMT+0800 (China Standard Time),公开行情历史快照
002594.SZ,比亚迪,2024-11-06,300.36,-2.322,5611830.834,有行情,日线,Asia/Shanghai,2025-12-30T15:00:00+08:00,close为不复权；风险收益使用pct_chg÷100,千元,TuSharePro.daily,https://tushare.pro/document/1?doc_id=27,Fri Sep 04 2026 20:02:33 GMT+0800 (China Standard Time),公开行情历史快照
300750.SZ,宁德时代,2024-11-06,256.5,-1.8708,11840068.81,有行情,日线,Asia/Shanghai,2025-12-30T15:00:00+08:00,close为不复权；风险收益使用pct_chg÷100,千元,TuSharePro.daily,https://tushare.pro/document/1?doc_id=27,Fri Sep 04 2026 20:02:33 GMT+0800 (China Standard Time),公开行情历史快照
600519.SH,贵州茅台,2024-11-06,1571.0,-0.3798,5916917.616,有行情,日线,Asia/Shanghai,2025-12-30T15:00:00+08:00,close为不复权；风险收益使用pct_chg÷100,千元,TuSharePro.daily,https://tushare.pro/document/1?doc_id=27,Fri Sep 04 2026 20:02:33 GMT+0800 (China Standard Time),公开行情历史快照
601318.SH,中国平安,2024-11-06,57.49,-2.1447,7311429.314,有行情,日线,Asia/Shanghai,2025-12-30T15:00:00+08:00,close为不复权；风险收益使用pct_chg÷100,千元,TuSharePro.daily,https://tushare.pro/document/1?doc_id=27,Fri Sep 04 2026 20:02:33 GMT+0800 (China Standard Time),公开行情历史快照
000333.SZ,美的集团,2024-11-07,72.1,1.3067,3895318.881,有行情,日线,Asia/Shanghai,2025-12-30T15:00:00+08:00,close为不复权；风险收益使用pct_chg÷100,千元,TuSharePro.daily,https://tushare.pro/document/1?doc_id=27,Fri Sep 04 2026 20:02:33 GMT+0800 (China Standard Time),公开行情历史快照
000858.SZ,五粮液,2024-11-07,162.24,7.2661,10602928.042,有行情,日线,Asia/Shanghai,2025-12-30T15:00:00+08:00,close为不复权；风险收益使用pct_chg÷100,千元,TuSharePro.daily,https://tushare.pro/document/1?doc_id=27,Fri Sep 04 2026 20:02:33 GMT+0800 (China Standard Time),公开行情历史快照
002594.SZ,比亚迪,2024-11-07,301.78,0.4728,4484370.172,有行情,日线,Asia/Shanghai,2025-12-30T15:00:00+08:00,close为不复权；风险收益使用pct_chg÷100,千元,TuSharePro.daily,https://tushare.pro/document/1?doc_id=27,Fri Sep 04 2026 20:02:33 GMT+0800 (China Standard Time),公开行情历史快照
300750.SZ,宁德时代,2024-11-07,262.8,2.4561,8698717.049,有行情,日线,Asia/Shanghai,2025-12-30T15:00:00+08:00,close为不复权；风险收益使用pct_chg÷100,千元,TuSharePro.daily,https://tushare.pro/document/1?doc_id=27,Fri Sep 04 2026 20:02:33 GMT+0800 (China Standard Time),公开行情历史快照
600519.SH,贵州茅台,2024-11-07,1649.14,4.9739,12074951.757,有行情,日线,Asia/Shanghai,2025-12-30T15:00:00+08:00,close为不复权；风险收益使用pct_chg÷100,千元,TuSharePro.daily,https://tushare.pro/document/1?doc_id=27,Fri Sep 04 2026 20:02:33 GMT+0800 (China Standard Time),公开行情历史快照
601318.SH,中国平安,2024-11-07,60.84,5.8271,11055869.272,有行情,日线,Asia/Shanghai,2025-12-30T15:00:00+08:00,close为不复权；风险收益使用pct_chg÷100,千元,TuSharePro.daily,https://tushare.pro/document/1?doc_id=27,Fri Sep 04 2026 20:02:33 GMT+0800 (China Standard Time),公开行情历史快照
000333.SZ,美的集团,2024-11-08,72.58,0.6657,4283549.293,有行情,日线,Asia/Shanghai,2025-12-30T15:00:00+08:00,close为不复权；风险收益使用pct_chg÷100,千元,TuSharePro.daily,https://tushare.pro/document/1?doc_id=27,Fri Sep 04 2026 20:02:33 GMT+0800 (China Standard Time),公开行情历史快照
000858.SZ,五粮液,2024-11-08,156.47,-3.5565,9025428.028,有行情,日线,Asia/Shanghai,2025-12-30T15:00:00+08:00,close为不复权；风险收益使用pct_chg÷100,千元,TuSharePro.daily,https://tushare.pro/document/1?doc_id=27,Fri Sep 04 2026 20:02:33 GMT+0800 (China Standard Time),公开行情历史快照
002594.SZ,比亚迪,2024-11-08,297.9,-1.2857,5022195.686,有行情,日线,Asia/Shanghai,2025-12-30T15:00:00+08:00,close为不复权；风险收益使用pct_chg÷100,千元,TuSharePro.daily,https://tushare.pro/document/1?doc_id=27,Fri Sep 04 2026 20:02:33 GMT+0800 (China Standard Time),公开行情历史快照
300750.SZ,宁德时代,2024-11-08,257.5,-2.0167,10612727.375,有行情,日线,Asia/Shanghai,2025-12-30T15:00:00+08:00,close为不复权；风险收益使用pct_chg÷100,千元,TuSharePro.daily,https://tushare.pro/document/1?doc_id=27,Fri Sep 04 2026 20:02:33 GMT+0800 (China Standard Time),公开行情历史快照
600519.SH,贵州茅台,2024-11-08,1609.97,-2.3752,9885645.907,有行情,日线,Asia/Shanghai,2025-12-30T15:00:00+08:00,close为不复权；风险收益使用pct_chg÷100,千元,TuSharePro.daily,https://tushare.pro/document/1?doc_id=27,Fri Sep 04 2026 20:02:33 GMT+0800 (China Standard Time),公开行情历史快照
601318.SH,中国平安,2024-11-08,59.12,-2.8271,7922272.847,有行情,日线,Asia/Shanghai,2025-12-30T15:00:00+08:00,close为不复权；风险收益使用pct_chg÷100,千元,TuSharePro.daily,https://tushare.pro/document/1?doc_id=27,Fri Sep 04 2026 20:02:33 GMT+0800 (China Standard Time),公开行情历史快照
000333.SZ,美的集团,2024-11-11,71.6,-1.3502,3153791.634,有行情,日线,Asia/Shanghai,2025-12-30T15:00:00+08:00,close为不复权；风险收益使用pct_chg÷100,千元,TuSharePro.daily,https://tushare.pro/document/1?doc_id=27,Fri Sep 04 2026 20:02:33 GMT+0800 (China Standard Time),公开行情历史快照
000858.SZ,五粮液,2024-11-11,154.82,-1.0545,5603393.228,有行情,日线,Asia/Shanghai,2025-12-30T15:00:00+08:00,close为不复权；风险收益使用pct_chg÷100,千元,TuSharePro.daily,https://tushare.pro/document/1?doc_id=27,Fri Sep 04 2026 20:02:33 GMT+0800 (China Standard Time),公开行情历史快照
002594.SZ,比亚迪,2024-11-11,299.29,0.4666,5349190.917,有行情,日线,Asia/Shanghai,2025-12-30T15:00:00+08:00,close为不复权；风险收益使用pct_chg÷100,千元,TuSharePro.daily,https://tushare.pro/document/1?doc_id=27,Fri Sep 04 2026 20:02:33 GMT+0800 (China Standard Time),公开行情历史快照
300750.SZ,宁德时代,2024-11-11,267.5,3.8835,12844920.272,有行情,日线,Asia/Shanghai,2025-12-30T15:00:00+08:00,close为不复权；风险收益使用pct_chg÷100,千元,TuSharePro.daily,https://tushare.pro/document/1?doc_id=27,Fri Sep 04 2026 20:02:33 GMT+0800 (China Standard Time),公开行情历史快照
600519.SH,贵州茅台,2024-11-11,1598.01,-0.7429,6957095.385,有行情,日线,Asia/Shanghai,2025-12-30T15:00:00+08:00,close为不复权；风险收益使用pct_chg÷100,千元,TuSharePro.daily,https://tushare.pro/document/1?doc_id=27,Fri Sep 04 2026 20:02:33 GMT+0800 (China Standard Time),公开行情历史快照
601318.SH,中国平安,2024-11-11,58.4,-1.2179,5320862.805,有行情,日线,Asia/Shanghai,2025-12-30T15:00:00+08:00,close为不复权；风险收益使用pct_chg÷100,千元,TuSharePro.daily,https://tushare.pro/document/1?doc_id=27,Fri Sep 04 2026 20:02:33 GMT+0800 (China Standard Time),公开行情历史快照
000333.SZ,美的集团,2024-11-12,72.39,1.1034,4231304.809,有行情,日线,Asia/Shanghai,2025-12-30T15:00:00+08:00,close为不复权；风险收益使用pct_chg÷100,千元,TuSharePro.daily,https://tushare.pro/document/1?doc_id=27,Fri Sep 04 2026 20:02:33 GMT+0800 (China Standard Time),公开行情历史快照
000858.SZ,五粮液,2024-11-12,154.3,-0.3359,5496005.682,有行情,日线,Asia/Shanghai,2025-12-30T15:00:00+08:00,close为不复权；风险收益使用pct_chg÷100,千元,TuSharePro.daily,https://tushare.pro/document/1?doc_id=27,Fri Sep 04 2026 20:02:33 GMT+0800 (China Standard Time),公开行情历史快照
002594.SZ,比亚迪,2024-11-12,300.81,0.5079,7520312.654,有行情,日线,Asia/Shanghai,2025-12-30T15:00:00+08:00,close为不复权；风险收益使用pct_chg÷100,千元,TuSharePro.daily,https://tushare.pro/document/1?doc_id=27,Fri Sep 04 2026 20:02:33 GMT+0800 (China Standard Time),公开行情历史快照
300750.SZ,宁德时代,2024-11-12,273.02,2.0636,20764206.51,有行情,日线,Asia/Shanghai,2025-12-30T15:00:00+08:00,close为不复权；风险收益使用pct_chg÷100,千元,TuSharePro.daily,https://tushare.pro/document/1?doc_id=27,Fri Sep 04 2026 20:02:33 GMT+0800 (China Standard Time),公开行情历史快照
600519.SH,贵州茅台,2024-11-12,1577.2,-1.3022,7844798.676,有行情,日线,Asia/Shanghai,2025-12-30T15:00:00+08:00,close为不复权；风险收益使用pct_chg÷100,千元,TuSharePro.daily,https://tushare.pro/document/1?doc_id=27,Fri Sep 04 2026 20:02:33 GMT+0800 (China Standard Time),公开行情历史快照
601318.SH,中国平安,2024-11-12,57.01,-2.3801,5557347.301,有行情,日线,Asia/Shanghai,2025-12-30T15:00:00+08:00,close为不复权；风险收益使用pct_chg÷100,千元,TuSharePro.daily,https://tushare.pro/document/1?doc_id=27,Fri Sep 04 2026 20:02:33 GMT+0800 (China Standard Time),公开行情历史快照
000333.SZ,美的集团,2024-11-13,73.4,1.3952,3373337.471,有行情,日线,Asia/Shanghai,2025-12-30T15:00:00+08:00,close为不复权；风险收益使用pct_chg÷100,千元,TuSharePro.daily,https://tushare.pro/document/1?doc_id=27,Fri Sep 04 2026 20:02:33 GMT+0800 (China Standard Time),公开行情历史快照
000858.SZ,五粮液,2024-11-13,153.94,-0.2333,2990077.535,有行情,日线,Asia/Shanghai,2025-12-30T15:00:00+08:00,close为不复权；风险收益使用pct_chg÷100,千元,TuSharePro.daily,https://tushare.pro/document/1?doc_id=27,Fri Sep 04 2026 20:02:33 GMT+0800 (China Standard Time),公开行情历史快照
002594.SZ,比亚迪,2024-11-13,300.57,-0.0798,4326957.544,有行情,日线,Asia/Shanghai,2025-12-30T15:00:00+08:00,close为不复权；风险收益使用pct_chg÷100,千元,TuSharePro.daily,https://tushare.pro/document/1?doc_id=27,Fri Sep 04 2026 20:02:33 GMT+0800 (China Standard Time),公开行情历史快照
300750.SZ,宁德时代,2024-11-13,282.0,3.2891,15410247.018,有行情,日线,Asia/Shanghai,2025-12-30T15:00:00+08:00,close为不复权；风险收益使用pct_chg÷100,千元,TuSharePro.daily,https://tushare.pro/document/1?doc_id=27,Fri Sep 04 2026 20:02:33 GMT+0800 (China Standard Time),公开行情历史快照
600519.SH,贵州茅台,2024-11-13,1578.5,0.0824,4594445.032,有行情,日线,Asia/Shanghai,2025-12-30T15:00:00+08:00,close为不复权；风险收益使用pct_chg÷100,千元,TuSharePro.daily,https://tushare.pro/document/1?doc_id=27,Fri Sep 04 2026 20:02:33 GMT+0800 (China Standard Time),公开行情历史快照
601318.SH,中国平安,2024-11-13,57.19,0.3157,3532487.702,有行情,日线,Asia/Shanghai,2025-12-30T15:00:00+08:00,close为不复权；风险收益使用pct_chg÷100,千元,TuSharePro.daily,https://tushare.pro/document/1?doc_id=27,Fri Sep 04 2026 20:02:33 GMT+0800 (China Standard Time),公开行情历史快照
000333.SZ,美的集团,2024-11-14,73.64,0.327,3020822.981,有行情,日线,Asia/Shanghai,2025-12-30T15:00:00+08:00,close为不复权；风险收益使用pct_chg÷100,千元,TuSharePro.daily,https://tushare.pro/document/1?doc_id=27,Fri Sep 04 2026 20:02:33 GMT+0800 (China Standard Time),公开行情历史快照
000858.SZ,五粮液,2024-11-14,153.49,-0.2923,3357496.178,有行情,日线,Asia/Shanghai,2025-12-30T15:00:00+08:00,close为不复权；风险收益使用pct_chg÷100,千元,TuSharePro.daily,https://tushare.pro/document/1?doc_id=27,Fri Sep 04 2026 20:02:33 GMT+0800 (China Standard Time),公开行情历史快照
002594.SZ,比亚迪,2024-11-14,294.75,-1.9363,3690676.831,有行情,日线,Asia/Shanghai,2025-12-30T15:00:00+08:00,close为不复权；风险收益使用pct_chg÷100,千元,TuSharePro.daily,https://tushare.pro/document/1?doc_id=27,Fri Sep 04 2026 20:02:33 GMT+0800 (China Standard Time),公开行情历史快照
300750.SZ,宁德时代,2024-11-14,275.0,-2.4823,11940874.424,有行情,日线,Asia/Shanghai,2025-12-30T15:00:00+08:00,close为不复权；风险收益使用pct_chg÷100,千元,TuSharePro.daily,https://tushare.pro/document/1?doc_id=27,Fri Sep 04 2026 20:02:33 GMT+0800 (China Standard Time),公开行情历史快照
600519.SH,贵州茅台,2024-11-14,1573.8,-0.2978,4617144.097,有行情,日线,Asia/Shanghai,2025-12-30T15:00:00+08:00,close为不复权；风险收益使用pct_chg÷100,千元,TuSharePro.daily,https://tushare.pro/document/1?doc_id=27,Fri Sep 04 2026 20:02:33 GMT+0800 (China Standard Time),公开行情历史快照
601318.SH,中国平安,2024-11-14,57.0,-0.3322,3815907.812,有行情,日线,Asia/Shanghai,2025-12-30T15:00:00+08:00,close为不复权；风险收益使用pct_chg÷100,千元,TuSharePro.daily,https://tushare.pro/document/1?doc_id=27,Fri Sep 04 2026 20:02:33 GMT+0800 (China Standard Time),公开行情历史快照
000333.SZ,美的集团,2024-11-15,72.25,-1.8876,2496870.647,有行情,日线,Asia/Shanghai,2025-12-30T15:00:00+08:00,close为不复权；风险收益使用pct_chg÷100,千元,TuSharePro.daily,https://tushare.pro/document/1?doc_id=27,Fri Sep 04 2026 20:02:33 GMT+0800 (China Standard Time),公开行情历史快照
000858.SZ,五粮液,2024-11-15,151.29,-1.4333,3894476.943,有行情,日线,Asia/Shanghai,2025-12-30T15:00:00+08:00,close为不复权；风险收益使用pct_chg÷100,千元,TuSharePro.daily,https://tushare.pro/document/1?doc_id=27,Fri Sep 04 2026 20:02:33 GMT+0800 (China Standard Time),公开行情历史快照
002594.SZ,比亚迪,2024-11-15,290.0,-1.6115,4471450.174,有行情,日线,Asia/Shanghai,2025-12-30T15:00:00+08:00,close为不复权；风险收益使用pct_chg÷100,千元,TuSharePro.daily,https://tushare.pro/document/1?doc_id=27,Fri Sep 04 2026 20:02:33 GMT+0800 (China Standard Time),公开行情历史快照
300750.SZ,宁德时代,2024-11-15,265.56,-3.4327,9488134.618,有行情,日线,Asia/Shanghai,2025-12-30T15:00:00+08:00,close为不复权；风险收益使用pct_chg÷100,千元,TuSharePro.daily,https://tushare.pro/document/1?doc_id=27,Fri Sep 04 2026 20:02:33 GMT+0800 (China Standard Time),公开行情历史快照
600519.SH,贵州茅台,2024-11-15,1559.0,-0.9404,5295326.892,有行情,日线,Asia/Shanghai,2025-12-30T15:00:00+08:00,close为不复权；风险收益使用pct_chg÷100,千元,TuSharePro.daily,https://tushare.pro/document/1?doc_id=27,Fri Sep 04 2026 20:02:33 GMT+0800 (China Standard Time),公开行情历史快照
601318.SH,中国平安,2024-11-15,55.8,-2.1053,4413936.48,有行情,日线,Asia/Shanghai,2025-12-30T15:00:00+08:00,close为不复权；风险收益使用pct_chg÷100,千元,TuSharePro.daily,https://tushare.pro/document/1?doc_id=27,Fri Sep 04 2026 20:02:33 GMT+0800 (China Standard Time),公开行情历史快照
000333.SZ,美的集团,2024-11-18,71.05,-1.6609,2292938.837,有行情,日线,Asia/Shanghai,2025-12-30T15:00:00+08:00,close为不复权；风险收益使用pct_chg÷100,千元,TuSharePro.daily,https://tushare.pro/document/1?doc_id=27,Fri Sep 04 2026 20:02:33 GMT+0800 (China Standard Time),公开行情历史快照
000858.SZ,五粮液,2024-11-18,149.33,-1.2955,3164795.003,有行情,日线,Asia/Shanghai,2025-12-30T15:00:00+08:00,close为不复权；风险收益使用pct_chg÷100,千元,TuSharePro.daily,https://tushare.pro/document/1?doc_id=27,Fri Sep 04 2026 20:02:33 GMT+0800 (China Standard Time),公开行情历史快照
002594.SZ,比亚迪,2024-11-18,288.68,-0.4552,3364288.894,有行情,日线,Asia/Shanghai,2025-12-30T15:00:00+08:00,close为不复权；风险收益使用pct_chg÷100,千元,TuSharePro.daily,https://tushare.pro/document/1?doc_id=27,Fri Sep 04 2026 20:02:33 GMT+0800 (China Standard Time),公开行情历史快照
300750.SZ,宁德时代,2024-11-18,262.92,-0.9941,8135717.136,有行情,日线,Asia/Shanghai,2025-12-30T15:00:00+08:00,close为不复权；风险收益使用pct_chg÷100,千元,TuSharePro.daily,https://tushare.pro/document/1?doc_id=27,Fri Sep 04 2026 20:02:33 GMT+0800 (China Standard Time),公开行情历史快照
600519.SH,贵州茅台,2024-11-18,1559.0,0.0,4237197.499,有行情,日线,Asia/Shanghai,2025-12-30T15:00:00+08:00,close为不复权；风险收益使用pct_chg÷100,千元,TuSharePro.daily,https://tushare.pro/document/1?doc_id=27,Fri Sep 04 2026 20:02:33 GMT+0800 (China Standard Time),公开行情历史快照
601318.SH,中国平安,2024-11-18,55.76,-0.0717,3851412.802,有行情,日线,Asia/Shanghai,2025-12-30T15:00:00+08:00,close为不复权；风险收益使用pct_chg÷100,千元,TuSharePro.daily,https://tushare.pro/document/1?doc_id=27,Fri Sep 04 2026 20:02:33 GMT+0800 (China Standard Time),公开行情历史快照
000333.SZ,美的集团,2024-11-19,71.31,0.3659,1614053.712,有行情,日线,Asia/Shanghai,2025-12-30T15:00:00+08:00,close为不复权；风险收益使用pct_chg÷100,千元,TuSharePro.daily,https://tushare.pro/document/1?doc_id=27,Fri Sep 04 2026 20:02:33 GMT+0800 (China Standard Time),公开行情历史快照
000858.SZ,五粮液,2024-11-19,148.45,-0.5893,3447738.671,有行情,日线,Asia/Shanghai,2025-12-30T15:00:00+08:00,close为不复权；风险收益使用pct_chg÷100,千元,TuSharePro.daily,https://tushare.pro/document/1?doc_id=27,Fri Sep 04 2026 20:02:33 GMT+0800 (China Standard Time),公开行情历史快照
002594.SZ,比亚迪,2024-11-19,287.99,-0.239,3785016.71,有行情,日线,Asia/Shanghai,2025-12-30T15:00:00+08:00,close为不复权；风险收益使用pct_chg÷100,千元,TuSharePro.daily,https://tushare.pro/document/1?doc_id=27,Fri Sep 04 2026 20:02:33 GMT+0800 (China Standard Time),公开行情历史快照
300750.SZ,宁德时代,2024-11-19,268.72,2.206,9211079.121,有行情,日线,Asia/Shanghai,2025-12-30T15:00:00+08:00,close为不复权；风险收益使用pct_chg÷100,千元,TuSharePro.daily,https://tushare.pro/document/1?doc_id=27,Fri Sep 04 2026 20:02:33 GMT+0800 (China Standard Time),公开行情历史快照
600519.SH,贵州茅台,2024-11-19,1541.92,-1.0956,5138831.155,有行情,日线,Asia/Shanghai,2025-12-30T15:00:00+08:00,close为不复权；风险收益使用pct_chg÷100,千元,TuSharePro.daily,https://tushare.pro/document/1?doc_id=27,Fri Sep 04 2026 20:02:33 GMT+0800 (China Standard Time),公开行情历史快照
601318.SH,中国平安,2024-11-19,55.61,-0.269,2934893.274,有行情,日线,Asia/Shanghai,2025-12-30T15:00:00+08:00,close为不复权；风险收益使用pct_chg÷100,千元,TuSharePro.daily,https://tushare.pro/document/1?doc_id=27,Fri Sep 04 2026 20:02:33 GMT+0800 (China Standard Time),公开行情历史快照
000333.SZ,美的集团,2024-11-20,71.43,0.1683,1610809.493,有行情,日线,Asia/Shanghai,2025-12-30T15:00:00+08:00,close为不复权；风险收益使用pct_chg÷100,千元,TuSharePro.daily,https://tushare.pro/document/1?doc_id=27,Fri Sep 04 2026 20:02:33 GMT+0800 (China Standard Time),公开行情历史快照
000858.SZ,五粮液,2024-11-20,149.6,0.7747,2233265.261,有行情,日线,Asia/Shanghai,2025-12-30T15:00:00+08:00,close为不复权；风险收益使用pct_chg÷100,千元,TuSharePro.daily,https://tushare.pro/document/1?doc_id=27,Fri Sep 04 2026 20:02:33 GMT+0800 (China Standard Time),公开行情历史快照
002594.SZ,比亚迪,2024-11-20,288.46,0.1632,3049973.686,有行情,日线,Asia/Shanghai,2025-12-30T15:00:00+08:00,close为不复权；风险收益使用pct_chg÷100,千元,TuSharePro.daily,https://tushare.pro/document/1?doc_id=27,Fri Sep 04 2026 20:02:33 GMT+0800 (China Standard Time),公开行情历史快照
300750.SZ,宁德时代,2024-11-20,267.55,-0.4354,6060616.029,有行情,日线,Asia/Shanghai,2025-12-30T15:00:00+08:00,close为不复权；风险收益使用pct_chg÷100,千元,TuSharePro.daily,https://tushare.pro/document/1?doc_id=27,Fri Sep 04 2026 20:02:33 GMT+0800 (China Standard Time),公开行情历史快照
600519.SH,贵州茅台,2024-11-20,1544.81,0.1874,3292675.257,有行情,日线,Asia/Shanghai,2025-12-30T15:00:00+08:00,close为不复权；风险收益使用pct_chg÷100,千元,TuSharePro.daily,https://tushare.pro/document/1?doc_id=27,Fri Sep 04 2026 20:02:33 GMT+0800 (China Standard Time),公开行情历史快照
601318.SH,中国平安,2024-11-20,55.46,-0.2697,2605295.42,有行情,日线,Asia/Shanghai,2025-12-30T15:00:00+08:00,close为不复权；风险收益使用pct_chg÷100,千元,TuSharePro.daily,https://tushare.pro/document/1?doc_id=27,Fri Sep 04 2026 20:02:33 GMT+0800 (China Standard Time),公开行情历史快照
000333.SZ,美的集团,2024-11-21,70.84,-0.826,1534662.636,有行情,日线,Asia/Shanghai,2025-12-30T15:00:00+08:00,close为不复权；风险收益使用pct_chg÷100,千元,TuSharePro.daily,https://tushare.pro/document/1?doc_id=27,Fri Sep 04 2026 20:02:33 GMT+0800 (China Standard Time),公开行情历史快照
000858.SZ,五粮液,2024-11-21,149.5,-0.0668,1706377.342,有行情,日线,Asia/Shanghai,2025-12-30T15:00:00+08:00,close为不复权；风险收益使用pct_chg÷100,千元,TuSharePro.daily,https://tushare.pro/document/1?doc_id=27,Fri Sep 04 2026 20:02:33 GMT+0800 (China Standard Time),公开行情历史快照
002594.SZ,比亚迪,2024-11-21,286.0,-0.8528,2727230.001,有行情,日线,Asia/Shanghai,2025-12-30T15:00:00+08:00,close为不复权；风险收益使用pct_chg÷100,千元,TuSharePro.daily,https://tushare.pro/document/1?doc_id=27,Fri Sep 04 2026 20:02:33 GMT+0800 (China Standard Time),公开行情历史快照
300750.SZ,宁德时代,2024-11-21,268.26,0.2654,5510533.65,有行情,日线,Asia/Shanghai,2025-12-30T15:00:00+08:00,close为不复权；风险收益使用pct_chg÷100,千元,TuSharePro.daily,https://tushare.pro/document/1?doc_id=27,Fri Sep 04 2026 20:02:33 GMT+0800 (China Standard Time),公开行情历史快照
600519.SH,贵州茅台,2024-11-21,1545.13,0.0207,2810933.515,有行情,日线,Asia/Shanghai,2025-12-30T15:00:00+08:00,close为不复权；风险收益使用pct_chg÷100,千元,TuSharePro.daily,https://tushare.pro/document/1?doc_id=27,Fri Sep 04 2026 20:02:33 GMT+0800 (China Standard Time),公开行情历史快照
601318.SH,中国平安,2024-11-21,55.49,0.0541,2269302.644,有行情,日线,Asia/Shanghai,2025-12-30T15:00:00+08:00,close为不复权；风险收益使用pct_chg÷100,千元,TuSharePro.daily,https://tushare.pro/document/1?doc_id=27,Fri Sep 04 2026 20:02:33 GMT+0800 (China Standard Time),公开行情历史快照
000333.SZ,美的集团,2024-11-22,70.39,-0.6352,2781161.792,有行情,日线,Asia/Shanghai,2025-12-30T15:00:00+08:00,close为不复权；风险收益使用pct_chg÷100,千元,TuSharePro.daily,https://tushare.pro/document/1?doc_id=27,Fri Sep 04 2026 20:02:33 GMT+0800 (China Standard Time),公开行情历史快照
000858.SZ,五粮液,2024-11-22,144.89,-3.0836,2785311.385,有行情,日线,Asia/Shanghai,2025-12-30T15:00:00+08:00,close为不复权；风险收益使用pct_chg÷100,千元,TuSharePro.daily,https://tushare.pro/document/1?doc_id=27,Fri Sep 04 2026 20:02:33 GMT+0800 (China Standard Time),公开行情历史快照
002594.SZ,比亚迪,2024-11-22,278.49,-2.6259,3529973.029,有行情,日线,Asia/Shanghai,2025-12-30T15:00:00+08:00,close为不复权；风险收益使用pct_chg÷100,千元,TuSharePro.daily,https://tushare.pro/document/1?doc_id=27,Fri Sep 04 2026 20:02:33 GMT+0800 (China Standard Time),公开行情历史快照
300750.SZ,宁德时代,2024-11-22,259.1,-3.4146,5937579.845,有行情,日线,Asia/Shanghai,2025-12-30T15:00:00+08:00,close为不复权；风险收益使用pct_chg÷100,千元,TuSharePro.daily,https://tushare.pro/document/1?doc_id=27,Fri Sep 04 2026 20:02:33 GMT+0800 (China Standard Time),公开行情历史快照
600519.SH,贵州茅台,2024-11-22,1507.82,-2.4147,5107288.992,有行情,日线,Asia/Shanghai,2025-12-30T15:00:00+08:00,close为不复权；风险收益使用pct_chg÷100,千元,TuSharePro.daily,https://tushare.pro/document/1?doc_id=27,Fri Sep 04 2026 20:02:33 GMT+0800 (China Standard Time),公开行情历史快照
601318.SH,中国平安,2024-11-22,53.03,-4.4332,5439029.187,有行情,日线,Asia/Shanghai,2025-12-30T15:00:00+08:00,close为不复权；风险收益使用pct_chg÷100,千元,TuSharePro.daily,https://tushare.pro/document/1?doc_id=27,Fri Sep 04 2026 20:02:33 GMT+0800 (China Standard Time),公开行情历史快照
000333.SZ,美的集团,2024-11-25,70.39,0.0,2737579.009,有行情,日线,Asia/Shanghai,2025-12-30T15:00:00+08:00,close为不复权；风险收益使用pct_chg÷100,千元,TuSharePro.daily,https://tushare.pro/document/1?doc_id=27,Fri Sep 04 2026 20:02:33 GMT+0800 (China Standard Time),公开行情历史快照
000858.SZ,五粮液,2024-11-25,143.8,-0.7523,2771219.117,有行情,日线,Asia/Shanghai,2025-12-30T15:00:00+08:00,close为不复权；风险收益使用pct_chg÷100,千元,TuSharePro.daily,https://tushare.pro/document/1?doc_id=27,Fri Sep 04 2026 20:02:33 GMT+0800 (China Standard Time),公开行情历史快照
002594.SZ,比亚迪,2024-11-25,283.0,1.6194,4981714.332,有行情,日线,Asia/Shanghai,2025-12-30T15:00:00+08:00,close为不复权；风险收益使用pct_chg÷100,千元,TuSharePro.daily,https://tushare.pro/document/1?doc_id=27,Fri Sep 04 2026 20:02:33 GMT+0800 (China Standard Time),公开行情历史快照
300750.SZ,宁德时代,2024-11-25,264.1,1.9298,6923644.963,有行情,日线,Asia/Shanghai,2025-12-30T15:00:00+08:00,close为不复权；风险收益使用pct_chg÷100,千元,TuSharePro.daily,https://tushare.pro/document/1?doc_id=27,Fri Sep 04 2026 20:02:33 GMT+0800 (China Standard Time),公开行情历史快照
600519.SH,贵州茅台,2024-11-25,1498.57,-0.6135,5011136.234,有行情,日线,Asia/Shanghai,2025-12-30T15:00:00+08:00,close为不复权；风险收益使用pct_chg÷100,千元,TuSharePro.daily,https://tushare.pro/document/1?doc_id=27,Fri Sep 04 2026 20:02:33 GMT+0800 (China Standard Time),公开行情历史快照
601318.SH,中国平安,2024-11-25,52.57,-0.8674,3704922.205,有行情,日线,Asia/Shanghai,2025-12-30T15:00:00+08:00,close为不复权；风险收益使用pct_chg÷100,千元,TuSharePro.daily,https://tushare.pro/document/1?doc_id=27,Fri Sep 04 2026 20:02:33 GMT+0800 (China Standard Time),公开行情历史快照
000333.SZ,美的集团,2024-11-26,70.6,0.2983,1932586.725,有行情,日线,Asia/Shanghai,2025-12-30T15:00:00+08:00,close为不复权；风险收益使用pct_chg÷100,千元,TuSharePro.daily,https://tushare.pro/document/1?doc_id=27,Fri Sep 04 2026 20:02:33 GMT+0800 (China Standard Time),公开行情历史快照
000858.SZ,五粮液,2024-11-26,144.8,0.6954,2539251.07,有行情,日线,Asia/Shanghai,2025-12-30T15:00:00+08:00,close为不复权；风险收益使用pct_chg÷100,千元,TuSharePro.daily,https://tushare.pro/document/1?doc_id=27,Fri Sep 04 2026 20:02:33 GMT+0800 (China Standard Time),公开行情历史快照
002594.SZ,比亚迪,2024-11-26,281.01,-0.7032,2686423.189,有行情,日线,Asia/Shanghai,2025-12-30T15:00:00+08:00,close为不复权；风险收益使用pct_chg÷100,千元,TuSharePro.daily,https://tushare.pro/document/1?doc_id=27,Fri Sep 04 2026 20:02:33 GMT+0800 (China Standard Time),公开行情历史快照
300750.SZ,宁德时代,2024-11-26,256.72,-2.7944,7076484.876,有行情,日线,Asia/Shanghai,2025-12-30T15:00:00+08:00,close为不复权；风险收益使用pct_chg÷100,千元,TuSharePro.daily,https://tushare.pro/document/1?doc_id=27,Fri Sep 04 2026 20:02:33 GMT+0800 (China Standard Time),公开行情历史快照
600519.SH,贵州茅台,2024-11-26,1509.0,0.696,3876885.984,有行情,日线,Asia/Shanghai,2025-12-30T15:00:00+08:00,close为不复权；风险收益使用pct_chg÷100,千元,TuSharePro.daily,https://tushare.pro/document/1?doc_id=27,Fri Sep 04 2026 20:02:33 GMT+0800 (China Standard Time),公开行情历史快照
601318.SH,中国平安,2024-11-26,53.05,0.9131,2156122.895,有行情,日线,Asia/Shanghai,2025-12-30T15:00:00+08:00,close为不复权；风险收益使用pct_chg÷100,千元,TuSharePro.daily,https://tushare.pro/document/1?doc_id=27,Fri Sep 04 2026 20:02:33 GMT+0800 (China Standard Time),公开行情历史快照
000333.SZ,美的集团,2024-11-27,71.32,1.0198,1875798.199,有行情,日线,Asia/Shanghai,2025-12-30T15:00:00+08:00,close为不复权；风险收益使用pct_chg÷100,千元,TuSharePro.daily,https://tushare.pro/document/1?doc_id=27,Fri Sep 04 2026 20:02:33 GMT+0800 (China Standard Time),公开行情历史快照
000858.SZ,五粮液,2024-11-27,147.05,1.5539,2921829.64,有行情,日线,Asia/Shanghai,2025-12-30T15:00:00+08:00,close为不复权；风险收益使用pct_chg÷100,千元,TuSharePro.daily,https://tushare.pro/document/1?doc_id=27,Fri Sep 04 2026 20:02:33 GMT+0800 (China Standard Time),公开行情历史快照
002594.SZ,比亚迪,2024-11-27,281.0,-0.0036,3068303.752,有行情,日线,Asia/Shanghai,2025-12-30T15:00:00+08:00,close为不复权；风险收益使用pct_chg÷100,千元,TuSharePro.daily,https://tushare.pro/document/1?doc_id=27,Fri Sep 04 2026 20:02:33 GMT+0800 (China Standard Time),公开行情历史快照
300750.SZ,宁德时代,2024-11-27,259.9,1.2387,7033615.362,有行情,日线,Asia/Shanghai,2025-12-30T15:00:00+08:00,close为不复权；风险收益使用pct_chg÷100,千元,TuSharePro.daily,https://tushare.pro/document/1?doc_id=27,Fri Sep 04 2026 20:02:33 GMT+0800 (China Standard Time),公开行情历史快照
600519.SH,贵州茅台,2024-11-27,1519.05,0.666,3927607.772,有行情,日线,Asia/Shanghai,2025-12-30T15:00:00+08:00,close为不复权；风险收益使用pct_chg÷100,千元,TuSharePro.daily,https://tushare.pro/document/1?doc_id=27,Fri Sep 04 2026 20:02:33 GMT+0800 (China Standard Time),公开行情历史快照
601318.SH,中国平安,2024-11-27,53.55,0.9425,2366194.483,有行情,日线,Asia/Shanghai,2025-12-30T15:00:00+08:00,close为不复权；风险收益使用pct_chg÷100,千元,TuSharePro.daily,https://tushare.pro/document/1?doc_id=27,Fri Sep 04 2026 20:02:33 GMT+0800 (China Standard Time),公开行情历史快照
000333.SZ,美的集团,2024-11-28,70.19,-1.5844,2275593.42,有行情,日线,Asia/Shanghai,2025-12-30T15:00:00+08:00,close为不复权；风险收益使用pct_chg÷100,千元,TuSharePro.daily,https://tushare.pro/document/1?doc_id=27,Fri Sep 04 2026 20:02:33 GMT+0800 (China Standard Time),公开行情历史快照
000858.SZ,五粮液,2024-11-28,144.0,-2.0741,2760020.464,有行情,日线,Asia/Shanghai,2025-12-30T15:00:00+08:00,close为不复权；风险收益使用pct_chg÷100,千元,TuSharePro.daily,https://tushare.pro/document/1?doc_id=27,Fri Sep 04 2026 20:02:33 GMT+0800 (China Standard Time),公开行情历史快照
002594.SZ,比亚迪,2024-11-28,274.58,-2.2847,4365779.157,有行情,日线,Asia/Shanghai,2025-12-30T15:00:00+08:00,close为不复权；风险收益使用pct_chg÷100,千元,TuSharePro.daily,https://tushare.pro/document/1?doc_id=27,Fri Sep 04 2026 20:02:33 GMT+0800 (China Standard Time),公开行情历史快照
300750.SZ,宁德时代,2024-11-28,254.7,-2.0008,5728197.56,有行情,日线,Asia/Shanghai,2025-12-30T15:00:00+08:00,close为不复权；风险收益使用pct_chg÷100,千元,TuSharePro.daily,https://tushare.pro/document/1?doc_id=27,Fri Sep 04 2026 20:02:33 GMT+0800 (China Standard Time),公开行情历史快照
600519.SH,贵州茅台,2024-11-28,1518.0,-0.0691,3627662.382,有行情,日线,Asia/Shanghai,2025-12-30T15:00:00+08:00,close为不复权；风险收益使用pct_chg÷100,千元,TuSharePro.daily,https://tushare.pro/document/1?doc_id=27,Fri Sep 04 2026 20:02:33 GMT+0800 (China Standard Time),公开行情历史快照
601318.SH,中国平安,2024-11-28,53.17,-0.7096,2268917.373,有行情,日线,Asia/Shanghai,2025-12-30T15:00:00+08:00,close为不复权；风险收益使用pct_chg÷100,千元,TuSharePro.daily,https://tushare.pro/document/1?doc_id=27,Fri Sep 04 2026 20:02:33 GMT+0800 (China Standard Time),公开行情历史快照
000333.SZ,美的集团,2024-11-29,70.13,-0.0855,1951115.164,有行情,日线,Asia/Shanghai,2025-12-30T15:00:00+08:00,close为不复权；风险收益使用pct_chg÷100,千元,TuSharePro.daily,https://tushare.pro/document/1?doc_id=27,Fri Sep 04 2026 20:02:33 GMT+0800 (China Standard Time),公开行情历史快照
000858.SZ,五粮液,2024-11-29,146.77,1.9236,4234632.626,有行情,日线,Asia/Shanghai,2025-12-30T15:00:00+08:00,close为不复权；风险收益使用pct_chg÷100,千元,TuSharePro.daily,https://tushare.pro/document/1?doc_id=27,Fri Sep 04 2026 20:02:33 GMT+0800 (China Standard Time),公开行情历史快照
002594.SZ,比亚迪,2024-11-29,274.83,0.091,3516186.179,有行情,日线,Asia/Shanghai,2025-12-30T15:00:00+08:00,close为不复权；风险收益使用pct_chg÷100,千元,TuSharePro.daily,https://tushare.pro/document/1?doc_id=27,Fri Sep 04 2026 20:02:33 GMT+0800 (China Standard Time),公开行情历史快照
300750.SZ,宁德时代,2024-11-29,261.24,2.5677,8192074.188,有行情,日线,Asia/Shanghai,2025-12-30T15:00:00+08:00,close为不复权；风险收益使用pct_chg÷100,千元,TuSharePro.daily,https://tushare.pro/document/1?doc_id=27,Fri Sep 04 2026 20:02:33 GMT+0800 (China Standard Time),公开行情历史快照
600519.SH,贵州茅台,2024-11-29,1525.74,0.5099,5534035.503,有行情,日线,Asia/Shanghai,2025-12-30T15:00:00+08:00,close为不复权；风险收益使用pct_chg÷100,千元,TuSharePro.daily,https://tushare.pro/document/1?doc_id=27,Fri Sep 04 2026 20:02:33 GMT+0800 (China Standard Time),公开行情历史快照
601318.SH,中国平安,2024-11-29,53.25,0.1505,3018761.403,有行情,日线,Asia/Shanghai,2025-12-30T15:00:00+08:00,close为不复权；风险收益使用pct_chg÷100,千元,TuSharePro.daily,https://tushare.pro/document/1?doc_id=27,Fri Sep 04 2026 20:02:33 GMT+0800 (China Standard Time),公开行情历史快照
000333.SZ,美的集团,2024-12-02,70.08,-0.0713,2500096.04,有行情,日线,Asia/Shanghai,2025-12-30T15:00:00+08:00,close为不复权；风险收益使用pct_chg÷100,千元,TuSharePro.daily,https://tushare.pro/document/1?doc_id=27,Fri Sep 04 2026 20:02:33 GMT+0800 (China Standard Time),公开行情历史快照
000858.SZ,五粮液,2024-12-02,147.4,0.4292,2645657.931,有行情,日线,Asia/Shanghai,2025-12-30T15:00:00+08:00,close为不复权；风险收益使用pct_chg÷100,千元,TuSharePro.daily,https://tushare.pro/document/1?doc_id=27,Fri Sep 04 2026 20:02:33 GMT+0800 (China Standard Time),公开行情历史快照
002594.SZ,比亚迪,2024-12-02,282.4,2.7544,4255616.768,有行情,日线,Asia/Shanghai,2025-12-30T15:00:00+08:00,close为不复权；风险收益使用pct_chg÷100,千元,TuSharePro.daily,https://tushare.pro/document/1?doc_id=27,Fri Sep 04 2026 20:02:33 GMT+0800 (China Standard Time),公开行情历史快照
300750.SZ,宁德时代,2024-12-02,262.19,0.3637,5387882.834,有行情,日线,Asia/Shanghai,2025-12-30T15:00:00+08:00,close为不复权；风险收益使用pct_chg÷100,千元,TuSharePro.daily,https://tushare.pro/document/1?doc_id=27,Fri Sep 04 2026 20:02:33 GMT+0800 (China Standard Time),公开行情历史快照
600519.SH,贵州茅台,2024-12-02,1525.0,-0.0485,4086609.952,有行情,日线,Asia/Shanghai,2025-12-30T15:00:00+08:00,close为不复权；风险收益使用pct_chg÷100,千元,TuSharePro.daily,https://tushare.pro/document/1?doc_id=27,Fri Sep 04 2026 20:02:33 GMT+0800 (China Standard Time),公开行情历史快照
601318.SH,中国平安,2024-12-02,54.01,1.4272,2420512.864,有行情,日线,Asia/Shanghai,2025-12-30T15:00:00+08:00,close为不复权；风险收益使用pct_chg÷100,千元,TuSharePro.daily,https://tushare.pro/document/1?doc_id=27,Fri Sep 04 2026 20:02:33 GMT+0800 (China Standard Time),公开行情历史快照
000333.SZ,美的集团,2024-12-03,69.85,-0.3282,2181594.388,有行情,日线,Asia/Shanghai,2025-12-30T15:00:00+08:00,close为不复权；风险收益使用pct_chg÷100,千元,TuSharePro.daily,https://tushare.pro/document/1?doc_id=27,Fri Sep 04 2026 20:02:33 GMT+0800 (China Standard Time),公开行情历史快照
000858.SZ,五粮液,2024-12-03,146.99,-0.2782,2059980.757,有行情,日线,Asia/Shanghai,2025-12-30T15:00:00+08:00,close为不复权；风险收益使用pct_chg÷100,千元,TuSharePro.daily,https://tushare.pro/document/1?doc_id=27,Fri Sep 04 2026 20:02:33 GMT+0800 (China Standard Time),公开行情历史快照
002594.SZ,比亚迪,2024-12-03,282.65,0.0885,2585320.048,有行情,日线,Asia/Shanghai,2025-12-30T15:00:00+08:00,close为不复权；风险收益使用pct_chg÷100,千元,TuSharePro.daily,https://tushare.pro/document/1?doc_id=27,Fri Sep 04 2026 20:02:33 GMT+0800 (China Standard Time),公开行情历史快照
300750.SZ,宁德时代,2024-12-03,261.84,-0.1335,4514867.562,有行情,日线,Asia/Shanghai,2025-12-30T15:00:00+08:00,close为不复权；风险收益使用pct_chg÷100,千元,TuSharePro.daily,https://tushare.pro/document/1?doc_id=27,Fri Sep 04 2026 20:02:33 GMT+0800 (China Standard Time),公开行情历史快照
600519.SH,贵州茅台,2024-12-03,1526.74,0.1141,3777197.199,有行情,日线,Asia/Shanghai,2025-12-30T15:00:00+08:00,close为不复权；风险收益使用pct_chg÷100,千元,TuSharePro.daily,https://tushare.pro/document/1?doc_id=27,Fri Sep 04 2026 20:02:33 GMT+0800 (China Standard Time),公开行情历史快照
601318.SH,中国平安,2024-12-03,54.43,0.7776,2544434.591,有行情,日线,Asia/Shanghai,2025-12-30T15:00:00+08:00,close为不复权；风险收益使用pct_chg÷100,千元,TuSharePro.daily,https://tushare.pro/document/1?doc_id=27,Fri Sep 04 2026 20:02:33 GMT+0800 (China Standard Time),公开行情历史快照
000333.SZ,美的集团,2024-12-04,71.49,2.3479,3779094.534,有行情,日线,Asia/Shanghai,2025-12-30T15:00:00+08:00,close为不复权；风险收益使用pct_chg÷100,千元,TuSharePro.daily,https://tushare.pro/document/1?doc_id=27,Fri Sep 04 2026 20:02:33 GMT+0800 (China Standard Time),公开行情历史快照
000858.SZ,五粮液,2024-12-04,145.73,-0.8572,2161996.959,有行情,日线,Asia/Shanghai,2025-12-30T15:00:00+08:00,close为不复权；风险收益使用pct_chg÷100,千元,TuSharePro.daily,https://tushare.pro/document/1?doc_id=27,Fri Sep 04 2026 20:02:33 GMT+0800 (China Standard Time),公开行情历史快照
002594.SZ,比亚迪,2024-12-04,279.98,-0.9446,2389151.937,有行情,日线,Asia/Shanghai,2025-12-30T15:00:00+08:00,close为不复权；风险收益使用pct_chg÷100,千元,TuSharePro.daily,https://tushare.pro/document/1?doc_id=27,Fri Sep 04 2026 20:02:33 GMT+0800 (China Standard Time),公开行情历史快照
300750.SZ,宁德时代,2024-12-04,258.97,-1.0961,4186965.339,有行情,日线,Asia/Shanghai,2025-12-30T15:00:00+08:00,close为不复权；风险收益使用pct_chg÷100,千元,TuSharePro.daily,https://tushare.pro/document/1?doc_id=27,Fri Sep 04 2026 20:02:33 GMT+0800 (China Standard Time),公开行情历史快照
600519.SH,贵州茅台,2024-12-04,1520.0,-0.4415,3626565.544,有行情,日线,Asia/Shanghai,2025-12-30T15:00:00+08:00,close为不复权；风险收益使用pct_chg÷100,千元,TuSharePro.daily,https://tushare.pro/document/1?doc_id=27,Fri Sep 04 2026 20:02:33 GMT+0800 (China Standard Time),公开行情历史快照
601318.SH,中国平安,2024-12-04,53.93,-0.9186,2059281.654,有行情,日线,Asia/Shanghai,2025-12-30T15:00:00+08:00,close为不复权；风险收益使用pct_chg÷100,千元,TuSharePro.daily,https://tushare.pro/document/1?doc_id=27,Fri Sep 04 2026 20:02:33 GMT+0800 (China Standard Time),公开行情历史快照
000333.SZ,美的集团,2024-12-05,71.72,0.3217,2647263.413,有行情,日线,Asia/Shanghai,2025-12-30T15:00:00+08:00,close为不复权；风险收益使用pct_chg÷100,千元,TuSharePro.daily,https://tushare.pro/document/1?doc_id=27,Fri Sep 04 2026 20:02:33 GMT+0800 (China Standard Time),公开行情历史快照
000858.SZ,五粮液,2024-12-05,145.03,-0.4803,1496758.491,有行情,日线,Asia/Shanghai,2025-12-30T15:00:00+08:00,close为不复权；风险收益使用pct_chg÷100,千元,TuSharePro.daily,https://tushare.pro/document/1?doc_id=27,Fri Sep 04 2026 20:02:33 GMT+0800 (China Standard Time),公开行情历史快照
002594.SZ,比亚迪,2024-12-05,275.26,-1.6858,2486214.937,有行情,日线,Asia/Shanghai,2025-12-30T15:00:00+08:00,close为不复权；风险收益使用pct_chg÷100,千元,TuSharePro.daily,https://tushare.pro/document/1?doc_id=27,Fri Sep 04 2026 20:02:33 GMT+0800 (China Standard Time),公开行情历史快照
300750.SZ,宁德时代,2024-12-05,256.0,-1.1469,4109014.222,有行情,日线,Asia/Shanghai,2025-12-30T15:00:00+08:00,close为不复权；风险收益使用pct_chg÷100,千元,TuSharePro.daily,https://tushare.pro/document/1?doc_id=27,Fri Sep 04 2026 20:02:33 GMT+0800 (China Standard Time),公开行情历史快照
600519.SH,贵州茅台,2024-12-05,1511.0,-0.5921,2441318.387,有行情,日线,Asia/Shanghai,2025-12-30T15:00:00+08:00,close为不复权；风险收益使用pct_chg÷100,千元,TuSharePro.daily,https://tushare.pro/document/1?doc_id=27,Fri Sep 04 2026 20:02:33 GMT+0800 (China Standard Time),公开行情历史快照
601318.SH,中国平安,2024-12-05,53.68,-0.4636,1589274.038,有行情,日线,Asia/Shanghai,2025-12-30T15:00:00+08:00,close为不复权；风险收益使用pct_chg÷100,千元,TuSharePro.daily,https://tushare.pro/document/1?doc_id=27,Fri Sep 04 2026 20:02:33 GMT+0800 (China Standard Time),公开行情历史快照
000333.SZ,美的集团,2024-12-06,72.85,1.5756,3318584.662,有行情,日线,Asia/Shanghai,2025-12-30T15:00:00+08:00,close为不复权；风险收益使用pct_chg÷100,千元,TuSharePro.daily,https://tushare.pro/document/1?doc_id=27,Fri Sep 04 2026 20:02:33 GMT+0800 (China Standard Time),公开行情历史快照
000858.SZ,五粮液,2024-12-06,146.44,0.9722,2745488.834,有行情,日线,Asia/Shanghai,2025-12-30T15:00:00+08:00,close为不复权；风险收益使用pct_chg÷100,千元,TuSharePro.daily,https://tushare.pro/document/1?doc_id=27,Fri Sep 04 2026 20:02:33 GMT+0800 (China Standard Time),公开行情历史快照
002594.SZ,比亚迪,2024-12-06,280.28,1.8237,3469413.045,有行情,日线,Asia/Shanghai,2025-12-30T15:00:00+08:00,close为不复权；风险收益使用pct_chg÷100,千元,TuSharePro.daily,https://tushare.pro/document/1?doc_id=27,Fri Sep 04 2026 20:02:33 GMT+0800 (China Standard Time),公开行情历史快照
300750.SZ,宁德时代,2024-12-06,266.55,4.1211,8719647.874,有行情,日线,Asia/Shanghai,2025-12-30T15:00:00+08:00,close为不复权；风险收益使用pct_chg÷100,千元,TuSharePro.daily,https://tushare.pro/document/1?doc_id=27,Fri Sep 04 2026 20:02:33 GMT+0800 (China Standard Time),公开行情历史快照
600519.SH,贵州茅台,2024-12-06,1521.01,0.6625,4883148.6,有行情,日线,Asia/Shanghai,2025-12-30T15:00:00+08:00,close为不复权；风险收益使用pct_chg÷100,千元,TuSharePro.daily,https://tushare.pro/document/1?doc_id=27,Fri Sep 04 2026 20:02:33 GMT+0800 (China Standard Time),公开行情历史快照
601318.SH,中国平安,2024-12-06,55.12,2.6826,4338822.602,有行情,日线,Asia/Shanghai,2025-12-30T15:00:00+08:00,close为不复权；风险收益使用pct_chg÷100,千元,TuSharePro.daily,https://tushare.pro/document/1?doc_id=27,Fri Sep 04 2026 20:02:33 GMT+0800 (China Standard Time),公开行情历史快照
000333.SZ,美的集团,2024-12-09,73.13,0.3844,3017126.124,有行情,日线,Asia/Shanghai,2025-12-30T15:00:00+08:00,close为不复权；风险收益使用pct_chg÷100,千元,TuSharePro.daily,https://tushare.pro/document/1?doc_id=27,Fri Sep 04 2026 20:02:33 GMT+0800 (China Standard Time),公开行情历史快照
000858.SZ,五粮液,2024-12-09,145.76,-0.4644,2124782.351,有行情,日线,Asia/Shanghai,2025-12-30T15:00:00+08:00,close为不复权；风险收益使用pct_chg÷100,千元,TuSharePro.daily,https://tushare.pro/document/1?doc_id=27,Fri Sep 04 2026 20:02:33 GMT+0800 (China Standard Time),公开行情历史快照
002594.SZ,比亚迪,2024-12-09,280.49,0.0749,2590143.544,有行情,日线,Asia/Shanghai,2025-12-30T15:00:00+08:00,close为不复权；风险收益使用pct_chg÷100,千元,TuSharePro.daily,https://tushare.pro/document/1?doc_id=27,Fri Sep 04 2026 20:02:33 GMT+0800 (China Standard Time),公开行情历史快照
300750.SZ,宁德时代,2024-12-09,268.05,0.5627,6005103.479,有行情,日线,Asia/Shanghai,2025-12-30T15:00:00+08:00,close为不复权；风险收益使用pct_chg÷100,千元,TuSharePro.daily,https://tushare.pro/document/1?doc_id=27,Fri Sep 04 2026 20:02:33 GMT+0800 (China Standard Time),公开行情历史快照
600519.SH,贵州茅台,2024-12-09,1518.8,-0.1453,3008173.586,有行情,日线,Asia/Shanghai,2025-12-30T15:00:00+08:00,close为不复权；风险收益使用pct_chg÷100,千元,TuSharePro.daily,https://tushare.pro/document/1?doc_id=27,Fri Sep 04 2026 20:02:33 GMT+0800 (China Standard Time),公开行情历史快照
601318.SH,中国平安,2024-12-09,54.83,-0.5261,2801288.362,有行情,日线,Asia/Shanghai,2025-12-30T15:00:00+08:00,close为不复权；风险收益使用pct_chg÷100,千元,TuSharePro.daily,https://tushare.pro/document/1?doc_id=27,Fri Sep 04 2026 20:02:33 GMT+0800 (China Standard Time),公开行情历史快照
000333.SZ,美的集团,2024-12-10,73.84,0.9709,4164810.151,有行情,日线,Asia/Shanghai,2025-12-30T15:00:00+08:00,close为不复权；风险收益使用pct_chg÷100,千元,TuSharePro.daily,https://tushare.pro/document/1?doc_id=27,Fri Sep 04 2026 20:02:33 GMT+0800 (China Standard Time),公开行情历史快照
000858.SZ,五粮液,2024-12-10,149.1,2.2914,7021977.46,有行情,日线,Asia/Shanghai,2025-12-30T15:00:00+08:00,close为不复权；风险收益使用pct_chg÷100,千元,TuSharePro.daily,https://tushare.pro/document/1?doc_id=27,Fri Sep 04 2026 20:02:33 GMT+0800 (China Standard Time),公开行情历史快照
002594.SZ,比亚迪,2024-12-10,282.55,0.7344,5057037.511,有行情,日线,Asia/Shanghai,2025-12-30T15:00:00+08:00,close为不复权；风险收益使用pct_chg÷100,千元,TuSharePro.daily,https://tushare.pro/document/1?doc_id=27,Fri Sep 04 2026 20:02:33 GMT+0800 (China Standard Time),公开行情历史快照
300750.SZ,宁德时代,2024-12-10,270.57,0.9401,9035442.04,有行情,日线,Asia/Shanghai,2025-12-30T15:00:00+08:00,close为不复权；风险收益使用pct_chg÷100,千元,TuSharePro.daily,https://tushare.pro/document/1?doc_id=27,Fri Sep 04 2026 20:02:33 GMT+0800 (China Standard Time),公开行情历史快照
600519.SH,贵州茅台,2024-12-10,1546.59,1.8297,9421340.719,有行情,日线,Asia/Shanghai,2025-12-30T15:00:00+08:00,close为不复权；风险收益使用pct_chg÷100,千元,TuSharePro.daily,https://tushare.pro/document/1?doc_id=27,Fri Sep 04 2026 20:02:33 GMT+0800 (China Standard Time),公开行情历史快照
601318.SH,中国平安,2024-12-10,55.62,1.4408,5649587.635,有行情,日线,Asia/Shanghai,2025-12-30T15:00:00+08:00,close为不复权；风险收益使用pct_chg÷100,千元,TuSharePro.daily,https://tushare.pro/document/1?doc_id=27,Fri Sep 04 2026 20:02:33 GMT+0800 (China Standard Time),公开行情历史快照
000333.SZ,美的集团,2024-12-11,75.1,1.7064,2512587.263,有行情,日线,Asia/Shanghai,2025-12-30T15:00:00+08:00,close为不复权；风险收益使用pct_chg÷100,千元,TuSharePro.daily,https://tushare.pro/document/1?doc_id=27,Fri Sep 04 2026 20:02:33 GMT+0800 (China Standard Time),公开行情历史快照
000858.SZ,五粮液,2024-12-11,149.4,0.2012,2993662.413,有行情,日线,Asia/Shanghai,2025-12-30T15:00:00+08:00,close为不复权；风险收益使用pct_chg÷100,千元,TuSharePro.daily,https://tushare.pro/document/1?doc_id=27,Fri Sep 04 2026 20:02:33 GMT+0800 (China Standard Time),公开行情历史快照
002594.SZ,比亚迪,2024-12-11,280.77,-0.63,2623997.226,有行情,日线,Asia/Shanghai,2025-12-30T15:00:00+08:00,close为不复权；风险收益使用pct_chg÷100,千元,TuSharePro.daily,https://tushare.pro/document/1?doc_id=27,Fri Sep 04 2026 20:02:33 GMT+0800 (China Standard Time),公开行情历史快照
300750.SZ,宁德时代,2024-12-11,267.1,-1.2825,5262014.872,有行情,日线,Asia/Shanghai,2025-12-30T15:00:00+08:00,close为不复权；风险收益使用pct_chg÷100,千元,TuSharePro.daily,https://tushare.pro/document/1?doc_id=27,Fri Sep 04 2026 20:02:33 GMT+0800 (China Standard Time),公开行情历史快照
600519.SH,贵州茅台,2024-12-11,1535.6,-0.7106,4569662.604,有行情,日线,Asia/Shanghai,2025-12-30T15:00:00+08:00,close为不复权；风险收益使用pct_chg÷100,千元,TuSharePro.daily,https://tushare.pro/document/1?doc_id=27,Fri Sep 04 2026 20:02:33 GMT+0800 (China Standard Time),公开行情历史快照
601318.SH,中国平安,2024-12-11,54.9,-1.2945,2790301.41,有行情,日线,Asia/Shanghai,2025-12-30T15:00:00+08:00,close为不复权；风险收益使用pct_chg÷100,千元,TuSharePro.daily,https://tushare.pro/document/1?doc_id=27,Fri Sep 04 2026 20:02:33 GMT+0800 (China Standard Time),公开行情历史快照
000333.SZ,美的集团,2024-12-12,75.56,0.6125,2153602.254,有行情,日线,Asia/Shanghai,2025-12-30T15:00:00+08:00,close为不复权；风险收益使用pct_chg÷100,千元,TuSharePro.daily,https://tushare.pro/document/1?doc_id=27,Fri Sep 04 2026 20:02:33 GMT+0800 (China Standard Time),公开行情历史快照
000858.SZ,五粮液,2024-12-12,151.82,1.6198,3819524.049,有行情,日线,Asia/Shanghai,2025-12-30T15:00:00+08:00,close为不复权；风险收益使用pct_chg÷100,千元,TuSharePro.daily,https://tushare.pro/document/1?doc_id=27,Fri Sep 04 2026 20:02:33 GMT+0800 (China Standard Time),公开行情历史快照
002594.SZ,比亚迪,2024-12-12,283.68,1.0364,2816818.035,有行情,日线,Asia/Shanghai,2025-12-30T15:00:00+08:00,close为不复权；风险收益使用pct_chg÷100,千元,TuSharePro.daily,https://tushare.pro/document/1?doc_id=27,Fri Sep 04 2026 20:02:33 GMT+0800 (China Standard Time),公开行情历史快照
300750.SZ,宁德时代,2024-12-12,273.71,2.4747,6055502.392,有行情,日线,Asia/Shanghai,2025-12-30T15:00:00+08:00,close为不复权；风险收益使用pct_chg÷100,千元,TuSharePro.daily,https://tushare.pro/document/1?doc_id=27,Fri Sep 04 2026 20:02:33 GMT+0800 (China Standard Time),公开行情历史快照
600519.SH,贵州茅台,2024-12-12,1565.8,1.9667,6510547.81,有行情,日线,Asia/Shanghai,2025-12-30T15:00:00+08:00,close为不复权；风险收益使用pct_chg÷100,千元,TuSharePro.daily,https://tushare.pro/document/1?doc_id=27,Fri Sep 04 2026 20:02:33 GMT+0800 (China Standard Time),公开行情历史快照
601318.SH,中国平安,2024-12-12,55.58,1.2386,2909611.957,有行情,日线,Asia/Shanghai,2025-12-30T15:00:00+08:00,close为不复权；风险收益使用pct_chg÷100,千元,TuSharePro.daily,https://tushare.pro/document/1?doc_id=27,Fri Sep 04 2026 20:02:33 GMT+0800 (China Standard Time),公开行情历史快照
000333.SZ,美的集团,2024-12-13,74.0,-2.0646,2744782.532,有行情,日线,Asia/Shanghai,2025-12-30T15:00:00+08:00,close为不复权；风险收益使用pct_chg÷100,千元,TuSharePro.daily,https://tushare.pro/document/1?doc_id=27,Fri Sep 04 2026 20:02:33 GMT+0800 (China Standard Time),公开行情历史快照
000858.SZ,五粮液,2024-12-13,148.04,-2.4898,4230330.396,有行情,日线,Asia/Shanghai,2025-12-30T15:00:00+08:00,close为不复权；风险收益使用pct_chg÷100,千元,TuSharePro.daily,https://tushare.pro/document/1?doc_id=27,Fri Sep 04 2026 20:02:33 GMT+0800 (China Standard Time),公开行情历史快照
002594.SZ,比亚迪,2024-12-13,276.51,-2.5275,3130392.699,有行情,日线,Asia/Shanghai,2025-12-30T15:00:00+08:00,close为不复权；风险收益使用pct_chg÷100,千元,TuSharePro.daily,https://tushare.pro/document/1?doc_id=27,Fri Sep 04 2026 20:02:33 GMT+0800 (China Standard Time),公开行情历史快照
300750.SZ,宁德时代,2024-12-13,267.03,-2.4405,7596460.115,有行情,日线,Asia/Shanghai,2025-12-30T15:00:00+08:00,close为不复权；风险收益使用pct_chg÷100,千元,TuSharePro.daily,https://tushare.pro/document/1?doc_id=27,Fri Sep 04 2026 20:02:33 GMT+0800 (China Standard Time),公开行情历史快照
600519.SH,贵州茅台,2024-12-13,1519.0,-2.9889,7580908.315,有行情,日线,Asia/Shanghai,2025-12-30T15:00:00+08:00,close为不复权；风险收益使用pct_chg÷100,千元,TuSharePro.daily,https://tushare.pro/document/1?doc_id=27,Fri Sep 04 2026 20:02:33 GMT+0800 (China Standard Time),公开行情历史快照
601318.SH,中国平安,2024-12-13,53.74,-3.3105,4798656.729,有行情,日线,Asia/Shanghai,2025-12-30T15:00:00+08:00,close为不复权；风险收益使用pct_chg÷100,千元,TuSharePro.daily,https://tushare.pro/document/1?doc_id=27,Fri Sep 04 2026 20:02:33 GMT+0800 (China Standard Time),公开行情历史快照
000333.SZ,美的集团,2024-12-16,73.22,-1.0541,2054964.896,有行情,日线,Asia/Shanghai,2025-12-30T15:00:00+08:00,close为不复权；风险收益使用pct_chg÷100,千元,TuSharePro.daily,https://tushare.pro/document/1?doc_id=27,Fri Sep 04 2026 20:02:33 GMT+0800 (China Standard Time),公开行情历史快照
000858.SZ,五粮液,2024-12-16,144.59,-2.3305,3846200.008,有行情,日线,Asia/Shanghai,2025-12-30T15:00:00+08:00,close为不复权；风险收益使用pct_chg÷100,千元,TuSharePro.daily,https://tushare.pro/document/1?doc_id=27,Fri Sep 04 2026 20:02:33 GMT+0800 (China Standard Time),公开行情历史快照
002594.SZ,比亚迪,2024-12-16,274.95,-0.5642,1967314.539,有行情,日线,Asia/Shanghai,2025-12-30T15:00:00+08:00,close为不复权；风险收益使用pct_chg÷100,千元,TuSharePro.daily,https://tushare.pro/document/1?doc_id=27,Fri Sep 04 2026 20:02:33 GMT+0800 (China Standard Time),公开行情历史快照
300750.SZ,宁德时代,2024-12-16,267.2,0.0637,4333963.457,有行情,日线,Asia/Shanghai,2025-12-30T15:00:00+08:00,close为不复权；风险收益使用pct_chg÷100,千元,TuSharePro.daily,https://tushare.pro/document/1?doc_id=27,Fri Sep 04 2026 20:02:33 GMT+0800 (China Standard Time),公开行情历史快照
600519.SH,贵州茅台,2024-12-16,1527.2,0.5398,4945298.799,有行情,日线,Asia/Shanghai,2025-12-30T15:00:00+08:00,close为不复权；风险收益使用pct_chg÷100,千元,TuSharePro.daily,https://tushare.pro/document/1?doc_id=27,Fri Sep 04 2026 20:02:33 GMT+0800 (China Standard Time),公开行情历史快照
601318.SH,中国平安,2024-12-16,53.12,-1.1537,3512263.334,有行情,日线,Asia/Shanghai,2025-12-30T15:00:00+08:00,close为不复权；风险收益使用pct_chg÷100,千元,TuSharePro.daily,https://tushare.pro/document/1?doc_id=27,Fri Sep 04 2026 20:02:33 GMT+0800 (China Standard Time),公开行情历史快照
000333.SZ,美的集团,2024-12-17,73.67,0.6146,2058385.955,有行情,日线,Asia/Shanghai,2025-12-30T15:00:00+08:00,close为不复权；风险收益使用pct_chg÷100,千元,TuSharePro.daily,https://tushare.pro/document/1?doc_id=27,Fri Sep 04 2026 20:02:33 GMT+0800 (China Standard Time),公开行情历史快照
000858.SZ,五粮液,2024-12-17,144.89,0.2075,2318651.654,有行情,日线,Asia/Shanghai,2025-12-30T15:00:00+08:00,close为不复权；风险收益使用pct_chg÷100,千元,TuSharePro.daily,https://tushare.pro/document/1?doc_id=27,Fri Sep 04 2026 20:02:33 GMT+0800 (China Standard Time),公开行情历史快照
002594.SZ,比亚迪,2024-12-17,282.8,2.8551,4960329.886,有行情,日线,Asia/Shanghai,2025-12-30T15:00:00+08:00,close为不复权；风险收益使用pct_chg÷100,千元,TuSharePro.daily,https://tushare.pro/document/1?doc_id=27,Fri Sep 04 2026 20:02:33 GMT+0800 (China Standard Time),公开行情历史快照
300750.SZ,宁德时代,2024-12-17,273.8,2.4701,7746201.691,有行情,日线,Asia/Shanghai,2025-12-30T15:00:00+08:00,close为不复权；风险收益使用pct_chg÷100,千元,TuSharePro.daily,https://tushare.pro/document/1?doc_id=27,Fri Sep 04 2026 20:02:33 GMT+0800 (China Standard Time),公开行情历史快照
600519.SH,贵州茅台,2024-12-17,1558.0,2.0168,8398945.449,有行情,日线,Asia/Shanghai,2025-12-30T15:00:00+08:00,close为不复权；风险收益使用pct_chg÷100,千元,TuSharePro.daily,https://tushare.pro/document/1?doc_id=27,Fri Sep 04 2026 20:02:33 GMT+0800 (China Standard Time),公开行情历史快照
601318.SH,中国平安,2024-12-17,53.01,-0.2071,2853899.355,有行情,日线,Asia/Shanghai,2025-12-30T15:00:00+08:00,close为不复权；风险收益使用pct_chg÷100,千元,TuSharePro.daily,https://tushare.pro/document/1?doc_id=27,Fri Sep 04 2026 20:02:33 GMT+0800 (China Standard Time),公开行情历史快照
000333.SZ,美的集团,2024-12-18,74.1,0.5837,1675256.403,有行情,日线,Asia/Shanghai,2025-12-30T15:00:00+08:00,close为不复权；风险收益使用pct_chg÷100,千元,TuSharePro.daily,https://tushare.pro/document/1?doc_id=27,Fri Sep 04 2026 20:02:33 GMT+0800 (China Standard Time),公开行情历史快照
000858.SZ,五粮液,2024-12-18,145.2,0.214,1755251.345,有行情,日线,Asia/Shanghai,2025-12-30T15:00:00+08:00,close为不复权；风险收益使用pct_chg÷100,千元,TuSharePro.daily,https://tushare.pro/document/1?doc_id=27,Fri Sep 04 2026 20:02:33 GMT+0800 (China Standard Time),公开行情历史快照
002594.SZ,比亚迪,2024-12-18,284.65,0.6542,2397657.885,有行情,日线,Asia/Shanghai,2025-12-30T15:00:00+08:00,close为不复权；风险收益使用pct_chg÷100,千元,TuSharePro.daily,https://tushare.pro/document/1?doc_id=27,Fri Sep 04 2026 20:02:33 GMT+0800 (China Standard Time),公开行情历史快照
300750.SZ,宁德时代,2024-12-18,271.41,-0.8729,4110472.403,有行情,日线,Asia/Shanghai,2025-12-30T15:00:00+08:00,close为不复权；风险收益使用pct_chg÷100,千元,TuSharePro.daily,https://tushare.pro/document/1?doc_id=27,Fri Sep 04 2026 20:02:33 GMT+0800 (China Standard Time),公开行情历史快照
600519.SH,贵州茅台,2024-12-18,1571.5,0.8665,6440801.971,有行情,日线,Asia/Shanghai,2025-12-30T15:00:00+08:00,close为不复权；风险收益使用pct_chg÷100,千元,TuSharePro.daily,https://tushare.pro/document/1?doc_id=27,Fri Sep 04 2026 20:02:33 GMT+0800 (China Standard Time),公开行情历史快照
601318.SH,中国平安,2024-12-18,52.94,-0.1321,2683105.293,有行情,日线,Asia/Shanghai,2025-12-30T15:00:00+08:00,close为不复权；风险收益使用pct_chg÷100,千元,TuSharePro.daily,https://tushare.pro/document/1?doc_id=27,Fri Sep 04 2026 20:02:33 GMT+0800 (China Standard Time),公开行情历史快照
000333.SZ,美的集团,2024-12-19,74.44,0.4588,1893593.092,有行情,日线,Asia/Shanghai,2025-12-30T15:00:00+08:00,close为不复权；风险收益使用pct_chg÷100,千元,TuSharePro.daily,https://tushare.pro/document/1?doc_id=27,Fri Sep 04 2026 20:02:33 GMT+0800 (China Standard Time),公开行情历史快照
000858.SZ,五粮液,2024-12-19,143.55,-1.1364,2184469.848,有行情,日线,Asia/Shanghai,2025-12-30T15:00:00+08:00,close为不复权；风险收益使用pct_chg÷100,千元,TuSharePro.daily,https://tushare.pro/document/1?doc_id=27,Fri Sep 04 2026 20:02:33 GMT+0800 (China Standard Time),公开行情历史快照
002594.SZ,比亚迪,2024-12-19,285.4,0.2635,2465377.214,有行情,日线,Asia/Shanghai,2025-12-30T15:00:00+08:00,close为不复权；风险收益使用pct_chg÷100,千元,TuSharePro.daily,https://tushare.pro/document/1?doc_id=27,Fri Sep 04 2026 20:02:33 GMT+0800 (China Standard Time),公开行情历史快照
300750.SZ,宁德时代,2024-12-19,269.79,-0.5969,4137668.599,有行情,日线,Asia/Shanghai,2025-12-30T15:00:00+08:00,close为不复权；风险收益使用pct_chg÷100,千元,TuSharePro.daily,https://tushare.pro/document/1?doc_id=27,Fri Sep 04 2026 20:02:33 GMT+0800 (China Standard Time),公开行情历史快照
600519.SH,贵州茅台,2024-12-19,1551.01,-1.3038,3862602.665,有行情,日线,Asia/Shanghai,2025-12-30T15:00:00+08:00,close为不复权；风险收益使用pct_chg÷100,千元,TuSharePro.daily,https://tushare.pro/document/1?doc_id=27,Fri Sep 04 2026 20:02:33 GMT+0800 (China Standard Time),公开行情历史快照
601318.SH,中国平安,2024-12-19,52.89,-0.0944,2136614.147,有行情,日线,Asia/Shanghai,2025-12-30T15:00:00+08:00,close为不复权；风险收益使用pct_chg÷100,千元,TuSharePro.daily,https://tushare.pro/document/1?doc_id=27,Fri Sep 04 2026 20:02:33 GMT+0800 (China Standard Time),公开行情历史快照
000333.SZ,美的集团,2024-12-20,74.0,-0.5911,1552494.957,有行情,日线,Asia/Shanghai,2025-12-30T15:00:00+08:00,close为不复权；风险收益使用pct_chg÷100,千元,TuSharePro.daily,https://tushare.pro/document/1?doc_id=27,Fri Sep 04 2026 20:02:33 GMT+0800 (China Standard Time),公开行情历史快照
000858.SZ,五粮液,2024-12-20,143.21,-0.2369,2479372.352,有行情,日线,Asia/Shanghai,2025-12-30T15:00:00+08:00,close为不复权；风险收益使用pct_chg÷100,千元,TuSharePro.daily,https://tushare.pro/document/1?doc_id=27,Fri Sep 04 2026 20:02:33 GMT+0800 (China Standard Time),公开行情历史快照
002594.SZ,比亚迪,2024-12-20,280.2,-1.822,2730666.917,有行情,日线,Asia/Shanghai,2025-12-30T15:00:00+08:00,close为不复权；风险收益使用pct_chg÷100,千元,TuSharePro.daily,https://tushare.pro/document/1?doc_id=27,Fri Sep 04 2026 20:02:33 GMT+0800 (China Standard Time),公开行情历史快照
300750.SZ,宁德时代,2024-12-20,262.71,-2.6243,7313368.051,有行情,日线,Asia/Shanghai,2025-12-30T15:00:00+08:00,close为不复权；风险收益使用pct_chg÷100,千元,TuSharePro.daily,https://tushare.pro/document/1?doc_id=27,Fri Sep 04 2026 20:02:33 GMT+0800 (China Standard Time),公开行情历史快照
600519.SH,贵州茅台,2024-12-20,1522.0,-0.3359,4307425.535,有行情,日线,Asia/Shanghai,2025-12-30T15:00:00+08:00,close为不复权；风险收益使用pct_chg÷100,千元,TuSharePro.daily,https://tushare.pro/document/1?doc_id=27,Fri Sep 04 2026 20:02:33 GMT+0800 (China Standard Time),公开行情历史快照
601318.SH,中国平安,2024-12-20,52.62,-0.5105,2437090.038,有行情,日线,Asia/Shanghai,2025-12-30T15:00:00+08:00,close为不复权；风险收益使用pct_chg÷100,千元,TuSharePro.daily,https://tushare.pro/document/1?doc_id=27,Fri Sep 04 2026 20:02:33 GMT+0800 (China Standard Time),公开行情历史快照
000333.SZ,美的集团,2024-12-23,74.61,0.8243,1689849.27,有行情,日线,Asia/Shanghai,2025-12-30T15:00:00+08:00,close为不复权；风险收益使用pct_chg÷100,千元,TuSharePro.daily,https://tushare.pro/document/1?doc_id=27,Fri Sep 04 2026 20:02:33 GMT+0800 (China Standard Time),公开行情历史快照
000858.SZ,五粮液,2024-12-23,142.45,-0.5307,2039345.026,有行情,日线,Asia/Shanghai,2025-12-30T15:00:00+08:00,close为不复权；风险收益使用pct_chg÷100,千元,TuSharePro.daily,https://tushare.pro/document/1?doc_id=27,Fri Sep 04 2026 20:02:33 GMT+0800 (China Standard Time),公开行情历史快照
002594.SZ,比亚迪,2024-12-23,280.7,0.1784,2291275.853,有行情,日线,Asia/Shanghai,2025-12-30T15:00:00+08:00,close为不复权；风险收益使用pct_chg÷100,千元,TuSharePro.daily,https://tushare.pro/document/1?doc_id=27,Fri Sep 04 2026 20:02:33 GMT+0800 (China Standard Time),公开行情历史快照
300750.SZ,宁德时代,2024-12-23,263.5,0.3007,5482614.221,有行情,日线,Asia/Shanghai,2025-12-30T15:00:00+08:00,close为不复权；风险收益使用pct_chg÷100,千元,TuSharePro.daily,https://tushare.pro/document/1?doc_id=27,Fri Sep 04 2026 20:02:33 GMT+0800 (China Standard Time),公开行情历史快照
600519.SH,贵州茅台,2024-12-23,1526.45,0.2924,3300971.424,有行情,日线,Asia/Shanghai,2025-12-30T15:00:00+08:00,close为不复权；风险收益使用pct_chg÷100,千元,TuSharePro.daily,https://tushare.pro/document/1?doc_id=27,Fri Sep 04 2026 20:02:33 GMT+0800 (China Standard Time),公开行情历史快照
601318.SH,中国平安,2024-12-23,53.1,0.9122,2954746.191,有行情,日线,Asia/Shanghai,2025-12-30T15:00:00+08:00,close为不复权；风险收益使用pct_chg÷100,千元,TuSharePro.daily,https://tushare.pro/document/1?doc_id=27,Fri Sep 04 2026 20:02:33 GMT+0800 (China Standard Time),公开行情历史快照
000333.SZ,美的集团,2024-12-24,76.25,2.1981,2606513.926,有行情,日线,Asia/Shanghai,2025-12-30T15:00:00+08:00,close为不复权；风险收益使用pct_chg÷100,千元,TuSharePro.daily,https://tushare.pro/document/1?doc_id=27,Fri Sep 04 2026 20:02:33 GMT+0800 (China Standard Time),公开行情历史快照
000858.SZ,五粮液,2024-12-24,143.48,0.7231,2045707.408,有行情,日线,Asia/Shanghai,2025-12-30T15:00:00+08:00,close为不复权；风险收益使用pct_chg÷100,千元,TuSharePro.daily,https://tushare.pro/document/1?doc_id=27,Fri Sep 04 2026 20:02:33 GMT+0800 (China Standard Time),公开行情历史快照
002594.SZ,比亚迪,2024-12-24,288.42,2.7503,4072070.488,有行情,日线,Asia/Shanghai,2025-12-30T15:00:00+08:00,close为不复权；风险收益使用pct_chg÷100,千元,TuSharePro.daily,https://tushare.pro/document/1?doc_id=27,Fri Sep 04 2026 20:02:33 GMT+0800 (China Standard Time),公开行情历史快照
300750.SZ,宁德时代,2024-12-24,268.23,1.7951,5229920.632,有行情,日线,Asia/Shanghai,2025-12-30T15:00:00+08:00,close为不复权；风险收益使用pct_chg÷100,千元,TuSharePro.daily,https://tushare.pro/document/1?doc_id=27,Fri Sep 04 2026 20:02:33 GMT+0800 (China Standard Time),公开行情历史快照
600519.SH,贵州茅台,2024-12-24,1538.82,0.8104,3394160.299,有行情,日线,Asia/Shanghai,2025-12-30T15:00:00+08:00,close为不复权；风险收益使用pct_chg÷100,千元,TuSharePro.daily,https://tushare.pro/document/1?doc_id=27,Fri Sep 04 2026 20:02:33 GMT+0800 (China Standard Time),公开行情历史快照
601318.SH,中国平安,2024-12-24,53.78,1.2806,2654767.33,有行情,日线,Asia/Shanghai,2025-12-30T15:00:00+08:00,close为不复权；风险收益使用pct_chg÷100,千元,TuSharePro.daily,https://tushare.pro/document/1?doc_id=27,Fri Sep 04 2026 20:02:33 GMT+0800 (China Standard Time),公开行情历史快照
000333.SZ,美的集团,2024-12-25,75.54,-0.9311,1719267.176,有行情,日线,Asia/Shanghai,2025-12-30T15:00:00+08:00,close为不复权；风险收益使用pct_chg÷100,千元,TuSharePro.daily,https://tushare.pro/document/1?doc_id=27,Fri Sep 04 2026 20:02:33 GMT+0800 (China Standard Time),公开行情历史快照
000858.SZ,五粮液,2024-12-25,143.08,-0.2788,1376290.843,有行情,日线,Asia/Shanghai,2025-12-30T15:00:00+08:00,close为不复权；风险收益使用pct_chg÷100,千元,TuSharePro.daily,https://tushare.pro/document/1?doc_id=27,Fri Sep 04 2026 20:02:33 GMT+0800 (China Standard Time),公开行情历史快照
002594.SZ,比亚迪,2024-12-25,285.92,-0.8668,2405517.152,有行情,日线,Asia/Shanghai,2025-12-30T15:00:00+08:00,close为不复权；风险收益使用pct_chg÷100,千元,TuSharePro.daily,https://tushare.pro/document/1?doc_id=27,Fri Sep 04 2026 20:02:33 GMT+0800 (China Standard Time),公开行情历史快照
300750.SZ,宁德时代,2024-12-25,267.97,-0.0969,3058526.68,有行情,日线,Asia/Shanghai,2025-12-30T15:00:00+08:00,close为不复权；风险收益使用pct_chg÷100,千元,TuSharePro.daily,https://tushare.pro/document/1?doc_id=27,Fri Sep 04 2026 20:02:33 GMT+0800 (China Standard Time),公开行情历史快照
600519.SH,贵州茅台,2024-12-25,1530.0,-0.5732,2621061.878,有行情,日线,Asia/Shanghai,2025-12-30T15:00:00+08:00,close为不复权；风险收益使用pct_chg÷100,千元,TuSharePro.daily,https://tushare.pro/document/1?doc_id=27,Fri Sep 04 2026 20:02:33 GMT+0800 (China Standard Time),公开行情历史快照
601318.SH,中国平安,2024-12-25,53.9,0.2231,2249897.99,有行情,日线,Asia/Shanghai,2025-12-30T15:00:00+08:00,close为不复权；风险收益使用pct_chg÷100,千元,TuSharePro.daily,https://tushare.pro/document/1?doc_id=27,Fri Sep 04 2026 20:02:33 GMT+0800 (China Standard Time),公开行情历史快照
000333.SZ,美的集团,2024-12-26,75.98,0.5825,1829497.5,有行情,日线,Asia/Shanghai,2025-12-30T15:00:00+08:00,close为不复权；风险收益使用pct_chg÷100,千元,TuSharePro.daily,https://tushare.pro/document/1?doc_id=27,Fri Sep 04 2026 20:02:33 GMT+0800 (China Standard Time),公开行情历史快照
000858.SZ,五粮液,2024-12-26,142.49,-0.4124,1493951.272,有行情,日线,Asia/Shanghai,2025-12-30T15:00:00+08:00,close为不复权；风险收益使用pct_chg÷100,千元,TuSharePro.daily,https://tushare.pro/document/1?doc_id=27,Fri Sep 04 2026 20:02:33 GMT+0800 (China Standard Time),公开行情历史快照
002594.SZ,比亚迪,2024-12-26,284.86,-0.3707,1928774.414,有行情,日线,Asia/Shanghai,2025-12-30T15:00:00+08:00,close为不复权；风险收益使用pct_chg÷100,千元,TuSharePro.daily,https://tushare.pro/document/1?doc_id=27,Fri Sep 04 2026 20:02:33 GMT+0800 (China Standard Time),公开行情历史快照
300750.SZ,宁德时代,2024-12-26,261.25,-2.5077,5898437.344,有行情,日线,Asia/Shanghai,2025-12-30T15:00:00+08:00,close为不复权；风险收益使用pct_chg÷100,千元,TuSharePro.daily,https://tushare.pro/document/1?doc_id=27,Fri Sep 04 2026 20:02:33 GMT+0800 (China Standard Time),公开行情历史快照
600519.SH,贵州茅台,2024-12-26,1527.79,-0.1444,2798840.003,有行情,日线,Asia/Shanghai,2025-12-30T15:00:00+08:00,close为不复权；风险收益使用pct_chg÷100,千元,TuSharePro.daily,https://tushare.pro/document/1?doc_id=27,Fri Sep 04 2026 20:02:33 GMT+0800 (China Standard Time),公开行情历史快照
601318.SH,中国平安,2024-12-26,53.45,-0.8349,2031175.519,有行情,日线,Asia/Shanghai,2025-12-30T15:00:00+08:00,close为不复权；风险收益使用pct_chg÷100,千元,TuSharePro.daily,https://tushare.pro/document/1?doc_id=27,Fri Sep 04 2026 20:02:33 GMT+0800 (China Standard Time),公开行情历史快照
000333.SZ,美的集团,2024-12-27,75.42,-0.737,1493951.286,有行情,日线,Asia/Shanghai,2025-12-30T15:00:00+08:00,close为不复权；风险收益使用pct_chg÷100,千元,TuSharePro.daily,https://tushare.pro/document/1?doc_id=27,Fri Sep 04 2026 20:02:33 GMT+0800 (China Standard Time),公开行情历史快照
000858.SZ,五粮液,2024-12-27,142.52,0.0211,1912027.993,有行情,日线,Asia/Shanghai,2025-12-30T15:00:00+08:00,close为不复权；风险收益使用pct_chg÷100,千元,TuSharePro.daily,https://tushare.pro/document/1?doc_id=27,Fri Sep 04 2026 20:02:33 GMT+0800 (China Standard Time),公开行情历史快照
002594.SZ,比亚迪,2024-12-27,286.28,0.4985,2249658.028,有行情,日线,Asia/Shanghai,2025-12-30T15:00:00+08:00,close为不复权；风险收益使用pct_chg÷100,千元,TuSharePro.daily,https://tushare.pro/document/1?doc_id=27,Fri Sep 04 2026 20:02:33 GMT+0800 (China Standard Time),公开行情历史快照
300750.SZ,宁德时代,2024-12-27,262.0,0.2871,6338085.457,有行情,日线,Asia/Shanghai,2025-12-30T15:00:00+08:00,close为不复权；风险收益使用pct_chg÷100,千元,TuSharePro.daily,https://tushare.pro/document/1?doc_id=27,Fri Sep 04 2026 20:02:33 GMT+0800 (China Standard Time),公开行情历史快照
600519.SH,贵州茅台,2024-12-27,1528.97,0.0772,3170191.445,有行情,日线,Asia/Shanghai,2025-12-30T15:00:00+08:00,close为不复权；风险收益使用pct_chg÷100,千元,TuSharePro.daily,https://tushare.pro/document/1?doc_id=27,Fri Sep 04 2026 20:02:33 GMT+0800 (China Standard Time),公开行情历史快照
601318.SH,中国平安,2024-12-27,53.27,-0.3368,2862446.917,有行情,日线,Asia/Shanghai,2025-12-30T15:00:00+08:00,close为不复权；风险收益使用pct_chg÷100,千元,TuSharePro.daily,https://tushare.pro/document/1?doc_id=27,Fri Sep 04 2026 20:02:33 GMT+0800 (China Standard Time),公开行情历史快照
000333.SZ,美的集团,2024-12-30,75.32,-0.1326,1676164.969,有行情,日线,Asia/Shanghai,2025-12-30T15:00:00+08:00,close为不复权；风险收益使用pct_chg÷100,千元,TuSharePro.daily,https://tushare.pro/document/1?doc_id=27,Fri Sep 04 2026 20:02:33 GMT+0800 (China Standard Time),公开行情历史快照
000858.SZ,五粮液,2024-12-30,141.21,-0.9192,2320655.237,有行情,日线,Asia/Shanghai,2025-12-30T15:00:00+08:00,close为不复权；风险收益使用pct_chg÷100,千元,TuSharePro.daily,https://tushare.pro/document/1?doc_id=27,Fri Sep 04 2026 20:02:33 GMT+0800 (China Standard Time),公开行情历史快照
002594.SZ,比亚迪,2024-12-30,284.99,-0.4506,2371257.354,有行情,日线,Asia/Shanghai,2025-12-30T15:00:00+08:00,close为不复权；风险收益使用pct_chg÷100,千元,TuSharePro.daily,https://tushare.pro/document/1?doc_id=27,Fri Sep 04 2026 20:02:33 GMT+0800 (China Standard Time),公开行情历史快照
300750.SZ,宁德时代,2024-12-30,266.58,1.7481,6013633.017,有行情,日线,Asia/Shanghai,2025-12-30T15:00:00+08:00,close为不复权；风险收益使用pct_chg÷100,千元,TuSharePro.daily,https://tushare.pro/document/1?doc_id=27,Fri Sep 04 2026 20:02:33 GMT+0800 (China Standard Time),公开行情历史快照
600519.SH,贵州茅台,2024-12-30,1525.0,-0.2597,3849542.646,有行情,日线,Asia/Shanghai,2025-12-30T15:00:00+08:00,close为不复权；风险收益使用pct_chg÷100,千元,TuSharePro.daily,https://tushare.pro/document/1?doc_id=27,Fri Sep 04 2026 20:02:33 GMT+0800 (China Standard Time),公开行情历史快照
601318.SH,中国平安,2024-12-30,53.9,1.1827,2865180.504,有行情,日线,Asia/Shanghai,2025-12-30T15:00:00+08:00,close为不复权；风险收益使用pct_chg÷100,千元,TuSharePro.daily,https://tushare.pro/document/1?doc_id=27,Fri Sep 04 2026 20:02:33 GMT+0800 (China Standard Time),公开行情历史快照
000333.SZ,美的集团,2024-12-31,75.22,-0.1328,2324365.541,有行情,日线,Asia/Shanghai,2025-12-30T15:00:00+08:00,close为不复权；风险收益使用pct_chg÷100,千元,TuSharePro.daily,https://tushare.pro/document/1?doc_id=27,Fri Sep 04 2026 20:02:33 GMT+0800 (China Standard Time),公开行情历史快照
000858.SZ,五粮液,2024-12-31,140.04,-0.8286,3472955.734,有行情,日线,Asia/Shanghai,2025-12-30T15:00:00+08:00,close为不复权；风险收益使用pct_chg÷100,千元,TuSharePro.daily,https://tushare.pro/document/1?doc_id=27,Fri Sep 04 2026 20:02:33 GMT+0800 (China Standard Time),公开行情历史快照
002594.SZ,比亚迪,2024-12-31,282.66,-0.8176,2201903.44,有行情,日线,Asia/Shanghai,2025-12-30T15:00:00+08:00,close为不复权；风险收益使用pct_chg÷100,千元,TuSharePro.daily,https://tushare.pro/document/1?doc_id=27,Fri Sep 04 2026 20:02:33 GMT+0800 (China Standard Time),公开行情历史快照
300750.SZ,宁德时代,2024-12-31,266.0,-0.2176,6694555.731,有行情,日线,Asia/Shanghai,2025-12-30T15:00:00+08:00,close为不复权；风险收益使用pct_chg÷100,千元,TuSharePro.daily,https://tushare.pro/document/1?doc_id=27,Fri Sep 04 2026 20:02:33 GMT+0800 (China Standard Time),公开行情历史快照
600519.SH,贵州茅台,2024-12-31,1524.0,-0.0656,6033540.366,有行情,日线,Asia/Shanghai,2025-12-30T15:00:00+08:00,close为不复权；风险收益使用pct_chg÷100,千元,TuSharePro.daily,https://tushare.pro/document/1?doc_id=27,Fri Sep 04 2026 20:02:33 GMT+0800 (China Standard Time),公开行情历史快照
601318.SH,中国平安,2024-12-31,52.65,-2.3191,3607846.474,有行情,日线,Asia/Shanghai,2025-12-30T15:00:00+08:00,close为不复权；风险收益使用pct_chg÷100,千元,TuSharePro.daily,https://tushare.pro/document/1?doc_id=27,Fri Sep 04 2026 20:02:33 GMT+0800 (China Standard Time),公开行情历史快照
000333.SZ,美的集团,2025-01-02,75.32,0.1329,3143071.622,有行情,日线,Asia/Shanghai,2025-12-30T15:00:00+08:00,close为不复权；风险收益使用pct_chg÷100,千元,TuSharePro.daily,https://tushare.pro/document/1?doc_id=27,Fri Sep 04 2026 20:02:33 GMT+0800 (China Standard Time),公开行情历史快照
000858.SZ,五粮液,2025-01-02,136.99,-2.1779,3517884.976,有行情,日线,Asia/Shanghai,2025-12-30T15:00:00+08:00,close为不复权；风险收益使用pct_chg÷100,千元,TuSharePro.daily,https://tushare.pro/document/1?doc_id=27,Fri Sep 04 2026 20:02:33 GMT+0800 (China Standard Time),公开行情历史快照
002594.SZ,比亚迪,2025-01-02,271.1,-4.0897,4624073.918,有行情,日线,Asia/Shanghai,2025-12-30T15:00:00+08:00,close为不复权；风险收益使用pct_chg÷100,千元,TuSharePro.daily,https://tushare.pro/document/1?doc_id=27,Fri Sep 04 2026 20:02:33 GMT+0800 (China Standard Time),公开行情历史快照
300750.SZ,宁德时代,2025-01-02,258.78,-2.7143,6090661.831,有行情,日线,Asia/Shanghai,2025-12-30T15:00:00+08:00,close为不复权；风险收益使用pct_chg÷100,千元,TuSharePro.daily,https://tushare.pro/document/1?doc_id=27,Fri Sep 04 2026 20:02:33 GMT+0800 (China Standard Time),公开行情历史快照
600519.SH,贵州茅台,2025-01-02,1488.0,-2.3622,7490883.773,有行情,日线,Asia/Shanghai,2025-12-30T15:00:00+08:00,close为不复权；风险收益使用pct_chg÷100,千元,TuSharePro.daily,https://tushare.pro/document/1?doc_id=27,Fri Sep 04 2026 20:02:33 GMT+0800 (China Standard Time),公开行情历史快照
601318.SH,中国平安,2025-01-02,50.71,-3.6847,4877807.223,有行情,日线,Asia/Shanghai,2025-12-30T15:00:00+08:00,close为不复权；风险收益使用pct_chg÷100,千元,TuSharePro.daily,https://tushare.pro/document/1?doc_id=27,Fri Sep 04 2026 20:02:33 GMT+0800 (China Standard Time),公开行情历史快照
000333.SZ,美的集团,2025-01-03,74.69,-0.8364,2225340.636,有行情,日线,Asia/Shanghai,2025-12-30T15:00:00+08:00,close为不复权；风险收益使用pct_chg÷100,千元,TuSharePro.daily,https://tushare.pro/document/1?doc_id=27,Fri Sep 04 2026 20:02:33 GMT+0800 (China Standard Time),公开行情历史快照
000858.SZ,五粮液,2025-01-03,135.4,-1.1607,2295817.772,有行情,日线,Asia/Shanghai,2025-12-30T15:00:00+08:00,close为不复权；风险收益使用pct_chg÷100,千元,TuSharePro.daily,https://tushare.pro/document/1?doc_id=27,Fri Sep 04 2026 20:02:33 GMT+0800 (China Standard Time),公开行情历史快照
002594.SZ,比亚迪,2025-01-03,270.73,-0.1365,2693072.23,有行情,日线,Asia/Shanghai,2025-12-30T15:00:00+08:00,close为不复权；风险收益使用pct_chg÷100,千元,TuSharePro.daily,https://tushare.pro/document/1?doc_id=27,Fri Sep 04 2026 20:02:33 GMT+0800 (China Standard Time),公开行情历史快照
300750.SZ,宁德时代,2025-01-03,257.63,-0.4444,4812148.522,有行情,日线,Asia/Shanghai,2025-12-30T15:00:00+08:00,close为不复权；风险收益使用pct_chg÷100,千元,TuSharePro.daily,https://tushare.pro/document/1?doc_id=27,Fri Sep 04 2026 20:02:33 GMT+0800 (China Standard Time),公开行情历史快照
600519.SH,贵州茅台,2025-01-03,1475.0,-0.8737,4836610.288,有行情,日线,Asia/Shanghai,2025-12-30T15:00:00+08:00,close为不复权；风险收益使用pct_chg÷100,千元,TuSharePro.daily,https://tushare.pro/document/1?doc_id=27,Fri Sep 04 2026 20:02:33 GMT+0800 (China Standard Time),公开行情历史快照
601318.SH,中国平安,2025-01-03,50.3,-0.8085,2788346.287,有行情,日线,Asia/Shanghai,2025-12-30T15:00:00+08:00,close为不复权；风险收益使用pct_chg÷100,千元,TuSharePro.daily,https://tushare.pro/document/1?doc_id=27,Fri Sep 04 2026 20:02:33 GMT+0800 (China Standard Time),公开行情历史快照
000333.SZ,美的集团,2025-01-06,75.38,0.9238,2308954.916,有行情,日线,Asia/Shanghai,2025-12-30T15:00:00+08:00,close为不复权；风险收益使用pct_chg÷100,千元,TuSharePro.daily,https://tushare.pro/document/1?doc_id=27,Fri Sep 04 2026 20:02:33 GMT+0800 (China Standard Time),公开行情历史快照
000858.SZ,五粮液,2025-01-06,130.83,-3.3752,3679523.52,有行情,日线,Asia/Shanghai,2025-12-30T15:00:00+08:00,close为不复权；风险收益使用pct_chg÷100,千元,TuSharePro.daily,https://tushare.pro/document/1?doc_id=27,Fri Sep 04 2026 20:02:33 GMT+0800 (China Standard Time),公开行情历史快照
002594.SZ,比亚迪,2025-01-06,271.28,0.2032,2236590.144,有行情,日线,Asia/Shanghai,2025-12-30T15:00:00+08:00,close为不复权；风险收益使用pct_chg÷100,千元,TuSharePro.daily,https://tushare.pro/document/1?doc_id=27,Fri Sep 04 2026 20:02:33 GMT+0800 (China Standard Time),公开行情历史快照
300750.SZ,宁德时代,2025-01-06,256.75,-0.3416,4433101.113,有行情,日线,Asia/Shanghai,2025-12-30T15:00:00+08:00,close为不复权；风险收益使用pct_chg÷100,千元,TuSharePro.daily,https://tushare.pro/document/1?doc_id=27,Fri Sep 04 2026 20:02:33 GMT+0800 (China Standard Time),公开行情历史快照
600519.SH,贵州茅台,2025-01-06,1440.0,-2.3729,6392479.712,有行情,日线,Asia/Shanghai,2025-12-30T15:00:00+08:00,close为不复权；风险收益使用pct_chg÷100,千元,TuSharePro.daily,https://tushare.pro/document/1?doc_id=27,Fri Sep 04 2026 20:02:33 GMT+0800 (China Standard Time),公开行情历史快照
601318.SH,中国平安,2025-01-06,50.34,0.0795,2077171.909,有行情,日线,Asia/Shanghai,2025-12-30T15:00:00+08:00,close为不复权；风险收益使用pct_chg÷100,千元,TuSharePro.daily,https://tushare.pro/document/1?doc_id=27,Fri Sep 04 2026 20:02:33 GMT+0800 (China Standard Time),公开行情历史快照
000333.SZ,美的集团,2025-01-07,75.93,0.7296,1913943.076,有行情,日线,Asia/Shanghai,2025-12-30T15:00:00+08:00,close为不复权；风险收益使用pct_chg÷100,千元,TuSharePro.daily,https://tushare.pro/document/1?doc_id=27,Fri Sep 04 2026 20:02:33 GMT+0800 (China Standard Time),公开行情历史快照
000858.SZ,五粮液,2025-01-07,130.85,0.0153,2478571.21,有行情,日线,Asia/Shanghai,2025-12-30T15:00:00+08:00,close为不复权；风险收益使用pct_chg÷100,千元,TuSharePro.daily,https://tushare.pro/document/1?doc_id=27,Fri Sep 04 2026 20:02:33 GMT+0800 (China Standard Time),公开行情历史快照
002594.SZ,比亚迪,2025-01-07,274.03,1.0137,2627167.273,有行情,日线,Asia/Shanghai,2025-12-30T15:00:00+08:00,close为不复权；风险收益使用pct_chg÷100,千元,TuSharePro.daily,https://tushare.pro/document/1?doc_id=27,Fri Sep 04 2026 20:02:33 GMT+0800 (China Standard Time),公开行情历史快照
300750.SZ,宁德时代,2025-01-07,249.45,-2.8432,9934923.664,有行情,日线,Asia/Shanghai,2025-12-30T15:00:00+08:00,close为不复权；风险收益使用pct_chg÷100,千元,TuSharePro.daily,https://tushare.pro/document/1?doc_id=27,Fri Sep 04 2026 20:02:33 GMT+0800 (China Standard Time),公开行情历史快照
600519.SH,贵州茅台,2025-01-07,1440.2,0.0139,3494634.227,有行情,日线,Asia/Shanghai,2025-12-30T15:00:00+08:00,close为不复权；风险收益使用pct_chg÷100,千元,TuSharePro.daily,https://tushare.pro/document/1?doc_id=27,Fri Sep 04 2026 20:02:33 GMT+0800 (China Standard Time),公开行情历史快照
601318.SH,中国平安,2025-01-07,50.17,-0.3377,1967557.698,有行情,日线,Asia/Shanghai,2025-12-30T15:00:00+08:00,close为不复权；风险收益使用pct_chg÷100,千元,TuSharePro.daily,https://tushare.pro/document/1?doc_id=27,Fri Sep 04 2026 20:02:33 GMT+0800 (China Standard Time),公开行情历史快照
000333.SZ,美的集团,2025-01-08,77.58,2.1731,3129132.562,有行情,日线,Asia/Shanghai,2025-12-30T15:00:00+08:00,close为不复权；风险收益使用pct_chg÷100,千元,TuSharePro.daily,https://tushare.pro/document/1?doc_id=27,Fri Sep 04 2026 20:02:33 GMT+0800 (China Standard Time),公开行情历史快照
000858.SZ,五粮液,2025-01-08,129.7,-0.8789,2504007.32,有行情,日线,Asia/Shanghai,2025-12-30T15:00:00+08:00,close为不复权；风险收益使用pct_chg÷100,千元,TuSharePro.daily,https://tushare.pro/document/1?doc_id=27,Fri Sep 04 2026 20:02:33 GMT+0800 (China Standard Time),公开行情历史快照
002594.SZ,比亚迪,2025-01-08,269.18,-1.7699,2933447.142,有行情,日线,Asia/Shanghai,2025-12-30T15:00:00+08:00,close为不复权；风险收益使用pct_chg÷100,千元,TuSharePro.daily,https://tushare.pro/document/1?doc_id=27,Fri Sep 04 2026 20:02:33 GMT+0800 (China Standard Time),公开行情历史快照
300750.SZ,宁德时代,2025-01-08,245.34,-1.6476,6681628.785,有行情,日线,Asia/Shanghai,2025-12-30T15:00:00+08:00,close为不复权；风险收益使用pct_chg÷100,千元,TuSharePro.daily,https://tushare.pro/document/1?doc_id=27,Fri Sep 04 2026 20:02:33 GMT+0800 (China Standard Time),公开行情历史快照
600519.SH,贵州茅台,2025-01-08,1442.5,0.1597,5071821.246,有行情,日线,Asia/Shanghai,2025-12-30T15:00:00+08:00,close为不复权；风险收益使用pct_chg÷100,千元,TuSharePro.daily,https://tushare.pro/document/1?doc_id=27,Fri Sep 04 2026 20:02:33 GMT+0800 (China Standard Time),公开行情历史快照
601318.SH,中国平安,2025-01-08,50.3,0.2591,2555823.167,有行情,日线,Asia/Shanghai,2025-12-30T15:00:00+08:00,close为不复权；风险收益使用pct_chg÷100,千元,TuSharePro.daily,https://tushare.pro/document/1?doc_id=27,Fri Sep 04 2026 20:02:33 GMT+0800 (China Standard Time),公开行情历史快照
000333.SZ,美的集团,2025-01-09,78.73,1.4823,2715146.336,有行情,日线,Asia/Shanghai,2025-12-30T15:00:00+08:00,close为不复权；风险收益使用pct_chg÷100,千元,TuSharePro.daily,https://tushare.pro/document/1?doc_id=27,Fri Sep 04 2026 20:02:33 GMT+0800 (China Standard Time),公开行情历史快照
000858.SZ,五粮液,2025-01-09,130.58,0.6785,2080588.918,有行情,日线,Asia/Shanghai,2025-12-30T15:00:00+08:00,close为不复权；风险收益使用pct_chg÷100,千元,TuSharePro.daily,https://tushare.pro/document/1?doc_id=27,Fri Sep 04 2026 20:02:33 GMT+0800 (China Standard Time),公开行情历史快照
002594.SZ,比亚迪,2025-01-09,269.39,0.078,1766873.664,有行情,日线,Asia/Shanghai,2025-12-30T15:00:00+08:00,close为不复权；风险收益使用pct_chg÷100,千元,TuSharePro.daily,https://tushare.pro/document/1?doc_id=27,Fri Sep 04 2026 20:02:33 GMT+0800 (China Standard Time),公开行情历史快照
300750.SZ,宁德时代,2025-01-09,247.33,0.8111,4168600.176,有行情,日线,Asia/Shanghai,2025-12-30T15:00:00+08:00,close为不复权；风险收益使用pct_chg÷100,千元,TuSharePro.daily,https://tushare.pro/document/1?doc_id=27,Fri Sep 04 2026 20:02:33 GMT+0800 (China Standard Time),公开行情历史快照
600519.SH,贵州茅台,2025-01-09,1444.0,0.104,4295852.736,有行情,日线,Asia/Shanghai,2025-12-30T15:00:00+08:00,close为不复权；风险收益使用pct_chg÷100,千元,TuSharePro.daily,https://tushare.pro/document/1?doc_id=27,Fri Sep 04 2026 20:02:33 GMT+0800 (China Standard Time),公开行情历史快照
601318.SH,中国平安,2025-01-09,49.81,-0.9742,2005089.617,有行情,日线,Asia/Shanghai,2025-12-30T15:00:00+08:00,close为不复权；风险收益使用pct_chg÷100,千元,TuSharePro.daily,https://tushare.pro/document/1?doc_id=27,Fri Sep 04 2026 20:02:33 GMT+0800 (China Standard Time),公开行情历史快照
000333.SZ,美的集团,2025-01-10,76.37,-2.9976,2093133.229,有行情,日线,Asia/Shanghai,2025-12-30T15:00:00+08:00,close为不复权；风险收益使用pct_chg÷100,千元,TuSharePro.daily,https://tushare.pro/document/1?doc_id=27,Fri Sep 04 2026 20:02:33 GMT+0800 (China Standard Time),公开行情历史快照
000858.SZ,五粮液,2025-01-10,128.6,-1.5163,1753729.759,有行情,日线,Asia/Shanghai,2025-12-30T15:00:00+08:00,close为不复权；风险收益使用pct_chg÷100,千元,TuSharePro.daily,https://tushare.pro/document/1?doc_id=27,Fri Sep 04 2026 20:02:33 GMT+0800 (China Standard Time),公开行情历史快照
002594.SZ,比亚迪,2025-01-10,266.02,-1.251,2147363.1,有行情,日线,Asia/Shanghai,2025-12-30T15:00:00+08:00,close为不复权；风险收益使用pct_chg÷100,千元,TuSharePro.daily,https://tushare.pro/document/1?doc_id=27,Fri Sep 04 2026 20:02:33 GMT+0800 (China Standard Time),公开行情历史快照
300750.SZ,宁德时代,2025-01-10,246.0,-0.5377,3643092.329,有行情,日线,Asia/Shanghai,2025-12-30T15:00:00+08:00,close为不复权；风险收益使用pct_chg÷100,千元,TuSharePro.daily,https://tushare.pro/document/1?doc_id=27,Fri Sep 04 2026 20:02:33 GMT+0800 (China Standard Time),公开行情历史快照
600519.SH,贵州茅台,2025-01-10,1436.0,-0.554,3154677.598,有行情,日线,Asia/Shanghai,2025-12-30T15:00:00+08:00,close为不复权；风险收益使用pct_chg÷100,千元,TuSharePro.daily,https://tushare.pro/document/1?doc_id=27,Fri Sep 04 2026 20:02:33 GMT+0800 (China Standard Time),公开行情历史快照
601318.SH,中国平安,2025-01-10,48.95,-1.7266,2576373.866,有行情,日线,Asia/Shanghai,2025-12-30T15:00:00+08:00,close为不复权；风险收益使用pct_chg÷100,千元,TuSharePro.daily,https://tushare.pro/document/1?doc_id=27,Fri Sep 04 2026 20:02:33 GMT+0800 (China Standard Time),公开行情历史快照
000333.SZ,美的集团,2025-01-13,74.3,-2.7105,1911136.129,有行情,日线,Asia/Shanghai,2025-12-30T15:00:00+08:00,close为不复权；风险收益使用pct_chg÷100,千元,TuSharePro.daily,https://tushare.pro/document/1?doc_id=27,Fri Sep 04 2026 20:02:33 GMT+0800 (China Standard Time),公开行情历史快照
000858.SZ,五粮液,2025-01-13,129.2,0.4666,1562285.331,有行情,日线,Asia/Shanghai,2025-12-30T15:00:00+08:00,close为不复权；风险收益使用pct_chg÷100,千元,TuSharePro.daily,https://tushare.pro/document/1?doc_id=27,Fri Sep 04 2026 20:02:33 GMT+0800 (China Standard Time),公开行情历史快照
002594.SZ,比亚迪,2025-01-13,266.0,-0.0075,1787448.697,有行情,日线,Asia/Shanghai,2025-12-30T15:00:00+08:00,close为不复权；风险收益使用pct_chg÷100,千元,TuSharePro.daily,https://tushare.pro/document/1?doc_id=27,Fri Sep 04 2026 20:02:33 GMT+0800 (China Standard Time),公开行情历史快照
300750.SZ,宁德时代,2025-01-13,246.91,0.3699,4467775.091,有行情,日线,Asia/Shanghai,2025-12-30T15:00:00+08:00,close为不复权；风险收益使用pct_chg÷100,千元,TuSharePro.daily,https://tushare.pro/document/1?doc_id=27,Fri Sep 04 2026 20:02:33 GMT+0800 (China Standard Time),公开行情历史快照
600519.SH,贵州茅台,2025-01-13,1443.98,0.5557,3030806.87,有行情,日线,Asia/Shanghai,2025-12-30T15:00:00+08:00,close为不复权；风险收益使用pct_chg÷100,千元,TuSharePro.daily,https://tushare.pro/document/1?doc_id=27,Fri Sep 04 2026 20:02:33 GMT+0800 (China Standard Time),公开行情历史快照
601318.SH,中国平安,2025-01-13,48.59,-0.7354,2474824.396,有行情,日线,Asia/Shanghai,2025-12-30T15:00:00+08:00,close为不复权；风险收益使用pct_chg÷100,千元,TuSharePro.daily,https://tushare.pro/document/1?doc_id=27,Fri Sep 04 2026 20:02:33 GMT+0800 (China Standard Time),公开行情历史快照
000333.SZ,美的集团,2025-01-14,74.62,0.4307,2150563.704,有行情,日线,Asia/Shanghai,2025-12-30T15:00:00+08:00,close为不复权；风险收益使用pct_chg÷100,千元,TuSharePro.daily,https://tushare.pro/document/1?doc_id=27,Fri Sep 04 2026 20:02:33 GMT+0800 (China Standard Time),公开行情历史快照
000858.SZ,五粮液,2025-01-14,133.02,2.9567,3014664.381,有行情,日线,Asia/Shanghai,2025-12-30T15:00:00+08:00,close为不复权；风险收益使用pct_chg÷100,千元,TuSharePro.daily,https://tushare.pro/document/1?doc_id=27,Fri Sep 04 2026 20:02:33 GMT+0800 (China Standard Time),公开行情历史快照
002594.SZ,比亚迪,2025-01-14,276.3,3.8722,3438827.617,有行情,日线,Asia/Shanghai,2025-12-30T15:00:00+08:00,close为不复权；风险收益使用pct_chg÷100,千元,TuSharePro.daily,https://tushare.pro/document/1?doc_id=27,Fri Sep 04 2026 20:02:33 GMT+0800 (China Standard Time),公开行情历史快照
300750.SZ,宁德时代,2025-01-14,256.2,3.7625,5108567.635,有行情,日线,Asia/Shanghai,2025-12-30T15:00:00+08:00,close为不复权；风险收益使用pct_chg÷100,千元,TuSharePro.daily,https://tushare.pro/document/1?doc_id=27,Fri Sep 04 2026 20:02:33 GMT+0800 (China Standard Time),公开行情历史快照
600519.SH,贵州茅台,2025-01-14,1472.5,1.9751,4535651.504,有行情,日线,Asia/Shanghai,2025-12-30T15:00:00+08:00,close为不复权；风险收益使用pct_chg÷100,千元,TuSharePro.daily,https://tushare.pro/document/1?doc_id=27,Fri Sep 04 2026 20:02:33 GMT+0800 (China Standard Time),公开行情历史快照
601318.SH,中国平安,2025-01-14,49.36,1.5847,3024006.484,有行情,日线,Asia/Shanghai,2025-12-30T15:00:00+08:00,close为不复权；风险收益使用pct_chg÷100,千元,TuSharePro.daily,https://tushare.pro/document/1?doc_id=27,Fri Sep 04 2026 20:02:33 GMT+0800 (China Standard Time),公开行情历史快照
000333.SZ,美的集团,2025-01-15,73.82,-1.0721,1910565.918,有行情,日线,Asia/Shanghai,2025-12-30T15:00:00+08:00,close为不复权；风险收益使用pct_chg÷100,千元,TuSharePro.daily,https://tushare.pro/document/1?doc_id=27,Fri Sep 04 2026 20:02:33 GMT+0800 (China Standard Time),公开行情历史快照
000858.SZ,五粮液,2025-01-15,132.77,-0.1879,1701391.09,有行情,日线,Asia/Shanghai,2025-12-30T15:00:00+08:00,close为不复权；风险收益使用pct_chg÷100,千元,TuSharePro.daily,https://tushare.pro/document/1?doc_id=27,Fri Sep 04 2026 20:02:33 GMT+0800 (China Standard Time),公开行情历史快照
002594.SZ,比亚迪,2025-01-15,274.69,-0.5827,1718769.123,有行情,日线,Asia/Shanghai,2025-12-30T15:00:00+08:00,close为不复权；风险收益使用pct_chg÷100,千元,TuSharePro.daily,https://tushare.pro/document/1?doc_id=27,Fri Sep 04 2026 20:02:33 GMT+0800 (China Standard Time),公开行情历史快照
300750.SZ,宁德时代,2025-01-15,250.87,-2.0804,3798504.6,有行情,日线,Asia/Shanghai,2025-12-30T15:00:00+08:00,close为不复权；风险收益使用pct_chg÷100,千元,TuSharePro.daily,https://tushare.pro/document/1?doc_id=27,Fri Sep 04 2026 20:02:33 GMT+0800 (China Standard Time),公开行情历史快照
600519.SH,贵州茅台,2025-01-15,1471.27,-0.0835,2701518.712,有行情,日线,Asia/Shanghai,2025-12-30T15:00:00+08:00,close为不复权；风险收益使用pct_chg÷100,千元,TuSharePro.daily,https://tushare.pro/document/1?doc_id=27,Fri Sep 04 2026 20:02:33 GMT+0800 (China Standard Time),公开行情历史快照
601318.SH,中国平安,2025-01-15,49.11,-0.5065,2251226.874,有行情,日线,Asia/Shanghai,2025-12-30T15:00:00+08:00,close为不复权；风险收益使用pct_chg÷100,千元,TuSharePro.daily,https://tushare.pro/document/1?doc_id=27,Fri Sep 04 2026 20:02:33 GMT+0800 (China Standard Time),公开行情历史快照
000333.SZ,美的集团,2025-01-16,74.09,0.3658,1953070.088,有行情,日线,Asia/Shanghai,2025-12-30T15:00:00+08:00,close为不复权；风险收益使用pct_chg÷100,千元,TuSharePro.daily,https://tushare.pro/document/1?doc_id=27,Fri Sep 04 2026 20:02:33 GMT+0800 (China Standard Time),公开行情历史快照
000858.SZ,五粮液,2025-01-16,131.48,-0.9716,2160311.225,有行情,日线,Asia/Shanghai,2025-12-30T15:00:00+08:00,close为不复权；风险收益使用pct_chg÷100,千元,TuSharePro.daily,https://tushare.pro/document/1?doc_id=27,Fri Sep 04 2026 20:02:33 GMT+0800 (China Standard Time),公开行情历史快照
002594.SZ,比亚迪,2025-01-16,272.76,-0.7026,1984685.718,有行情,日线,Asia/Shanghai,2025-12-30T15:00:00+08:00,close为不复权；风险收益使用pct_chg÷100,千元,TuSharePro.daily,https://tushare.pro/document/1?doc_id=27,Fri Sep 04 2026 20:02:33 GMT+0800 (China Standard Time),公开行情历史快照
300750.SZ,宁德时代,2025-01-16,249.93,-0.3747,4056598.314,有行情,日线,Asia/Shanghai,2025-12-30T15:00:00+08:00,close为不复权；风险收益使用pct_chg÷100,千元,TuSharePro.daily,https://tushare.pro/document/1?doc_id=27,Fri Sep 04 2026 20:02:33 GMT+0800 (China Standard Time),公开行情历史快照
600519.SH,贵州茅台,2025-01-16,1446.38,-1.6917,3840411.437,有行情,日线,Asia/Shanghai,2025-12-30T15:00:00+08:00,close为不复权；风险收益使用pct_chg÷100,千元,TuSharePro.daily,https://tushare.pro/document/1?doc_id=27,Fri Sep 04 2026 20:02:33 GMT+0800 (China Standard Time),公开行情历史快照
601318.SH,中国平安,2025-01-16,49.25,0.2851,2052212.529,有行情,日线,Asia/Shanghai,2025-12-30T15:00:00+08:00,close为不复权；风险收益使用pct_chg÷100,千元,TuSharePro.daily,https://tushare.pro/document/1?doc_id=27,Fri Sep 04 2026 20:02:33 GMT+0800 (China Standard Time),公开行情历史快照
000333.SZ,美的集团,2025-01-17,74.35,0.3509,1184446.629,有行情,日线,Asia/Shanghai,2025-12-30T15:00:00+08:00,close为不复权；风险收益使用pct_chg÷100,千元,TuSharePro.daily,https://tushare.pro/document/1?doc_id=27,Fri Sep 04 2026 20:02:33 GMT+0800 (China Standard Time),公开行情历史快照
000858.SZ,五粮液,2025-01-17,132.3,0.6237,2021963.287,有行情,日线,Asia/Shanghai,2025-12-30T15:00:00+08:00,close为不复权；风险收益使用pct_chg÷100,千元,TuSharePro.daily,https://tushare.pro/document/1?doc_id=27,Fri Sep 04 2026 20:02:33 GMT+0800 (China Standard Time),公开行情历史快照
002594.SZ,比亚迪,2025-01-17,276.6,1.4078,2376770.8,有行情,日线,Asia/Shanghai,2025-12-30T15:00:00+08:00,close为不复权；风险收益使用pct_chg÷100,千元,TuSharePro.daily,https://tushare.pro/document/1?doc_id=27,Fri Sep 04 2026 20:02:33 GMT+0800 (China Standard Time),公开行情历史快照
300750.SZ,宁德时代,2025-01-17,251.5,0.6282,2786220.135,有行情,日线,Asia/Shanghai,2025-12-30T15:00:00+08:00,close为不复权；风险收益使用pct_chg÷100,千元,TuSharePro.daily,https://tushare.pro/document/1?doc_id=27,Fri Sep 04 2026 20:02:33 GMT+0800 (China Standard Time),公开行情历史快照
600519.SH,贵州茅台,2025-01-17,1454.75,0.5787,2663227.309,有行情,日线,Asia/Shanghai,2025-12-30T15:00:00+08:00,close为不复权；风险收益使用pct_chg÷100,千元,TuSharePro.daily,https://tushare.pro/document/1?doc_id=27,Fri Sep 04 2026 20:02:33 GMT+0800 (China Standard Time),公开行情历史快照
601318.SH,中国平安,2025-01-17,49.38,0.264,2273441.157,有行情,日线,Asia/Shanghai,2025-12-30T15:00:00+08:00,close为不复权；风险收益使用pct_chg÷100,千元,TuSharePro.daily,https://tushare.pro/document/1?doc_id=27,Fri Sep 04 2026 20:02:33 GMT+0800 (China Standard Time),公开行情历史快照
000333.SZ,美的集团,2025-01-20,74.89,0.7263,2245932.516,有行情,日线,Asia/Shanghai,2025-12-30T15:00:00+08:00,close为不复权；风险收益使用pct_chg÷100,千元,TuSharePro.daily,https://tushare.pro/document/1?doc_id=27,Fri Sep 04 2026 20:02:33 GMT+0800 (China Standard Time),公开行情历史快照
000858.SZ,五粮液,2025-01-20,134.3,1.5117,2611169.665,有行情,日线,Asia/Shanghai,2025-12-30T15:00:00+08:00,close为不复权；风险收益使用pct_chg÷100,千元,TuSharePro.daily,https://tushare.pro/document/1?doc_id=27,Fri Sep 04 2026 20:02:33 GMT+0800 (China Standard Time),公开行情历史快照
002594.SZ,比亚迪,2025-01-20,284.43,2.8308,3863727.458,有行情,日线,Asia/Shanghai,2025-12-30T15:00:00+08:00,close为不复权；风险收益使用pct_chg÷100,千元,TuSharePro.daily,https://tushare.pro/document/1?doc_id=27,Fri Sep 04 2026 20:02:33 GMT+0800 (China Standard Time),公开行情历史快照
300750.SZ,宁德时代,2025-01-20,265.52,5.5746,9048642.227,有行情,日线,Asia/Shanghai,2025-12-30T15:00:00+08:00,close为不复权；风险收益使用pct_chg÷100,千元,TuSharePro.daily,https://tushare.pro/document/1?doc_id=27,Fri Sep 04 2026 20:02:33 GMT+0800 (China Standard Time),公开行情历史快照
600519.SH,贵州茅台,2025-01-20,1474.8,1.3782,4647626.351,有行情,日线,Asia/Shanghai,2025-12-30T15:00:00+08:00,close为不复权；风险收益使用pct_chg÷100,千元,TuSharePro.daily,https://tushare.pro/document/1?doc_id=27,Fri Sep 04 2026 20:02:33 GMT+0800 (China Standard Time),公开行情历史快照
601318.SH,中国平安,2025-01-20,49.81,0.8708,2458746.694,有行情,日线,Asia/Shanghai,2025-12-30T15:00:00+08:00,close为不复权；风险收益使用pct_chg÷100,千元,TuSharePro.daily,https://tushare.pro/document/1?doc_id=27,Fri Sep 04 2026 20:02:33 GMT+0800 (China Standard Time),公开行情历史快照
000333.SZ,美的集团,2025-01-21,74.4,-0.6543,1217315.662,有行情,日线,Asia/Shanghai,2025-12-30T15:00:00+08:00,close为不复权；风险收益使用pct_chg÷100,千元,TuSharePro.daily,https://tushare.pro/document/1?doc_id=27,Fri Sep 04 2026 20:02:33 GMT+0800 (China Standard Time),公开行情历史快照
000858.SZ,五粮液,2025-01-21,133.39,-0.6776,1774069.695,有行情,日线,Asia/Shanghai,2025-12-30T15:00:00+08:00,close为不复权；风险收益使用pct_chg÷100,千元,TuSharePro.daily,https://tushare.pro/document/1?doc_id=27,Fri Sep 04 2026 20:02:33 GMT+0800 (China Standard Time),公开行情历史快照
002594.SZ,比亚迪,2025-01-21,286.05,0.5696,2184132.797,有行情,日线,Asia/Shanghai,2025-12-30T15:00:00+08:00,close为不复权；风险收益使用pct_chg÷100,千元,TuSharePro.daily,https://tushare.pro/document/1?doc_id=27,Fri Sep 04 2026 20:02:33 GMT+0800 (China Standard Time),公开行情历史快照
300750.SZ,宁德时代,2025-01-21,264.18,-0.5047,3681448.144,有行情,日线,Asia/Shanghai,2025-12-30T15:00:00+08:00,close为不复权；风险收益使用pct_chg÷100,千元,TuSharePro.daily,https://tushare.pro/document/1?doc_id=27,Fri Sep 04 2026 20:02:33 GMT+0800 (China Standard Time),公开行情历史快照
600519.SH,贵州茅台,2025-01-21,1468.15,-0.4509,2481821.229,有行情,日线,Asia/Shanghai,2025-12-30T15:00:00+08:00,close为不复权；风险收益使用pct_chg÷100,千元,TuSharePro.daily,https://tushare.pro/document/1?doc_id=27,Fri Sep 04 2026 20:02:33 GMT+0800 (China Standard Time),公开行情历史快照
601318.SH,中国平安,2025-01-21,49.9,0.1807,2049216.698,有行情,日线,Asia/Shanghai,2025-12-30T15:00:00+08:00,close为不复权；风险收益使用pct_chg÷100,千元,TuSharePro.daily,https://tushare.pro/document/1?doc_id=27,Fri Sep 04 2026 20:02:33 GMT+0800 (China Standard Time),公开行情历史快照
000333.SZ,美的集团,2025-01-22,73.0,-1.8817,2351219.471,有行情,日线,Asia/Shanghai,2025-12-30T15:00:00+08:00,close为不复权；风险收益使用pct_chg÷100,千元,TuSharePro.daily,https://tushare.pro/document/1?doc_id=27,Fri Sep 04 2026 20:02:33 GMT+0800 (China Standard Time),公开行情历史快照
000858.SZ,五粮液,2025-01-22,130.35,-2.279,2277963.646,有行情,日线,Asia/Shanghai,2025-12-30T15:00:00+08:00,close为不复权；风险收益使用pct_chg÷100,千元,TuSharePro.daily,https://tushare.pro/document/1?doc_id=27,Fri Sep 04 2026 20:02:33 GMT+0800 (China Standard Time),公开行情历史快照
002594.SZ,比亚迪,2025-01-22,282.5,-1.241,2287303.62,有行情,日线,Asia/Shanghai,2025-12-30T15:00:00+08:00,close为不复权；风险收益使用pct_chg÷100,千元,TuSharePro.daily,https://tushare.pro/document/1?doc_id=27,Fri Sep 04 2026 20:02:33 GMT+0800 (China Standard Time),公开行情历史快照
300750.SZ,宁德时代,2025-01-22,258.0,-2.3393,6440345.376,有行情,日线,Asia/Shanghai,2025-12-30T15:00:00+08:00,close为不复权；风险收益使用pct_chg÷100,千元,TuSharePro.daily,https://tushare.pro/document/1?doc_id=27,Fri Sep 04 2026 20:02:33 GMT+0800 (China Standard Time),公开行情历史快照
600519.SH,贵州茅台,2025-01-22,1441.0,-1.8493,4088101.682,有行情,日线,Asia/Shanghai,2025-12-30T15:00:00+08:00,close为不复权；风险收益使用pct_chg÷100,千元,TuSharePro.daily,https://tushare.pro/document/1?doc_id=27,Fri Sep 04 2026 20:02:33 GMT+0800 (China Standard Time),公开行情历史快照
601318.SH,中国平安,2025-01-22,48.95,-1.9038,2606595.142,有行情,日线,Asia/Shanghai,2025-12-30T15:00:00+08:00,close为不复权；风险收益使用pct_chg÷100,千元,TuSharePro.daily,https://tushare.pro/document/1?doc_id=27,Fri Sep 04 2026 20:02:33 GMT+0800 (China Standard Time),公开行情历史快照
000333.SZ,美的集团,2025-01-23,73.41,0.5616,1981526.548,有行情,日线,Asia/Shanghai,2025-12-30T15:00:00+08:00,close为不复权；风险收益使用pct_chg÷100,千元,TuSharePro.daily,https://tushare.pro/document/1?doc_id=27,Fri Sep 04 2026 20:02:33 GMT+0800 (China Standard Time),公开行情历史快照
000858.SZ,五粮液,2025-01-23,128.65,0.6887,2387735.894,有行情,日线,Asia/Shanghai,2025-12-30T15:00:00+08:00,close为不复权；风险收益使用pct_chg÷100,千元,TuSharePro.daily,https://tushare.pro/document/1?doc_id=27,Fri Sep 04 2026 20:02:33 GMT+0800 (China Standard Time),公开行情历史快照
002594.SZ,比亚迪,2025-01-23,277.11,-1.908,2690601.164,有行情,日线,Asia/Shanghai,2025-12-30T15:00:00+08:00,close为不复权；风险收益使用pct_chg÷100,千元,TuSharePro.daily,https://tushare.pro/document/1?doc_id=27,Fri Sep 04 2026 20:02:33 GMT+0800 (China Standard Time),公开行情历史快照
300750.SZ,宁德时代,2025-01-23,257.5,-0.1938,4291744.662,有行情,日线,Asia/Shanghai,2025-12-30T15:00:00+08:00,close为不复权；风险收益使用pct_chg÷100,千元,TuSharePro.daily,https://tushare.pro/document/1?doc_id=27,Fri Sep 04 2026 20:02:33 GMT+0800 (China Standard Time),公开行情历史快照
600519.SH,贵州茅台,2025-01-23,1443.0,0.1388,3932700.85,有行情,日线,Asia/Shanghai,2025-12-30T15:00:00+08:00,close为不复权；风险收益使用pct_chg÷100,千元,TuSharePro.daily,https://tushare.pro/document/1?doc_id=27,Fri Sep 04 2026 20:02:33 GMT+0800 (China Standard Time),公开行情历史快照
601318.SH,中国平安,2025-01-23,50.37,2.9009,4910872.825,有行情,日线,Asia/Shanghai,2025-12-30T15:00:00+08:00,close为不复权；风险收益使用pct_chg÷100,千元,TuSharePro.daily,https://tushare.pro/document/1?doc_id=27,Fri Sep 04 2026 20:02:33 GMT+0800 (China Standard Time),公开行情历史快照
000333.SZ,美的集团,2025-01-24,72.82,-0.8037,2224547.325,有行情,日线,Asia/Shanghai,2025-12-30T15:00:00+08:00,close为不复权；风险收益使用pct_chg÷100,千元,TuSharePro.daily,https://tushare.pro/document/1?doc_id=27,Fri Sep 04 2026 20:02:33 GMT+0800 (China Standard Time),公开行情历史快照
000858.SZ,五粮液,2025-01-24,127.72,-0.7229,2418169.298,有行情,日线,Asia/Shanghai,2025-12-30T15:00:00+08:00,close为不复权；风险收益使用pct_chg÷100,千元,TuSharePro.daily,https://tushare.pro/document/1?doc_id=27,Fri Sep 04 2026 20:02:33 GMT+0800 (China Standard Time),公开行情历史快照
002594.SZ,比亚迪,2025-01-24,279.08,0.7109,1898979.251,有行情,日线,Asia/Shanghai,2025-12-30T15:00:00+08:00,close为不复权；风险收益使用pct_chg÷100,千元,TuSharePro.daily,https://tushare.pro/document/1?doc_id=27,Fri Sep 04 2026 20:02:33 GMT+0800 (China Standard Time),公开行情历史快照
300750.SZ,宁德时代,2025-01-24,260.62,1.6974,5876198.26,有行情,日线,Asia/Shanghai,2025-12-30T15:00:00+08:00,close为不复权；风险收益使用pct_chg÷100,千元,TuSharePro.daily,https://tushare.pro/document/1?doc_id=27,Fri Sep 04 2026 20:02:33 GMT+0800 (China Standard Time),公开行情历史快照
600519.SH,贵州茅台,2025-01-24,1436.0,-0.4851,4515322.685,有行情,日线,Asia/Shanghai,2025-12-30T15:00:00+08:00,close为不复权；风险收益使用pct_chg÷100,千元,TuSharePro.daily,https://tushare.pro/document/1?doc_id=27,Fri Sep 04 2026 20:02:33 GMT+0800 (China Standard Time),公开行情历史快照
601318.SH,中国平安,2025-01-24,50.86,0.9728,3140198.84,有行情,日线,Asia/Shanghai,2025-12-30T15:00:00+08:00,close为不复权；风险收益使用pct_chg÷100,千元,TuSharePro.daily,https://tushare.pro/document/1?doc_id=27,Fri Sep 04 2026 20:02:33 GMT+0800 (China Standard Time),公开行情历史快照
000333.SZ,美的集团,2025-01-27,73.88,1.4556,2066038.991,有行情,日线,Asia/Shanghai,2025-12-30T15:00:00+08:00,close为不复权；风险收益使用pct_chg÷100,千元,TuSharePro.daily,https://tushare.pro/document/1?doc_id=27,Fri Sep 04 2026 20:02:33 GMT+0800 (China Standard Time),公开行情历史快照
000858.SZ,五粮液,2025-01-27,127.2,-0.4071,1616070.923,有行情,日线,Asia/Shanghai,2025-12-30T15:00:00+08:00,close为不复权；风险收益使用pct_chg÷100,千元,TuSharePro.daily,https://tushare.pro/document/1?doc_id=27,Fri Sep 04 2026 20:02:33 GMT+0800 (China Standard Time),公开行情历史快照
002594.SZ,比亚迪,2025-01-27,274.5,-1.6411,1755529.34,有行情,日线,Asia/Shanghai,2025-12-30T15:00:00+08:00,close为不复权；风险收益使用pct_chg÷100,千元,TuSharePro.daily,https://tushare.pro/document/1?doc_id=27,Fri Sep 04 2026 20:02:33 GMT+0800 (China Standard Time),公开行情历史快照
300750.SZ,宁德时代,2025-01-27,257.0,-1.389,4460049.869,有行情,日线,Asia/Shanghai,2025-12-30T15:00:00+08:00,close为不复权；风险收益使用pct_chg÷100,千元,TuSharePro.daily,https://tushare.pro/document/1?doc_id=27,Fri Sep 04 2026 20:02:33 GMT+0800 (China Standard Time),公开行情历史快照
600519.SH,贵州茅台,2025-01-27,1434.99,-0.0703,4213534.543,有行情,日线,Asia/Shanghai,2025-12-30T15:00:00+08:00,close为不复权；风险收益使用pct_chg÷100,千元,TuSharePro.daily,https://tushare.pro/document/1?doc_id=27,Fri Sep 04 2026 20:02:33 GMT+0800 (China Standard Time),公开行情历史快照
601318.SH,中国平安,2025-01-27,50.85,-0.0197,2681560.916,有行情,日线,Asia/Shanghai,2025-12-30T15:00:00+08:00,close为不复权；风险收益使用pct_chg÷100,千元,TuSharePro.daily,https://tushare.pro/document/1?doc_id=27,Fri Sep 04 2026 20:02:33 GMT+0800 (China Standard Time),公开行情历史快照
000333.SZ,美的集团,2025-02-05,72.21,-2.2604,2623254.186,有行情,日线,Asia/Shanghai,2025-12-30T15:00:00+08:00,close为不复权；风险收益使用pct_chg÷100,千元,TuSharePro.daily,https://tushare.pro/document/1?doc_id=27,Fri Sep 04 2026 20:02:33 GMT+0800 (China Standard Time),公开行情历史快照
000858.SZ,五粮液,2025-02-05,125.01,-1.7217,2343981.886,有行情,日线,Asia/Shanghai,2025-12-30T15:00:00+08:00,close为不复权；风险收益使用pct_chg÷100,千元,TuSharePro.daily,https://tushare.pro/document/1?doc_id=27,Fri Sep 04 2026 20:02:33 GMT+0800 (China Standard Time),公开行情历史快照
002594.SZ,比亚迪,2025-02-05,282.8,3.0237,4128876.836,有行情,日线,Asia/Shanghai,2025-12-30T15:00:00+08:00,close为不复权；风险收益使用pct_chg÷100,千元,TuSharePro.daily,https://tushare.pro/document/1?doc_id=27,Fri Sep 04 2026 20:02:33 GMT+0800 (China Standard Time),公开行情历史快照
300750.SZ,宁德时代,2025-02-05,252.12,-1.8988,6141794.779,有行情,日线,Asia/Shanghai,2025-12-30T15:00:00+08:00,close为不复权；风险收益使用pct_chg÷100,千元,TuSharePro.daily,https://tushare.pro/document/1?doc_id=27,Fri Sep 04 2026 20:02:33 GMT+0800 (China Standard Time),公开行情历史快照
600519.SH,贵州茅台,2025-02-05,1403.8,-2.1735,5753730.034,有行情,日线,Asia/Shanghai,2025-12-30T15:00:00+08:00,close为不复权；风险收益使用pct_chg÷100,千元,TuSharePro.daily,https://tushare.pro/document/1?doc_id=27,Fri Sep 04 2026 20:02:33 GMT+0800 (China Standard Time),公开行情历史快照
601318.SH,中国平安,2025-02-05,49.72,-2.2222,2921528.575,有行情,日线,Asia/Shanghai,2025-12-30T15:00:00+08:00,close为不复权；风险收益使用pct_chg÷100,千元,TuSharePro.daily,https://tushare.pro/document/1?doc_id=27,Fri Sep 04 2026 20:02:33 GMT+0800 (China Standard Time),公开行情历史快照
000333.SZ,美的集团,2025-02-06,72.27,0.0831,2058313.211,有行情,日线,Asia/Shanghai,2025-12-30T15:00:00+08:00,close为不复权；风险收益使用pct_chg÷100,千元,TuSharePro.daily,https://tushare.pro/document/1?doc_id=27,Fri Sep 04 2026 20:02:33 GMT+0800 (China Standard Time),公开行情历史快照
000858.SZ,五粮液,2025-02-06,125.9,0.7119,1734038.682,有行情,日线,Asia/Shanghai,2025-12-30T15:00:00+08:00,close为不复权；风险收益使用pct_chg÷100,千元,TuSharePro.daily,https://tushare.pro/document/1?doc_id=27,Fri Sep 04 2026 20:02:33 GMT+0800 (China Standard Time),公开行情历史快照
002594.SZ,比亚迪,2025-02-06,311.08,10.0,11416508.784,有行情,日线,Asia/Shanghai,2025-12-30T15:00:00+08:00,close为不复权；风险收益使用pct_chg÷100,千元,TuSharePro.daily,https://tushare.pro/document/1?doc_id=27,Fri Sep 04 2026 20:02:33 GMT+0800 (China Standard Time),公开行情历史快照
300750.SZ,宁德时代,2025-02-06,253.1,0.3887,6261792.98,有行情,日线,Asia/Shanghai,2025-12-30T15:00:00+08:00,close为不复权；风险收益使用pct_chg÷100,千元,TuSharePro.daily,https://tushare.pro/document/1?doc_id=27,Fri Sep 04 2026 20:02:33 GMT+0800 (China Standard Time),公开行情历史快照
600519.SH,贵州茅台,2025-02-06,1412.84,0.644,3859568.163,有行情,日线,Asia/Shanghai,2025-12-30T15:00:00+08:00,close为不复权；风险收益使用pct_chg÷100,千元,TuSharePro.daily,https://tushare.pro/document/1?doc_id=27,Fri Sep 04 2026 20:02:33 GMT+0800 (China Standard Time),公开行情历史快照
601318.SH,中国平安,2025-02-06,50.25,1.066,2078321.191,有行情,日线,Asia/Shanghai,2025-12-30T15:00:00+08:00,close为不复权；风险收益使用pct_chg÷100,千元,TuSharePro.daily,https://tushare.pro/document/1?doc_id=27,Fri Sep 04 2026 20:02:33 GMT+0800 (China Standard Time),公开行情历史快照
000333.SZ,美的集团,2025-02-07,73.44,1.6189,2588044.043,有行情,日线,Asia/Shanghai,2025-12-30T15:00:00+08:00,close为不复权；风险收益使用pct_chg÷100,千元,TuSharePro.daily,https://tushare.pro/document/1?doc_id=27,Fri Sep 04 2026 20:02:33 GMT+0800 (China Standard Time),公开行情历史快照
000858.SZ,五粮液,2025-02-07,127.63,1.3741,2960433.85,有行情,日线,Asia/Shanghai,2025-12-30T15:00:00+08:00,close为不复权；风险收益使用pct_chg÷100,千元,TuSharePro.daily,https://tushare.pro/document/1?doc_id=27,Fri Sep 04 2026 20:02:33 GMT+0800 (China Standard Time),公开行情历史快照
002594.SZ,比亚迪,2025-02-07,326.9,5.0855,15691989.048,有行情,日线,Asia/Shanghai,2025-12-30T15:00:00+08:00,close为不复权；风险收益使用pct_chg÷100,千元,TuSharePro.daily,https://tushare.pro/document/1?doc_id=27,Fri Sep 04 2026 20:02:33 GMT+0800 (China Standard Time),公开行情历史快照
300750.SZ,宁德时代,2025-02-07,261.28,3.2319,8922582.684,有行情,日线,Asia/Shanghai,2025-12-30T15:00:00+08:00,close为不复权；风险收益使用pct_chg÷100,千元,TuSharePro.daily,https://tushare.pro/document/1?doc_id=27,Fri Sep 04 2026 20:02:33 GMT+0800 (China Standard Time),公开行情历史快照
600519.SH,贵州茅台,2025-02-07,1436.0,1.6393,5310850.624,有行情,日线,Asia/Shanghai,2025-12-30T15:00:00+08:00,close为不复权；风险收益使用pct_chg÷100,千元,TuSharePro.daily,https://tushare.pro/document/1?doc_id=27,Fri Sep 04 2026 20:02:33 GMT+0800 (China Standard Time),公开行情历史快照
601318.SH,中国平安,2025-02-07,50.88,1.2537,3679372.001,有行情,日线,Asia/Shanghai,2025-12-30T15:00:00+08:00,close为不复权；风险收益使用pct_chg÷100,千元,TuSharePro.daily,https://tushare.pro/document/1?doc_id=27,Fri Sep 04 2026 20:02:33 GMT+0800 (China Standard Time),公开行情历史快照
000333.SZ,美的集团,2025-02-10,73.01,-0.5855,2324957.366,有行情,日线,Asia/Shanghai,2025-12-30T15:00:00+08:00,close为不复权；风险收益使用pct_chg÷100,千元,TuSharePro.daily,https://tushare.pro/document/1?doc_id=27,Fri Sep 04 2026 20:02:33 GMT+0800 (China Standard Time),公开行情历史快照
000858.SZ,五粮液,2025-02-10,127.53,-0.0784,1740615.096,有行情,日线,Asia/Shanghai,2025-12-30T15:00:00+08:00,close为不复权；风险收益使用pct_chg÷100,千元,TuSharePro.daily,https://tushare.pro/document/1?doc_id=27,Fri Sep 04 2026 20:02:33 GMT+0800 (China Standard Time),公开行情历史快照
002594.SZ,比亚迪,2025-02-10,330.13,0.9881,8908518.537,有行情,日线,Asia/Shanghai,2025-12-30T15:00:00+08:00,close为不复权；风险收益使用pct_chg÷100,千元,TuSharePro.daily,https://tushare.pro/document/1?doc_id=27,Fri Sep 04 2026 20:02:33 GMT+0800 (China Standard Time),公开行情历史快照
300750.SZ,宁德时代,2025-02-10,258.45,-1.0831,5928297.101,有行情,日线,Asia/Shanghai,2025-12-30T15:00:00+08:00,close为不复权；风险收益使用pct_chg÷100,千元,TuSharePro.daily,https://tushare.pro/document/1?doc_id=27,Fri Sep 04 2026 20:02:33 GMT+0800 (China Standard Time),公开行情历史快照
600519.SH,贵州茅台,2025-02-10,1431.51,-0.3127,2988101.756,有行情,日线,Asia/Shanghai,2025-12-30T15:00:00+08:00,close为不复权；风险收益使用pct_chg÷100,千元,TuSharePro.daily,https://tushare.pro/document/1?doc_id=27,Fri Sep 04 2026 20:02:33 GMT+0800 (China Standard Time),公开行情历史快照
601318.SH,中国平安,2025-02-10,50.9,0.0393,2203839.896,有行情,日线,Asia/Shanghai,2025-12-30T15:00:00+08:00,close为不复权；风险收益使用pct_chg÷100,千元,TuSharePro.daily,https://tushare.pro/document/1?doc_id=27,Fri Sep 04 2026 20:02:33 GMT+0800 (China Standard Time),公开行情历史快照
000333.SZ,美的集团,2025-02-11,73.7,0.9451,2200715.457,有行情,日线,Asia/Shanghai,2025-12-30T15:00:00+08:00,close为不复权；风险收益使用pct_chg÷100,千元,TuSharePro.daily,https://tushare.pro/document/1?doc_id=27,Fri Sep 04 2026 20:02:33 GMT+0800 (China Standard Time),公开行情历史快照
000858.SZ,五粮液,2025-02-11,126.26,-0.9958,2221320.156,有行情,日线,Asia/Shanghai,2025-12-30T15:00:00+08:00,close为不复权；风险收益使用pct_chg÷100,千元,TuSharePro.daily,https://tushare.pro/document/1?doc_id=27,Fri Sep 04 2026 20:02:33 GMT+0800 (China Standard Time),公开行情历史快照
002594.SZ,比亚迪,2025-02-11,329.9,-0.0697,9315885.53,有行情,日线,Asia/Shanghai,2025-12-30T15:00:00+08:00,close为不复权；风险收益使用pct_chg÷100,千元,TuSharePro.daily,https://tushare.pro/document/1?doc_id=27,Fri Sep 04 2026 20:02:33 GMT+0800 (China Standard Time),公开行情历史快照
300750.SZ,宁德时代,2025-02-11,251.8,-2.573,6268157.35,有行情,日线,Asia/Shanghai,2025-12-30T15:00:00+08:00,close为不复权；风险收益使用pct_chg÷100,千元,TuSharePro.daily,https://tushare.pro/document/1?doc_id=27,Fri Sep 04 2026 20:02:33 GMT+0800 (China Standard Time),公开行情历史快照
600519.SH,贵州茅台,2025-02-11,1418.0,-0.9438,3348668.867,有行情,日线,Asia/Shanghai,2025-12-30T15:00:00+08:00,close为不复权；风险收益使用pct_chg÷100,千元,TuSharePro.daily,https://tushare.pro/document/1?doc_id=27,Fri Sep 04 2026 20:02:33 GMT+0800 (China Standard Time),公开行情历史快照
601318.SH,中国平安,2025-02-11,50.52,-0.7466,1931993.468,有行情,日线,Asia/Shanghai,2025-12-30T15:00:00+08:00,close为不复权；风险收益使用pct_chg÷100,千元,TuSharePro.daily,https://tushare.pro/document/1?doc_id=27,Fri Sep 04 2026 20:02:33 GMT+0800 (China Standard Time),公开行情历史快照
000333.SZ,美的集团,2025-02-12,73.28,-0.5699,1667138.73,有行情,日线,Asia/Shanghai,2025-12-30T15:00:00+08:00,close为不复权；风险收益使用pct_chg÷100,千元,TuSharePro.daily,https://tushare.pro/document/1?doc_id=27,Fri Sep 04 2026 20:02:33 GMT+0800 (China Standard Time),公开行情历史快照
000858.SZ,五粮液,2025-02-12,127.7,1.1405,2240677.199,有行情,日线,Asia/Shanghai,2025-12-30T15:00:00+08:00,close为不复权；风险收益使用pct_chg÷100,千元,TuSharePro.daily,https://tushare.pro/document/1?doc_id=27,Fri Sep 04 2026 20:02:33 GMT+0800 (China Standard Time),公开行情历史快照
002594.SZ,比亚迪,2025-02-12,345.05,4.5923,9451048.634,有行情,日线,Asia/Shanghai,2025-12-30T15:00:00+08:00,close为不复权；风险收益使用pct_chg÷100,千元,TuSharePro.daily,https://tushare.pro/document/1?doc_id=27,Fri Sep 04 2026 20:02:33 GMT+0800 (China Standard Time),公开行情历史快照
300750.SZ,宁德时代,2025-02-12,255.3,1.39,6902713.445,有行情,日线,Asia/Shanghai,2025-12-30T15:00:00+08:00,close为不复权；风险收益使用pct_chg÷100,千元,TuSharePro.daily,https://tushare.pro/document/1?doc_id=27,Fri Sep 04 2026 20:02:33 GMT+0800 (China Standard Time),公开行情历史快照
600519.SH,贵州茅台,2025-02-12,1443.0,1.763,3644170.477,有行情,日线,Asia/Shanghai,2025-12-30T15:00:00+08:00,close为不复权；风险收益使用pct_chg÷100,千元,TuSharePro.daily,https://tushare.pro/document/1?doc_id=27,Fri Sep 04 2026 20:02:33 GMT+0800 (China Standard Time),公开行情历史快照
601318.SH,中国平安,2025-02-12,51.08,1.1085,2261445.451,有行情,日线,Asia/Shanghai,2025-12-30T15:00:00+08:00,close为不复权；风险收益使用pct_chg÷100,千元,TuSharePro.daily,https://tushare.pro/document/1?doc_id=27,Fri Sep 04 2026 20:02:33 GMT+0800 (China Standard Time),公开行情历史快照
000333.SZ,美的集团,2025-02-13,72.14,-1.5557,2979276.852,有行情,日线,Asia/Shanghai,2025-12-30T15:00:00+08:00,close为不复权；风险收益使用pct_chg÷100,千元,TuSharePro.daily,https://tushare.pro/document/1?doc_id=27,Fri Sep 04 2026 20:02:33 GMT+0800 (China Standard Time),公开行情历史快照
000858.SZ,五粮液,2025-02-13,131.51,2.9836,6110655.129,有行情,日线,Asia/Shanghai,2025-12-30T15:00:00+08:00,close为不复权；风险收益使用pct_chg÷100,千元,TuSharePro.daily,https://tushare.pro/document/1?doc_id=27,Fri Sep 04 2026 20:02:33 GMT+0800 (China Standard Time),公开行情历史快照
002594.SZ,比亚迪,2025-02-13,341.3,-1.0868,6859997.621,有行情,日线,Asia/Shanghai,2025-12-30T15:00:00+08:00,close为不复权；风险收益使用pct_chg÷100,千元,TuSharePro.daily,https://tushare.pro/document/1?doc_id=27,Fri Sep 04 2026 20:02:33 GMT+0800 (China Standard Time),公开行情历史快照
300750.SZ,宁德时代,2025-02-13,261.39,2.3854,9803005.761,有行情,日线,Asia/Shanghai,2025-12-30T15:00:00+08:00,close为不复权；风险收益使用pct_chg÷100,千元,TuSharePro.daily,https://tushare.pro/document/1?doc_id=27,Fri Sep 04 2026 20:02:33 GMT+0800 (China Standard Time),公开行情历史快照
600519.SH,贵州茅台,2025-02-13,1465.06,1.5288,6335985.851,有行情,日线,Asia/Shanghai,2025-12-30T15:00:00+08:00,close为不复权；风险收益使用pct_chg÷100,千元,TuSharePro.daily,https://tushare.pro/document/1?doc_id=27,Fri Sep 04 2026 20:02:33 GMT+0800 (China Standard Time),公开行情历史快照
601318.SH,中国平安,2025-02-13,51.02,-0.1175,3019334.998,有行情,日线,Asia/Shanghai,2025-12-30T15:00:00+08:00,close为不复权；风险收益使用pct_chg÷100,千元,TuSharePro.daily,https://tushare.pro/document/1?doc_id=27,Fri Sep 04 2026 20:02:33 GMT+0800 (China Standard Time),公开行情历史快照
000333.SZ,美的集团,2025-02-14,72.49,0.4852,1697819.619,有行情,日线,Asia/Shanghai,2025-12-30T15:00:00+08:00,close为不复权；风险收益使用pct_chg÷100,千元,TuSharePro.daily,https://tushare.pro/document/1?doc_id=27,Fri Sep 04 2026 20:02:33 GMT+0800 (China Standard Time),公开行情历史快照
000858.SZ,五粮液,2025-02-14,131.23,-0.2129,2857398.901,有行情,日线,Asia/Shanghai,2025-12-30T15:00:00+08:00,close为不复权；风险收益使用pct_chg÷100,千元,TuSharePro.daily,https://tushare.pro/document/1?doc_id=27,Fri Sep 04 2026 20:02:33 GMT+0800 (China Standard Time),公开行情历史快照
002594.SZ,比亚迪,2025-02-14,356.05,4.3217,8574633.633,有行情,日线,Asia/Shanghai,2025-12-30T15:00:00+08:00,close为不复权；风险收益使用pct_chg÷100,千元,TuSharePro.daily,https://tushare.pro/document/1?doc_id=27,Fri Sep 04 2026 20:02:33 GMT+0800 (China Standard Time),公开行情历史快照
300750.SZ,宁德时代,2025-02-14,269.71,3.183,10409880.413,有行情,日线,Asia/Shanghai,2025-12-30T15:00:00+08:00,close为不复权；风险收益使用pct_chg÷100,千元,TuSharePro.daily,https://tushare.pro/document/1?doc_id=27,Fri Sep 04 2026 20:02:33 GMT+0800 (China Standard Time),公开行情历史快照
600519.SH,贵州茅台,2025-02-14,1475.0,0.6785,3978694.098,有行情,日线,Asia/Shanghai,2025-12-30T15:00:00+08:00,close为不复权；风险收益使用pct_chg÷100,千元,TuSharePro.daily,https://tushare.pro/document/1?doc_id=27,Fri Sep 04 2026 20:02:33 GMT+0800 (China Standard Time),公开行情历史快照
601318.SH,中国平安,2025-02-14,51.7,1.3328,3080098.77,有行情,日线,Asia/Shanghai,2025-12-30T15:00:00+08:00,close为不复权；风险收益使用pct_chg÷100,千元,TuSharePro.daily,https://tushare.pro/document/1?doc_id=27,Fri Sep 04 2026 20:02:33 GMT+0800 (China Standard Time),公开行情历史快照
000333.SZ,美的集团,2025-02-17,72.04,-0.6208,2886662.764,有行情,日线,Asia/Shanghai,2025-12-30T15:00:00+08:00,close为不复权；风险收益使用pct_chg÷100,千元,TuSharePro.daily,https://tushare.pro/document/1?doc_id=27,Fri Sep 04 2026 20:02:33 GMT+0800 (China Standard Time),公开行情历史快照
000858.SZ,五粮液,2025-02-17,131.55,0.2438,2710093.082,有行情,日线,Asia/Shanghai,2025-12-30T15:00:00+08:00,close为不复权；风险收益使用pct_chg÷100,千元,TuSharePro.daily,https://tushare.pro/document/1?doc_id=27,Fri Sep 04 2026 20:02:33 GMT+0800 (China Standard Time),公开行情历史快照
002594.SZ,比亚迪,2025-02-17,348.5,-2.1205,8111345.839,有行情,日线,Asia/Shanghai,2025-12-30T15:00:00+08:00,close为不复权；风险收益使用pct_chg÷100,千元,TuSharePro.daily,https://tushare.pro/document/1?doc_id=27,Fri Sep 04 2026 20:02:33 GMT+0800 (China Standard Time),公开行情历史快照
300750.SZ,宁德时代,2025-02-17,269.4,-0.1149,6513084.026,有行情,日线,Asia/Shanghai,2025-12-30T15:00:00+08:00,close为不复权；风险收益使用pct_chg÷100,千元,TuSharePro.daily,https://tushare.pro/document/1?doc_id=27,Fri Sep 04 2026 20:02:33 GMT+0800 (China Standard Time),公开行情历史快照
600519.SH,贵州茅台,2025-02-17,1471.62,-0.2292,4804663.813,有行情,日线,Asia/Shanghai,2025-12-30T15:00:00+08:00,close为不复权；风险收益使用pct_chg÷100,千元,TuSharePro.daily,https://tushare.pro/document/1?doc_id=27,Fri Sep 04 2026 20:02:33 GMT+0800 (China Standard Time),公开行情历史快照
601318.SH,中国平安,2025-02-17,51.84,0.2708,3245003.133,有行情,日线,Asia/Shanghai,2025-12-30T15:00:00+08:00,close为不复权；风险收益使用pct_chg÷100,千元,TuSharePro.daily,https://tushare.pro/document/1?doc_id=27,Fri Sep 04 2026 20:02:33 GMT+0800 (China Standard Time),公开行情历史快照
000333.SZ,美的集团,2025-02-18,71.9,-0.1943,2117878.259,有行情,日线,Asia/Shanghai,2025-12-30T15:00:00+08:00,close为不复权；风险收益使用pct_chg÷100,千元,TuSharePro.daily,https://tushare.pro/document/1?doc_id=27,Fri Sep 04 2026 20:02:33 GMT+0800 (China Standard Time),公开行情历史快照
000858.SZ,五粮液,2025-02-18,130.2,-1.0262,2435399.273,有行情,日线,Asia/Shanghai,2025-12-30T15:00:00+08:00,close为不复权；风险收益使用pct_chg÷100,千元,TuSharePro.daily,https://tushare.pro/document/1?doc_id=27,Fri Sep 04 2026 20:02:33 GMT+0800 (China Standard Time),公开行情历史快照
002594.SZ,比亚迪,2025-02-18,356.22,2.2152,8977762.526,有行情,日线,Asia/Shanghai,2025-12-30T15:00:00+08:00,close为不复权；风险收益使用pct_chg÷100,千元,TuSharePro.daily,https://tushare.pro/document/1?doc_id=27,Fri Sep 04 2026 20:02:33 GMT+0800 (China Standard Time),公开行情历史快照
300750.SZ,宁德时代,2025-02-18,270.77,0.5085,6497674.093,有行情,日线,Asia/Shanghai,2025-12-30T15:00:00+08:00,close为不复权；风险收益使用pct_chg÷100,千元,TuSharePro.daily,https://tushare.pro/document/1?doc_id=27,Fri Sep 04 2026 20:02:33 GMT+0800 (China Standard Time),公开行情历史快照
600519.SH,贵州茅台,2025-02-18,1475.0,0.2297,4113845.397,有行情,日线,Asia/Shanghai,2025-12-30T15:00:00+08:00,close为不复权；风险收益使用pct_chg÷100,千元,TuSharePro.daily,https://tushare.pro/document/1?doc_id=27,Fri Sep 04 2026 20:02:33 GMT+0800 (China Standard Time),公开行情历史快照
601318.SH,中国平安,2025-02-18,51.31,-1.0224,3362664.791,有行情,日线,Asia/Shanghai,2025-12-30T15:00:00+08:00,close为不复权；风险收益使用pct_chg÷100,千元,TuSharePro.daily,https://tushare.pro/document/1?doc_id=27,Fri Sep 04 2026 20:02:33 GMT+0800 (China Standard Time),公开行情历史快照
000333.SZ,美的集团,2025-02-19,71.45,-0.6259,2408852.125,有行情,日线,Asia/Shanghai,2025-12-30T15:00:00+08:00,close为不复权；风险收益使用pct_chg÷100,千元,TuSharePro.daily,https://tushare.pro/document/1?doc_id=27,Fri Sep 04 2026 20:02:33 GMT+0800 (China Standard Time),公开行情历史快照
000858.SZ,五粮液,2025-02-19,131.11,0.6989,2003027.066,有行情,日线,Asia/Shanghai,2025-12-30T15:00:00+08:00,close为不复权；风险收益使用pct_chg÷100,千元,TuSharePro.daily,https://tushare.pro/document/1?doc_id=27,Fri Sep 04 2026 20:02:33 GMT+0800 (China Standard Time),公开行情历史快照
002594.SZ,比亚迪,2025-02-19,358.5,0.6401,5784129.67,有行情,日线,Asia/Shanghai,2025-12-30T15:00:00+08:00,close为不复权；风险收益使用pct_chg÷100,千元,TuSharePro.daily,https://tushare.pro/document/1?doc_id=27,Fri Sep 04 2026 20:02:33 GMT+0800 (China Standard Time),公开行情历史快照
300750.SZ,宁德时代,2025-02-19,273.55,1.0267,5580141.096,有行情,日线,Asia/Shanghai,2025-12-30T15:00:00+08:00,close为不复权；风险收益使用pct_chg÷100,千元,TuSharePro.daily,https://tushare.pro/document/1?doc_id=27,Fri Sep 04 2026 20:02:33 GMT+0800 (China Standard Time),公开行情历史快照
600519.SH,贵州茅台,2025-02-19,1491.0,1.0847,4803378.441,有行情,日线,Asia/Shanghai,2025-12-30T15:00:00+08:00,close为不复权；风险收益使用pct_chg÷100,千元,TuSharePro.daily,https://tushare.pro/document/1?doc_id=27,Fri Sep 04 2026 20:02:33 GMT+0800 (China Standard Time),公开行情历史快照
601318.SH,中国平安,2025-02-19,51.45,0.2729,2388611.401,有行情,日线,Asia/Shanghai,2025-12-30T15:00:00+08:00,close为不复权；风险收益使用pct_chg÷100,千元,TuSharePro.daily,https://tushare.pro/document/1?doc_id=27,Fri Sep 04 2026 20:02:33 GMT+0800 (China Standard Time),公开行情历史快照
000333.SZ,美的集团,2025-02-20,71.23,-0.3079,2241810.157,有行情,日线,Asia/Shanghai,2025-12-30T15:00:00+08:00,close为不复权；风险收益使用pct_chg÷100,千元,TuSharePro.daily,https://tushare.pro/document/1?doc_id=27,Fri Sep 04 2026 20:02:33 GMT+0800 (China Standard Time),公开行情历史快照
000858.SZ,五粮液,2025-02-20,130.5,-0.4653,1737767.288,有行情,日线,Asia/Shanghai,2025-12-30T15:00:00+08:00,close为不复权；风险收益使用pct_chg÷100,千元,TuSharePro.daily,https://tushare.pro/document/1?doc_id=27,Fri Sep 04 2026 20:02:33 GMT+0800 (China Standard Time),公开行情历史快照
002594.SZ,比亚迪,2025-02-20,362.78,1.1939,5695876.655,有行情,日线,Asia/Shanghai,2025-12-30T15:00:00+08:00,close为不复权；风险收益使用pct_chg÷100,千元,TuSharePro.daily,https://tushare.pro/document/1?doc_id=27,Fri Sep 04 2026 20:02:33 GMT+0800 (China Standard Time),公开行情历史快照
300750.SZ,宁德时代,2025-02-20,270.2,-1.2246,5267400.819,有行情,日线,Asia/Shanghai,2025-12-30T15:00:00+08:00,close为不复权；风险收益使用pct_chg÷100,千元,TuSharePro.daily,https://tushare.pro/document/1?doc_id=27,Fri Sep 04 2026 20:02:33 GMT+0800 (China Standard Time),公开行情历史快照
600519.SH,贵州茅台,2025-02-20,1474.0,-1.1402,3513552.984,有行情,日线,Asia/Shanghai,2025-12-30T15:00:00+08:00,close为不复权；风险收益使用pct_chg÷100,千元,TuSharePro.daily,https://tushare.pro/document/1?doc_id=27,Fri Sep 04 2026 20:02:33 GMT+0800 (China Standard Time),公开行情历史快照
601318.SH,中国平安,2025-02-20,50.78,-1.3022,2620444.374,有行情,日线,Asia/Shanghai,2025-12-30T15:00:00+08:00,close为不复权；风险收益使用pct_chg÷100,千元,TuSharePro.daily,https://tushare.pro/document/1?doc_id=27,Fri Sep 04 2026 20:02:33 GMT+0800 (China Standard Time),公开行情历史快照
000333.SZ,美的集团,2025-02-21,70.59,-0.8985,3903770.927,有行情,日线,Asia/Shanghai,2025-12-30T15:00:00+08:00,close为不复权；风险收益使用pct_chg÷100,千元,TuSharePro.daily,https://tushare.pro/document/1?doc_id=27,Fri Sep 04 2026 20:02:33 GMT+0800 (China Standard Time),公开行情历史快照
000858.SZ,五粮液,2025-02-21,131.12,0.4751,2756687.286,有行情,日线,Asia/Shanghai,2025-12-30T15:00:00+08:00,close为不复权；风险收益使用pct_chg÷100,千元,TuSharePro.daily,https://tushare.pro/document/1?doc_id=27,Fri Sep 04 2026 20:02:33 GMT+0800 (China Standard Time),公开行情历史快照
002594.SZ,比亚迪,2025-02-21,383.0,5.5736,9089497.618,有行情,日线,Asia/Shanghai,2025-12-30T15:00:00+08:00,close为不复权；风险收益使用pct_chg÷100,千元,TuSharePro.daily,https://tushare.pro/document/1?doc_id=27,Fri Sep 04 2026 20:02:33 GMT+0800 (China Standard Time),公开行情历史快照
300750.SZ,宁德时代,2025-02-21,275.55,1.98,8443562.273,有行情,日线,Asia/Shanghai,2025-12-30T15:00:00+08:00,close为不复权；风险收益使用pct_chg÷100,千元,TuSharePro.daily,https://tushare.pro/document/1?doc_id=27,Fri Sep 04 2026 20:02:33 GMT+0800 (China Standard Time),公开行情历史快照
600519.SH,贵州茅台,2025-02-21,1488.21,0.964,5418169.587,有行情,日线,Asia/Shanghai,2025-12-30T15:00:00+08:00,close为不复权；风险收益使用pct_chg÷100,千元,TuSharePro.daily,https://tushare.pro/document/1?doc_id=27,Fri Sep 04 2026 20:02:33 GMT+0800 (China Standard Time),公开行情历史快照
601318.SH,中国平安,2025-02-21,51.2,0.8271,3415352.331,有行情,日线,Asia/Shanghai,2025-12-30T15:00:00+08:00,close为不复权；风险收益使用pct_chg÷100,千元,TuSharePro.daily,https://tushare.pro/document/1?doc_id=27,Fri Sep 04 2026 20:02:33 GMT+0800 (China Standard Time),公开行情历史快照
000333.SZ,美的集团,2025-02-24,70.89,0.425,3326317.437,有行情,日线,Asia/Shanghai,2025-12-30T15:00:00+08:00,close为不复权；风险收益使用pct_chg÷100,千元,TuSharePro.daily,https://tushare.pro/document/1?doc_id=27,Fri Sep 04 2026 20:02:33 GMT+0800 (China Standard Time),公开行情历史快照
000858.SZ,五粮液,2025-02-24,131.9,0.5949,3229422.469,有行情,日线,Asia/Shanghai,2025-12-30T15:00:00+08:00,close为不复权；风险收益使用pct_chg÷100,千元,TuSharePro.daily,https://tushare.pro/document/1?doc_id=27,Fri Sep 04 2026 20:02:33 GMT+0800 (China Standard Time),公开行情历史快照
002594.SZ,比亚迪,2025-02-24,376.28,-1.7546,7586289.374,有行情,日线,Asia/Shanghai,2025-12-30T15:00:00+08:00,close为不复权；风险收益使用pct_chg÷100,千元,TuSharePro.daily,https://tushare.pro/document/1?doc_id=27,Fri Sep 04 2026 20:02:33 GMT+0800 (China Standard Time),公开行情历史快照
300750.SZ,宁德时代,2025-02-24,271.5,-1.4698,7510840.228,有行情,日线,Asia/Shanghai,2025-12-30T15:00:00+08:00,close为不复权；风险收益使用pct_chg÷100,千元,TuSharePro.daily,https://tushare.pro/document/1?doc_id=27,Fri Sep 04 2026 20:02:33 GMT+0800 (China Standard Time),公开行情历史快照
600519.SH,贵州茅台,2025-02-24,1479.07,-0.6142,5157907.322,有行情,日线,Asia/Shanghai,2025-12-30T15:00:00+08:00,close为不复权；风险收益使用pct_chg÷100,千元,TuSharePro.daily,https://tushare.pro/document/1?doc_id=27,Fri Sep 04 2026 20:02:33 GMT+0800 (China Standard Time),公开行情历史快照
601318.SH,中国平安,2025-02-24,52.0,1.5625,4341042.76,有行情,日线,Asia/Shanghai,2025-12-30T15:00:00+08:00,close为不复权；风险收益使用pct_chg÷100,千元,TuSharePro.daily,https://tushare.pro/document/1?doc_id=27,Fri Sep 04 2026 20:02:33 GMT+0800 (China Standard Time),公开行情历史快照
000333.SZ,美的集团,2025-02-25,69.03,-2.6238,3932087.508,有行情,日线,Asia/Shanghai,2025-12-30T15:00:00+08:00,close为不复权；风险收益使用pct_chg÷100,千元,TuSharePro.daily,https://tushare.pro/document/1?doc_id=27,Fri Sep 04 2026 20:02:33 GMT+0800 (China Standard Time),公开行情历史快照
000858.SZ,五粮液,2025-02-25,128.75,-2.3882,2872796.622,有行情,日线,Asia/Shanghai,2025-12-30T15:00:00+08:00,close为不复权；风险收益使用pct_chg÷100,千元,TuSharePro.daily,https://tushare.pro/document/1?doc_id=27,Fri Sep 04 2026 20:02:33 GMT+0800 (China Standard Time),公开行情历史快照
002594.SZ,比亚迪,2025-02-25,372.49,-1.0072,6008878.409,有行情,日线,Asia/Shanghai,2025-12-30T15:00:00+08:00,close为不复权；风险收益使用pct_chg÷100,千元,TuSharePro.daily,https://tushare.pro/document/1?doc_id=27,Fri Sep 04 2026 20:02:33 GMT+0800 (China Standard Time),公开行情历史快照
300750.SZ,宁德时代,2025-02-25,269.48,-0.744,6243748.571,有行情,日线,Asia/Shanghai,2025-12-30T15:00:00+08:00,close为不复权；风险收益使用pct_chg÷100,千元,TuSharePro.daily,https://tushare.pro/document/1?doc_id=27,Fri Sep 04 2026 20:02:33 GMT+0800 (China Standard Time),公开行情历史快照
600519.SH,贵州茅台,2025-02-25,1454.0,-1.695,4142814.459,有行情,日线,Asia/Shanghai,2025-12-30T15:00:00+08:00,close为不复权；风险收益使用pct_chg÷100,千元,TuSharePro.daily,https://tushare.pro/document/1?doc_id=27,Fri Sep 04 2026 20:02:33 GMT+0800 (China Standard Time),公开行情历史快照
601318.SH,中国平安,2025-02-25,50.98,-1.9615,3298896.562,有行情,日线,Asia/Shanghai,2025-12-30T15:00:00+08:00,close为不复权；风险收益使用pct_chg÷100,千元,TuSharePro.daily,https://tushare.pro/document/1?doc_id=27,Fri Sep 04 2026 20:02:33 GMT+0800 (China Standard Time),公开行情历史快照
000333.SZ,美的集团,2025-02-26,70.12,1.579,2820753.654,有行情,日线,Asia/Shanghai,2025-12-30T15:00:00+08:00,close为不复权；风险收益使用pct_chg÷100,千元,TuSharePro.daily,https://tushare.pro/document/1?doc_id=27,Fri Sep 04 2026 20:02:33 GMT+0800 (China Standard Time),公开行情历史快照
000858.SZ,五粮液,2025-02-26,129.8,0.8155,2311292.3,有行情,日线,Asia/Shanghai,2025-12-30T15:00:00+08:00,close为不复权；风险收益使用pct_chg÷100,千元,TuSharePro.daily,https://tushare.pro/document/1?doc_id=27,Fri Sep 04 2026 20:02:33 GMT+0800 (China Standard Time),公开行情历史快照
002594.SZ,比亚迪,2025-02-26,372.1,-0.1047,5125594.765,有行情,日线,Asia/Shanghai,2025-12-30T15:00:00+08:00,close为不复权；风险收益使用pct_chg÷100,千元,TuSharePro.daily,https://tushare.pro/document/1?doc_id=27,Fri Sep 04 2026 20:02:33 GMT+0800 (China Standard Time),公开行情历史快照
300750.SZ,宁德时代,2025-02-26,268.62,-0.3191,5698649.75,有行情,日线,Asia/Shanghai,2025-12-30T15:00:00+08:00,close为不复权；风险收益使用pct_chg÷100,千元,TuSharePro.daily,https://tushare.pro/document/1?doc_id=27,Fri Sep 04 2026 20:02:33 GMT+0800 (China Standard Time),公开行情历史快照
600519.SH,贵州茅台,2025-02-26,1460.01,0.4133,3835949.041,有行情,日线,Asia/Shanghai,2025-12-30T15:00:00+08:00,close为不复权；风险收益使用pct_chg÷100,千元,TuSharePro.daily,https://tushare.pro/document/1?doc_id=27,Fri Sep 04 2026 20:02:33 GMT+0800 (China Standard Time),公开行情历史快照
601318.SH,中国平安,2025-02-26,51.62,1.2554,2758370.362,有行情,日线,Asia/Shanghai,2025-12-30T15:00:00+08:00,close为不复权；风险收益使用pct_chg÷100,千元,TuSharePro.daily,https://tushare.pro/document/1?doc_id=27,Fri Sep 04 2026 20:02:33 GMT+0800 (China Standard Time),公开行情历史快照
000333.SZ,美的集团,2025-02-27,72.48,3.3657,4700242.778,有行情,日线,Asia/Shanghai,2025-12-30T15:00:00+08:00,close为不复权；风险收益使用pct_chg÷100,千元,TuSharePro.daily,https://tushare.pro/document/1?doc_id=27,Fri Sep 04 2026 20:02:33 GMT+0800 (China Standard Time),公开行情历史快照
000858.SZ,五粮液,2025-02-27,132.75,2.2727,4909364.775,有行情,日线,Asia/Shanghai,2025-12-30T15:00:00+08:00,close为不复权；风险收益使用pct_chg÷100,千元,TuSharePro.daily,https://tushare.pro/document/1?doc_id=27,Fri Sep 04 2026 20:02:33 GMT+0800 (China Standard Time),公开行情历史快照
002594.SZ,比亚迪,2025-02-27,375.5,0.9137,6350435.99,有行情,日线,Asia/Shanghai,2025-12-30T15:00:00+08:00,close为不复权；风险收益使用pct_chg÷100,千元,TuSharePro.daily,https://tushare.pro/document/1?doc_id=27,Fri Sep 04 2026 20:02:33 GMT+0800 (China Standard Time),公开行情历史快照
300750.SZ,宁德时代,2025-02-27,270.0,0.5137,6250587.95,有行情,日线,Asia/Shanghai,2025-12-30T15:00:00+08:00,close为不复权；风险收益使用pct_chg÷100,千元,TuSharePro.daily,https://tushare.pro/document/1?doc_id=27,Fri Sep 04 2026 20:02:33 GMT+0800 (China Standard Time),公开行情历史快照
600519.SH,贵州茅台,2025-02-27,1485.56,1.75,7368002.361,有行情,日线,Asia/Shanghai,2025-12-30T15:00:00+08:00,close为不复权；风险收益使用pct_chg÷100,千元,TuSharePro.daily,https://tushare.pro/document/1?doc_id=27,Fri Sep 04 2026 20:02:33 GMT+0800 (China Standard Time),公开行情历史快照
601318.SH,中国平安,2025-02-27,51.62,0.0,2813972.257,有行情,日线,Asia/Shanghai,2025-12-30T15:00:00+08:00,close为不复权；风险收益使用pct_chg÷100,千元,TuSharePro.daily,https://tushare.pro/document/1?doc_id=27,Fri Sep 04 2026 20:02:33 GMT+0800 (China Standard Time),公开行情历史快照
000333.SZ,美的集团,2025-02-28,73.05,0.7864,3702978.856,有行情,日线,Asia/Shanghai,2025-12-30T15:00:00+08:00,close为不复权；风险收益使用pct_chg÷100,千元,TuSharePro.daily,https://tushare.pro/document/1?doc_id=27,Fri Sep 04 2026 20:02:33 GMT+0800 (China Standard Time),公开行情历史快照
000858.SZ,五粮液,2025-02-28,131.58,-0.8814,4510232.386,有行情,日线,Asia/Shanghai,2025-12-30T15:00:00+08:00,close为不复权；风险收益使用pct_chg÷100,千元,TuSharePro.daily,https://tushare.pro/document/1?doc_id=27,Fri Sep 04 2026 20:02:33 GMT+0800 (China Standard Time),公开行情历史快照
002594.SZ,比亚迪,2025-02-28,361.82,-3.6431,8762214.822,有行情,日线,Asia/Shanghai,2025-12-30T15:00:00+08:00,close为不复权；风险收益使用pct_chg÷100,千元,TuSharePro.daily,https://tushare.pro/document/1?doc_id=27,Fri Sep 04 2026 20:02:33 GMT+0800 (China Standard Time),公开行情历史快照
300750.SZ,宁德时代,2025-02-28,264.3,-2.1111,5935077.345,有行情,日线,Asia/Shanghai,2025-12-30T15:00:00+08:00,close为不复权；风险收益使用pct_chg÷100,千元,TuSharePro.daily,https://tushare.pro/document/1?doc_id=27,Fri Sep 04 2026 20:02:33 GMT+0800 (China Standard Time),公开行情历史快照
600519.SH,贵州茅台,2025-02-28,1500.79,1.0252,8475738.166,有行情,日线,Asia/Shanghai,2025-12-30T15:00:00+08:00,close为不复权；风险收益使用pct_chg÷100,千元,TuSharePro.daily,https://tushare.pro/document/1?doc_id=27,Fri Sep 04 2026 20:02:33 GMT+0800 (China Standard Time),公开行情历史快照
601318.SH,中国平安,2025-02-28,50.38,-2.4022,4102825.272,有行情,日线,Asia/Shanghai,2025-12-30T15:00:00+08:00,close为不复权；风险收益使用pct_chg÷100,千元,TuSharePro.daily,https://tushare.pro/document/1?doc_id=27,Fri Sep 04 2026 20:02:33 GMT+0800 (China Standard Time),公开行情历史快照
000333.SZ,美的集团,2025-03-03,71.0,-2.8063,2908667.199,有行情,日线,Asia/Shanghai,2025-12-30T15:00:00+08:00,close为不复权；风险收益使用pct_chg÷100,千元,TuSharePro.daily,https://tushare.pro/document/1?doc_id=27,Fri Sep 04 2026 20:02:33 GMT+0800 (China Standard Time),公开行情历史快照
000858.SZ,五粮液,2025-03-03,130.84,-0.5624,2780161.096,有行情,日线,Asia/Shanghai,2025-12-30T15:00:00+08:00,close为不复权；风险收益使用pct_chg÷100,千元,TuSharePro.daily,https://tushare.pro/document/1?doc_id=27,Fri Sep 04 2026 20:02:33 GMT+0800 (China Standard Time),公开行情历史快照
002594.SZ,比亚迪,2025-03-03,360.21,-0.445,5524500.397,有行情,日线,Asia/Shanghai,2025-12-30T15:00:00+08:00,close为不复权；风险收益使用pct_chg÷100,千元,TuSharePro.daily,https://tushare.pro/document/1?doc_id=27,Fri Sep 04 2026 20:02:33 GMT+0800 (China Standard Time),公开行情历史快照
300750.SZ,宁德时代,2025-03-03,273.53,3.4922,10603328.988,有行情,日线,Asia/Shanghai,2025-12-30T15:00:00+08:00,close为不复权；风险收益使用pct_chg÷100,千元,TuSharePro.daily,https://tushare.pro/document/1?doc_id=27,Fri Sep 04 2026 20:02:33 GMT+0800 (China Standard Time),公开行情历史快照
600519.SH,贵州茅台,2025-03-03,1487.02,-0.9175,4736679.903,有行情,日线,Asia/Shanghai,2025-12-30T15:00:00+08:00,close为不复权；风险收益使用pct_chg÷100,千元,TuSharePro.daily,https://tushare.pro/document/1?doc_id=27,Fri Sep 04 2026 20:02:33 GMT+0800 (China Standard Time),公开行情历史快照
601318.SH,中国平安,2025-03-03,50.33,-0.0992,2135730.015,有行情,日线,Asia/Shanghai,2025-12-30T15:00:00+08:00,close为不复权；风险收益使用pct_chg÷100,千元,TuSharePro.daily,https://tushare.pro/document/1?doc_id=27,Fri Sep 04 2026 20:02:33 GMT+0800 (China Standard Time),公开行情历史快照
000333.SZ,美的集团,2025-03-04,71.97,1.3662,2159097.772,有行情,日线,Asia/Shanghai,2025-12-30T15:00:00+08:00,close为不复权；风险收益使用pct_chg÷100,千元,TuSharePro.daily,https://tushare.pro/document/1?doc_id=27,Fri Sep 04 2026 20:02:33 GMT+0800 (China Standard Time),公开行情历史快照
000858.SZ,五粮液,2025-03-04,129.75,-0.8331,1933207.044,有行情,日线,Asia/Shanghai,2025-12-30T15:00:00+08:00,close为不复权；风险收益使用pct_chg÷100,千元,TuSharePro.daily,https://tushare.pro/document/1?doc_id=27,Fri Sep 04 2026 20:02:33 GMT+0800 (China Standard Time),公开行情历史快照
002594.SZ,比亚迪,2025-03-04,344.84,-4.267,9062924.96,有行情,日线,Asia/Shanghai,2025-12-30T15:00:00+08:00,close为不复权；风险收益使用pct_chg÷100,千元,TuSharePro.daily,https://tushare.pro/document/1?doc_id=27,Fri Sep 04 2026 20:02:33 GMT+0800 (China Standard Time),公开行情历史快照
300750.SZ,宁德时代,2025-03-04,263.0,-3.8497,7115460.892,有行情,日线,Asia/Shanghai,2025-12-30T15:00:00+08:00,close为不复权；风险收益使用pct_chg÷100,千元,TuSharePro.daily,https://tushare.pro/document/1?doc_id=27,Fri Sep 04 2026 20:02:33 GMT+0800 (China Standard Time),公开行情历史快照
600519.SH,贵州茅台,2025-03-04,1470.11,-1.1372,3710675.863,有行情,日线,Asia/Shanghai,2025-12-30T15:00:00+08:00,close为不复权；风险收益使用pct_chg÷100,千元,TuSharePro.daily,https://tushare.pro/document/1?doc_id=27,Fri Sep 04 2026 20:02:33 GMT+0800 (China Standard Time),公开行情历史快照
601318.SH,中国平安,2025-03-04,50.08,-0.4967,1867141.471,有行情,日线,Asia/Shanghai,2025-12-30T15:00:00+08:00,close为不复权；风险收益使用pct_chg÷100,千元,TuSharePro.daily,https://tushare.pro/document/1?doc_id=27,Fri Sep 04 2026 20:02:33 GMT+0800 (China Standard Time),公开行情历史快照
000333.SZ,美的集团,2025-03-05,71.75,-0.3057,2050696.436,有行情,日线,Asia/Shanghai,2025-12-30T15:00:00+08:00,close为不复权；风险收益使用pct_chg÷100,千元,TuSharePro.daily,https://tushare.pro/document/1?doc_id=27,Fri Sep 04 2026 20:02:33 GMT+0800 (China Standard Time),公开行情历史快照
000858.SZ,五粮液,2025-03-05,128.61,-0.8786,2558423.708,有行情,日线,Asia/Shanghai,2025-12-30T15:00:00+08:00,close为不复权；风险收益使用pct_chg÷100,千元,TuSharePro.daily,https://tushare.pro/document/1?doc_id=27,Fri Sep 04 2026 20:02:33 GMT+0800 (China Standard Time),公开行情历史快照
002594.SZ,比亚迪,2025-03-05,353.96,2.6447,4885879.812,有行情,日线,Asia/Shanghai,2025-12-30T15:00:00+08:00,close为不复权；风险收益使用pct_chg÷100,千元,TuSharePro.daily,https://tushare.pro/document/1?doc_id=27,Fri Sep 04 2026 20:02:33 GMT+0800 (China Standard Time),公开行情历史快照
300750.SZ,宁德时代,2025-03-05,260.99,-0.7643,5438997.026,有行情,日线,Asia/Shanghai,2025-12-30T15:00:00+08:00,close为不复权；风险收益使用pct_chg÷100,千元,TuSharePro.daily,https://tushare.pro/document/1?doc_id=27,Fri Sep 04 2026 20:02:33 GMT+0800 (China Standard Time),公开行情历史快照
600519.SH,贵州茅台,2025-03-05,1466.37,-0.2544,3606932.152,有行情,日线,Asia/Shanghai,2025-12-30T15:00:00+08:00,close为不复权；风险收益使用pct_chg÷100,千元,TuSharePro.daily,https://tushare.pro/document/1?doc_id=27,Fri Sep 04 2026 20:02:33 GMT+0800 (China Standard Time),公开行情历史快照
601318.SH,中国平安,2025-03-05,50.38,0.599,2287766.876,有行情,日线,Asia/Shanghai,2025-12-30T15:00:00+08:00,close为不复权；风险收益使用pct_chg÷100,千元,TuSharePro.daily,https://tushare.pro/document/1?doc_id=27,Fri Sep 04 2026 20:02:33 GMT+0800 (China Standard Time),公开行情历史快照
000333.SZ,美的集团,2025-03-06,71.14,-0.8502,2857881.528,有行情,日线,Asia/Shanghai,2025-12-30T15:00:00+08:00,close为不复权；风险收益使用pct_chg÷100,千元,TuSharePro.daily,https://tushare.pro/document/1?doc_id=27,Fri Sep 04 2026 20:02:33 GMT+0800 (China Standard Time),公开行情历史快照
000858.SZ,五粮液,2025-03-06,131.68,2.3871,3075149.47,有行情,日线,Asia/Shanghai,2025-12-30T15:00:00+08:00,close为不复权；风险收益使用pct_chg÷100,千元,TuSharePro.daily,https://tushare.pro/document/1?doc_id=27,Fri Sep 04 2026 20:02:33 GMT+0800 (China Standard Time),公开行情历史快照
002594.SZ,比亚迪,2025-03-06,358.93,1.4041,4120637.645,有行情,日线,Asia/Shanghai,2025-12-30T15:00:00+08:00,close为不复权；风险收益使用pct_chg÷100,千元,TuSharePro.daily,https://tushare.pro/document/1?doc_id=27,Fri Sep 04 2026 20:02:33 GMT+0800 (China Standard Time),公开行情历史快照
300750.SZ,宁德时代,2025-03-06,264.31,1.2721,6601078.272,有行情,日线,Asia/Shanghai,2025-12-30T15:00:00+08:00,close为不复权；风险收益使用pct_chg÷100,千元,TuSharePro.daily,https://tushare.pro/document/1?doc_id=27,Fri Sep 04 2026 20:02:33 GMT+0800 (China Standard Time),公开行情历史快照
600519.SH,贵州茅台,2025-03-06,1505.98,2.7012,6297117.4,有行情,日线,Asia/Shanghai,2025-12-30T15:00:00+08:00,close为不复权；风险收益使用pct_chg÷100,千元,TuSharePro.daily,https://tushare.pro/document/1?doc_id=27,Fri Sep 04 2026 20:02:33 GMT+0800 (China Standard Time),公开行情历史快照
601318.SH,中国平安,2025-03-06,51.64,2.501,5369202.399,有行情,日线,Asia/Shanghai,2025-12-30T15:00:00+08:00,close为不复权；风险收益使用pct_chg÷100,千元,TuSharePro.daily,https://tushare.pro/document/1?doc_id=27,Fri Sep 04 2026 20:02:33 GMT+0800 (China Standard Time),公开行情历史快照
000333.SZ,美的集团,2025-03-07,70.79,-0.492,2228492.957,有行情,日线,Asia/Shanghai,2025-12-30T15:00:00+08:00,close为不复权；风险收益使用pct_chg÷100,千元,TuSharePro.daily,https://tushare.pro/document/1?doc_id=27,Fri Sep 04 2026 20:02:33 GMT+0800 (China Standard Time),公开行情历史快照
000858.SZ,五粮液,2025-03-07,134.8,2.3694,4536723.523,有行情,日线,Asia/Shanghai,2025-12-30T15:00:00+08:00,close为不复权；风险收益使用pct_chg÷100,千元,TuSharePro.daily,https://tushare.pro/document/1?doc_id=27,Fri Sep 04 2026 20:02:33 GMT+0800 (China Standard Time),公开行情历史快照
002594.SZ,比亚迪,2025-03-07,356.4,-0.7049,3131517.605,有行情,日线,Asia/Shanghai,2025-12-30T15:00:00+08:00,close为不复权；风险收益使用pct_chg÷100,千元,TuSharePro.daily,https://tushare.pro/document/1?doc_id=27,Fri Sep 04 2026 20:02:33 GMT+0800 (China Standard Time),公开行情历史快照
300750.SZ,宁德时代,2025-03-07,260.76,-1.3431,5812794.649,有行情,日线,Asia/Shanghai,2025-12-30T15:00:00+08:00,close为不复权；风险收益使用pct_chg÷100,千元,TuSharePro.daily,https://tushare.pro/document/1?doc_id=27,Fri Sep 04 2026 20:02:33 GMT+0800 (China Standard Time),公开行情历史快照
600519.SH,贵州茅台,2025-03-07,1521.0,0.9974,5760608.729,有行情,日线,Asia/Shanghai,2025-12-30T15:00:00+08:00,close为不复权；风险收益使用pct_chg÷100,千元,TuSharePro.daily,https://tushare.pro/document/1?doc_id=27,Fri Sep 04 2026 20:02:33 GMT+0800 (China Standard Time),公开行情历史快照
601318.SH,中国平安,2025-03-07,51.5,-0.2711,2481121.736,有行情,日线,Asia/Shanghai,2025-12-30T15:00:00+08:00,close为不复权；风险收益使用pct_chg÷100,千元,TuSharePro.daily,https://tushare.pro/document/1?doc_id=27,Fri Sep 04 2026 20:02:33 GMT+0800 (China Standard Time),公开行情历史快照
000333.SZ,美的集团,2025-03-10,71.07,0.3955,1937259.286,有行情,日线,Asia/Shanghai,2025-12-30T15:00:00+08:00,close为不复权；风险收益使用pct_chg÷100,千元,TuSharePro.daily,https://tushare.pro/document/1?doc_id=27,Fri Sep 04 2026 20:02:33 GMT+0800 (China Standard Time),公开行情历史快照
000858.SZ,五粮液,2025-03-10,132.69,-1.5653,2735377.366,有行情,日线,Asia/Shanghai,2025-12-30T15:00:00+08:00,close为不复权；风险收益使用pct_chg÷100,千元,TuSharePro.daily,https://tushare.pro/document/1?doc_id=27,Fri Sep 04 2026 20:02:33 GMT+0800 (China Standard Time),公开行情历史快照
002594.SZ,比亚迪,2025-03-10,351.0,-1.5152,3484351.089,有行情,日线,Asia/Shanghai,2025-12-30T15:00:00+08:00,close为不复权；风险收益使用pct_chg÷100,千元,TuSharePro.daily,https://tushare.pro/document/1?doc_id=27,Fri Sep 04 2026 20:02:33 GMT+0800 (China Standard Time),公开行情历史快照
300750.SZ,宁德时代,2025-03-10,256.5,-1.6337,7355227.161,有行情,日线,Asia/Shanghai,2025-12-30T15:00:00+08:00,close为不复权；风险收益使用pct_chg÷100,千元,TuSharePro.daily,https://tushare.pro/document/1?doc_id=27,Fri Sep 04 2026 20:02:33 GMT+0800 (China Standard Time),公开行情历史快照
600519.SH,贵州茅台,2025-03-10,1522.9,0.1249,4758789.26,有行情,日线,Asia/Shanghai,2025-12-30T15:00:00+08:00,close为不复权；风险收益使用pct_chg÷100,千元,TuSharePro.daily,https://tushare.pro/document/1?doc_id=27,Fri Sep 04 2026 20:02:33 GMT+0800 (China Standard Time),公开行情历史快照
601318.SH,中国平安,2025-03-10,51.25,-0.4854,3121852.67,有行情,日线,Asia/Shanghai,2025-12-30T15:00:00+08:00,close为不复权；风险收益使用pct_chg÷100,千元,TuSharePro.daily,https://tushare.pro/document/1?doc_id=27,Fri Sep 04 2026 20:02:33 GMT+0800 (China Standard Time),公开行情历史快照
000333.SZ,美的集团,2025-03-11,70.93,-0.197,1788427.242,有行情,日线,Asia/Shanghai,2025-12-30T15:00:00+08:00,close为不复权；风险收益使用pct_chg÷100,千元,TuSharePro.daily,https://tushare.pro/document/1?doc_id=27,Fri Sep 04 2026 20:02:33 GMT+0800 (China Standard Time),公开行情历史快照
000858.SZ,五粮液,2025-03-11,135.2,1.8916,4304327.283,有行情,日线,Asia/Shanghai,2025-12-30T15:00:00+08:00,close为不复权；风险收益使用pct_chg÷100,千元,TuSharePro.daily,https://tushare.pro/document/1?doc_id=27,Fri Sep 04 2026 20:02:33 GMT+0800 (China Standard Time),公开行情历史快照
002594.SZ,比亚迪,2025-03-11,350.38,-0.1766,3314689.326,有行情,日线,Asia/Shanghai,2025-12-30T15:00:00+08:00,close为不复权；风险收益使用pct_chg÷100,千元,TuSharePro.daily,https://tushare.pro/document/1?doc_id=27,Fri Sep 04 2026 20:02:33 GMT+0800 (China Standard Time),公开行情历史快照
300750.SZ,宁德时代,2025-03-11,255.2,-0.5068,4355529.583,有行情,日线,Asia/Shanghai,2025-12-30T15:00:00+08:00,close为不复权；风险收益使用pct_chg÷100,千元,TuSharePro.daily,https://tushare.pro/document/1?doc_id=27,Fri Sep 04 2026 20:02:33 GMT+0800 (China Standard Time),公开行情历史快照
600519.SH,贵州茅台,2025-03-11,1548.68,1.6928,6094007.854,有行情,日线,Asia/Shanghai,2025-12-30T15:00:00+08:00,close为不复权；风险收益使用pct_chg÷100,千元,TuSharePro.daily,https://tushare.pro/document/1?doc_id=27,Fri Sep 04 2026 20:02:33 GMT+0800 (China Standard Time),公开行情历史快照
601318.SH,中国平安,2025-03-11,51.5,0.4878,2702757.544,有行情,日线,Asia/Shanghai,2025-12-30T15:00:00+08:00,close为不复权；风险收益使用pct_chg÷100,千元,TuSharePro.daily,https://tushare.pro/document/1?doc_id=27,Fri Sep 04 2026 20:02:33 GMT+0800 (China Standard Time),公开行情历史快照
000333.SZ,美的集团,2025-03-12,70.1,-1.1702,2117631.624,有行情,日线,Asia/Shanghai,2025-12-30T15:00:00+08:00,close为不复权；风险收益使用pct_chg÷100,千元,TuSharePro.daily,https://tushare.pro/document/1?doc_id=27,Fri Sep 04 2026 20:02:33 GMT+0800 (China Standard Time),公开行情历史快照
000858.SZ,五粮液,2025-03-12,132.97,-1.6494,3844719.012,有行情,日线,Asia/Shanghai,2025-12-30T15:00:00+08:00,close为不复权；风险收益使用pct_chg÷100,千元,TuSharePro.daily,https://tushare.pro/document/1?doc_id=27,Fri Sep 04 2026 20:02:33 GMT+0800 (China Standard Time),公开行情历史快照
002594.SZ,比亚迪,2025-03-12,351.0,0.177,4593312.533,有行情,日线,Asia/Shanghai,2025-12-30T15:00:00+08:00,close为不复权；风险收益使用pct_chg÷100,千元,TuSharePro.daily,https://tushare.pro/document/1?doc_id=27,Fri Sep 04 2026 20:02:33 GMT+0800 (China Standard Time),公开行情历史快照
300750.SZ,宁德时代,2025-03-12,254.5,-0.2743,5058919.204,有行情,日线,Asia/Shanghai,2025-12-30T15:00:00+08:00,close为不复权；风险收益使用pct_chg÷100,千元,TuSharePro.daily,https://tushare.pro/document/1?doc_id=27,Fri Sep 04 2026 20:02:33 GMT+0800 (China Standard Time),公开行情历史快照
600519.SH,贵州茅台,2025-03-12,1542.58,-0.3939,4552923.644,有行情,日线,Asia/Shanghai,2025-12-30T15:00:00+08:00,close为不复权；风险收益使用pct_chg÷100,千元,TuSharePro.daily,https://tushare.pro/document/1?doc_id=27,Fri Sep 04 2026 20:02:33 GMT+0800 (China Standard Time),公开行情历史快照
601318.SH,中国平安,2025-03-12,51.15,-0.6796,2410921.164,有行情,日线,Asia/Shanghai,2025-12-30T15:00:00+08:00,close为不复权；风险收益使用pct_chg÷100,千元,TuSharePro.daily,https://tushare.pro/document/1?doc_id=27,Fri Sep 04 2026 20:02:33 GMT+0800 (China Standard Time),公开行情历史快照
000333.SZ,美的集团,2025-03-13,70.01,-0.1284,1774959.974,有行情,日线,Asia/Shanghai,2025-12-30T15:00:00+08:00,close为不复权；风险收益使用pct_chg÷100,千元,TuSharePro.daily,https://tushare.pro/document/1?doc_id=27,Fri Sep 04 2026 20:02:33 GMT+0800 (China Standard Time),公开行情历史快照
000858.SZ,五粮液,2025-03-13,132.39,-0.4362,2233018.515,有行情,日线,Asia/Shanghai,2025-12-30T15:00:00+08:00,close为不复权；风险收益使用pct_chg÷100,千元,TuSharePro.daily,https://tushare.pro/document/1?doc_id=27,Fri Sep 04 2026 20:02:33 GMT+0800 (China Standard Time),公开行情历史快照
002594.SZ,比亚迪,2025-03-13,354.5,0.9972,3624758.941,有行情,日线,Asia/Shanghai,2025-12-30T15:00:00+08:00,close为不复权；风险收益使用pct_chg÷100,千元,TuSharePro.daily,https://tushare.pro/document/1?doc_id=27,Fri Sep 04 2026 20:02:33 GMT+0800 (China Standard Time),公开行情历史快照
300750.SZ,宁德时代,2025-03-13,253.22,-0.5029,4316530.459,有行情,日线,Asia/Shanghai,2025-12-30T15:00:00+08:00,close为不复权；风险收益使用pct_chg÷100,千元,TuSharePro.daily,https://tushare.pro/document/1?doc_id=27,Fri Sep 04 2026 20:02:33 GMT+0800 (China Standard Time),公开行情历史快照
600519.SH,贵州茅台,2025-03-13,1537.77,-0.3118,3966369.271,有行情,日线,Asia/Shanghai,2025-12-30T15:00:00+08:00,close为不复权；风险收益使用pct_chg÷100,千元,TuSharePro.daily,https://tushare.pro/document/1?doc_id=27,Fri Sep 04 2026 20:02:33 GMT+0800 (China Standard Time),公开行情历史快照
601318.SH,中国平安,2025-03-13,51.14,-0.0196,2107254.552,有行情,日线,Asia/Shanghai,2025-12-30T15:00:00+08:00,close为不复权；风险收益使用pct_chg÷100,千元,TuSharePro.daily,https://tushare.pro/document/1?doc_id=27,Fri Sep 04 2026 20:02:33 GMT+0800 (China Standard Time),公开行情历史快照
000333.SZ,美的集团,2025-03-14,71.87,2.6568,3036261.982,有行情,日线,Asia/Shanghai,2025-12-30T15:00:00+08:00,close为不复权；风险收益使用pct_chg÷100,千元,TuSharePro.daily,https://tushare.pro/document/1?doc_id=27,Fri Sep 04 2026 20:02:33 GMT+0800 (China Standard Time),公开行情历史快照
000858.SZ,五粮液,2025-03-14,140.8,6.3524,10604804.482,有行情,日线,Asia/Shanghai,2025-12-30T15:00:00+08:00,close为不复权；风险收益使用pct_chg÷100,千元,TuSharePro.daily,https://tushare.pro/document/1?doc_id=27,Fri Sep 04 2026 20:02:33 GMT+0800 (China Standard Time),公开行情历史快照
002594.SZ,比亚迪,2025-03-14,375.94,6.048,8292987.454,有行情,日线,Asia/Shanghai,2025-12-30T15:00:00+08:00,close为不复权；风险收益使用pct_chg÷100,千元,TuSharePro.daily,https://tushare.pro/document/1?doc_id=27,Fri Sep 04 2026 20:02:33 GMT+0800 (China Standard Time),公开行情历史快照
300750.SZ,宁德时代,2025-03-14,262.0,3.4673,9148092.797,有行情,日线,Asia/Shanghai,2025-12-30T15:00:00+08:00,close为不复权；风险收益使用pct_chg÷100,千元,TuSharePro.daily,https://tushare.pro/document/1?doc_id=27,Fri Sep 04 2026 20:02:33 GMT+0800 (China Standard Time),公开行情历史快照
600519.SH,贵州茅台,2025-03-14,1628.01,5.8682,14882842.708,有行情,日线,Asia/Shanghai,2025-12-30T15:00:00+08:00,close为不复权；风险收益使用pct_chg÷100,千元,TuSharePro.daily,https://tushare.pro/document/1?doc_id=27,Fri Sep 04 2026 20:02:33 GMT+0800 (China Standard Time),公开行情历史快照
601318.SH,中国平安,2025-03-14,53.47,4.5561,7945017.156,有行情,日线,Asia/Shanghai,2025-12-30T15:00:00+08:00,close为不复权；风险收益使用pct_chg÷100,千元,TuSharePro.daily,https://tushare.pro/document/1?doc_id=27,Fri Sep 04 2026 20:02:33 GMT+0800 (China Standard Time),公开行情历史快照
000333.SZ,美的集团,2025-03-17,71.88,0.0139,2497780.791,有行情,日线,Asia/Shanghai,2025-12-30T15:00:00+08:00,close为不复权；风险收益使用pct_chg÷100,千元,TuSharePro.daily,https://tushare.pro/document/1?doc_id=27,Fri Sep 04 2026 20:02:33 GMT+0800 (China Standard Time),公开行情历史快照
000858.SZ,五粮液,2025-03-17,139.84,-0.6818,5457575.155,有行情,日线,Asia/Shanghai,2025-12-30T15:00:00+08:00,close为不复权；风险收益使用pct_chg÷100,千元,TuSharePro.daily,https://tushare.pro/document/1?doc_id=27,Fri Sep 04 2026 20:02:33 GMT+0800 (China Standard Time),公开行情历史快照
002594.SZ,比亚迪,2025-03-17,380.25,1.1465,5060211.613,有行情,日线,Asia/Shanghai,2025-12-30T15:00:00+08:00,close为不复权；风险收益使用pct_chg÷100,千元,TuSharePro.daily,https://tushare.pro/document/1?doc_id=27,Fri Sep 04 2026 20:02:33 GMT+0800 (China Standard Time),公开行情历史快照
300750.SZ,宁德时代,2025-03-17,256.0,-2.2901,8685706.367,有行情,日线,Asia/Shanghai,2025-12-30T15:00:00+08:00,close为不复权；风险收益使用pct_chg÷100,千元,TuSharePro.daily,https://tushare.pro/document/1?doc_id=27,Fri Sep 04 2026 20:02:33 GMT+0800 (China Standard Time),公开行情历史快照
600519.SH,贵州茅台,2025-03-17,1637.86,0.605,8985138.902,有行情,日线,Asia/Shanghai,2025-12-30T15:00:00+08:00,close为不复权；风险收益使用pct_chg÷100,千元,TuSharePro.daily,https://tushare.pro/document/1?doc_id=27,Fri Sep 04 2026 20:02:33 GMT+0800 (China Standard Time),公开行情历史快照
601318.SH,中国平安,2025-03-17,53.38,-0.1683,3229662.145,有行情,日线,Asia/Shanghai,2025-12-30T15:00:00+08:00,close为不复权；风险收益使用pct_chg÷100,千元,TuSharePro.daily,https://tushare.pro/document/1?doc_id=27,Fri Sep 04 2026 20:02:33 GMT+0800 (China Standard Time),公开行情历史快照
000333.SZ,美的集团,2025-03-18,74.98,4.3127,5762238.29,有行情,日线,Asia/Shanghai,2025-12-30T15:00:00+08:00,close为不复权；风险收益使用pct_chg÷100,千元,TuSharePro.daily,https://tushare.pro/document/1?doc_id=27,Fri Sep 04 2026 20:02:33 GMT+0800 (China Standard Time),公开行情历史快照
000858.SZ,五粮液,2025-03-18,139.55,-0.2074,2608207.825,有行情,日线,Asia/Shanghai,2025-12-30T15:00:00+08:00,close为不复权；风险收益使用pct_chg÷100,千元,TuSharePro.daily,https://tushare.pro/document/1?doc_id=27,Fri Sep 04 2026 20:02:33 GMT+0800 (China Standard Time),公开行情历史快照
002594.SZ,比亚迪,2025-03-18,384.57,1.1361,6672881.109,有行情,日线,Asia/Shanghai,2025-12-30T15:00:00+08:00,close为不复权；风险收益使用pct_chg÷100,千元,TuSharePro.daily,https://tushare.pro/document/1?doc_id=27,Fri Sep 04 2026 20:02:33 GMT+0800 (China Standard Time),公开行情历史快照
300750.SZ,宁德时代,2025-03-18,257.0,0.3906,5817534.421,有行情,日线,Asia/Shanghai,2025-12-30T15:00:00+08:00,close为不复权；风险收益使用pct_chg÷100,千元,TuSharePro.daily,https://tushare.pro/document/1?doc_id=27,Fri Sep 04 2026 20:02:33 GMT+0800 (China Standard Time),公开行情历史快照
600519.SH,贵州茅台,2025-03-18,1624.0,-0.8462,5153210.436,有行情,日线,Asia/Shanghai,2025-12-30T15:00:00+08:00,close为不复权；风险收益使用pct_chg÷100,千元,TuSharePro.daily,https://tushare.pro/document/1?doc_id=27,Fri Sep 04 2026 20:02:33 GMT+0800 (China Standard Time),公开行情历史快照
601318.SH,中国平安,2025-03-18,53.76,0.7119,3164655.447,有行情,日线,Asia/Shanghai,2025-12-30T15:00:00+08:00,close为不复权；风险收益使用pct_chg÷100,千元,TuSharePro.daily,https://tushare.pro/document/1?doc_id=27,Fri Sep 04 2026 20:02:33 GMT+0800 (China Standard Time),公开行情历史快照
000333.SZ,美的集团,2025-03-19,76.51,2.0405,8164296.255,有行情,日线,Asia/Shanghai,2025-12-30T15:00:00+08:00,close为不复权；风险收益使用pct_chg÷100,千元,TuSharePro.daily,https://tushare.pro/document/1?doc_id=27,Fri Sep 04 2026 20:02:33 GMT+0800 (China Standard Time),公开行情历史快照
000858.SZ,五粮液,2025-03-19,138.92,-0.4515,2339543.02,有行情,日线,Asia/Shanghai,2025-12-30T15:00:00+08:00,close为不复权；风险收益使用pct_chg÷100,千元,TuSharePro.daily,https://tushare.pro/document/1?doc_id=27,Fri Sep 04 2026 20:02:33 GMT+0800 (China Standard Time),公开行情历史快照
002594.SZ,比亚迪,2025-03-19,397.07,3.2504,7404859.765,有行情,日线,Asia/Shanghai,2025-12-30T15:00:00+08:00,close为不复权；风险收益使用pct_chg÷100,千元,TuSharePro.daily,https://tushare.pro/document/1?doc_id=27,Fri Sep 04 2026 20:02:33 GMT+0800 (China Standard Time),公开行情历史快照
300750.SZ,宁德时代,2025-03-19,265.39,3.2646,9737109.379,有行情,日线,Asia/Shanghai,2025-12-30T15:00:00+08:00,close为不复权；风险收益使用pct_chg÷100,千元,TuSharePro.daily,https://tushare.pro/document/1?doc_id=27,Fri Sep 04 2026 20:02:33 GMT+0800 (China Standard Time),公开行情历史快照
600519.SH,贵州茅台,2025-03-19,1635.71,0.7211,4477128.77,有行情,日线,Asia/Shanghai,2025-12-30T15:00:00+08:00,close为不复权；风险收益使用pct_chg÷100,千元,TuSharePro.daily,https://tushare.pro/document/1?doc_id=27,Fri Sep 04 2026 20:02:33 GMT+0800 (China Standard Time),公开行情历史快照
601318.SH,中国平安,2025-03-19,54.07,0.5766,2751845.206,有行情,日线,Asia/Shanghai,2025-12-30T15:00:00+08:00,close为不复权；风险收益使用pct_chg÷100,千元,TuSharePro.daily,https://tushare.pro/document/1?doc_id=27,Fri Sep 04 2026 20:02:33 GMT+0800 (China Standard Time),公开行情历史快照
000333.SZ,美的集团,2025-03-20,75.17,-1.7514,4434498.828,有行情,日线,Asia/Shanghai,2025-12-30T15:00:00+08:00,close为不复权；风险收益使用pct_chg÷100,千元,TuSharePro.daily,https://tushare.pro/document/1?doc_id=27,Fri Sep 04 2026 20:02:33 GMT+0800 (China Standard Time),公开行情历史快照
000858.SZ,五粮液,2025-03-20,135.99,-2.1091,3130766.821,有行情,日线,Asia/Shanghai,2025-12-30T15:00:00+08:00,close为不复权；风险收益使用pct_chg÷100,千元,TuSharePro.daily,https://tushare.pro/document/1?doc_id=27,Fri Sep 04 2026 20:02:33 GMT+0800 (China Standard Time),公开行情历史快照
002594.SZ,比亚迪,2025-03-20,399.99,0.7354,6372989.565,有行情,日线,Asia/Shanghai,2025-12-30T15:00:00+08:00,close为不复权；风险收益使用pct_chg÷100,千元,TuSharePro.daily,https://tushare.pro/document/1?doc_id=27,Fri Sep 04 2026 20:02:33 GMT+0800 (China Standard Time),公开行情历史快照
300750.SZ,宁德时代,2025-03-20,262.15,-1.2208,3794188.02,有行情,日线,Asia/Shanghai,2025-12-30T15:00:00+08:00,close为不复权；风险收益使用pct_chg÷100,千元,TuSharePro.daily,https://tushare.pro/document/1?doc_id=27,Fri Sep 04 2026 20:02:33 GMT+0800 (China Standard Time),公开行情历史快照
600519.SH,贵州茅台,2025-03-20,1604.0,-1.9386,5903879.207,有行情,日线,Asia/Shanghai,2025-12-30T15:00:00+08:00,close为不复权；风险收益使用pct_chg÷100,千元,TuSharePro.daily,https://tushare.pro/document/1?doc_id=27,Fri Sep 04 2026 20:02:33 GMT+0800 (China Standard Time),公开行情历史快照
601318.SH,中国平安,2025-03-20,52.49,-2.9221,6007424.559,有行情,日线,Asia/Shanghai,2025-12-30T15:00:00+08:00,close为不复权；风险收益使用pct_chg÷100,千元,TuSharePro.daily,https://tushare.pro/document/1?doc_id=27,Fri Sep 04 2026 20:02:33 GMT+0800 (China Standard Time),公开行情历史快照
000333.SZ,美的集团,2025-03-21,75.28,0.1463,2903191.225,有行情,日线,Asia/Shanghai,2025-12-30T15:00:00+08:00,close为不复权；风险收益使用pct_chg÷100,千元,TuSharePro.daily,https://tushare.pro/document/1?doc_id=27,Fri Sep 04 2026 20:02:33 GMT+0800 (China Standard Time),公开行情历史快照
000858.SZ,五粮液,2025-03-21,134.6,-1.0221,2669031.188,有行情,日线,Asia/Shanghai,2025-12-30T15:00:00+08:00,close为不复权；风险收益使用pct_chg÷100,千元,TuSharePro.daily,https://tushare.pro/document/1?doc_id=27,Fri Sep 04 2026 20:02:33 GMT+0800 (China Standard Time),公开行情历史快照
002594.SZ,比亚迪,2025-03-21,372.0,-6.9977,10685254.371,有行情,日线,Asia/Shanghai,2025-12-30T15:00:00+08:00,close为不复权；风险收益使用pct_chg÷100,千元,TuSharePro.daily,https://tushare.pro/document/1?doc_id=27,Fri Sep 04 2026 20:02:33 GMT+0800 (China Standard Time),公开行情历史快照
300750.SZ,宁德时代,2025-03-21,256.0,-2.346,5026360.932,有行情,日线,Asia/Shanghai,2025-12-30T15:00:00+08:00,close为不复权；风险收益使用pct_chg÷100,千元,TuSharePro.daily,https://tushare.pro/document/1?doc_id=27,Fri Sep 04 2026 20:02:33 GMT+0800 (China Standard Time),公开行情历史快照
600519.SH,贵州茅台,2025-03-21,1573.75,-1.8859,5324973.19,有行情,日线,Asia/Shanghai,2025-12-30T15:00:00+08:00,close为不复权；风险收益使用pct_chg÷100,千元,TuSharePro.daily,https://tushare.pro/document/1?doc_id=27,Fri Sep 04 2026 20:02:33 GMT+0800 (China Standard Time),公开行情历史快照
601318.SH,中国平安,2025-03-21,51.75,-1.4098,4145943.295,有行情,日线,Asia/Shanghai,2025-12-30T15:00:00+08:00,close为不复权；风险收益使用pct_chg÷100,千元,TuSharePro.daily,https://tushare.pro/document/1?doc_id=27,Fri Sep 04 2026 20:02:33 GMT+0800 (China Standard Time),公开行情历史快照
000333.SZ,美的集团,2025-03-24,76.06,1.0361,2945134.162,有行情,日线,Asia/Shanghai,2025-12-30T15:00:00+08:00,close为不复权；风险收益使用pct_chg÷100,千元,TuSharePro.daily,https://tushare.pro/document/1?doc_id=27,Fri Sep 04 2026 20:02:33 GMT+0800 (China Standard Time),公开行情历史快照
000858.SZ,五粮液,2025-03-24,134.31,-0.2155,2417592.736,有行情,日线,Asia/Shanghai,2025-12-30T15:00:00+08:00,close为不复权；风险收益使用pct_chg÷100,千元,TuSharePro.daily,https://tushare.pro/document/1?doc_id=27,Fri Sep 04 2026 20:02:33 GMT+0800 (China Standard Time),公开行情历史快照
002594.SZ,比亚迪,2025-03-24,375.36,0.9032,5522974.12,有行情,日线,Asia/Shanghai,2025-12-30T15:00:00+08:00,close为不复权；风险收益使用pct_chg÷100,千元,TuSharePro.daily,https://tushare.pro/document/1?doc_id=27,Fri Sep 04 2026 20:02:33 GMT+0800 (China Standard Time),公开行情历史快照
300750.SZ,宁德时代,2025-03-24,258.16,0.8438,4311680.873,有行情,日线,Asia/Shanghai,2025-12-30T15:00:00+08:00,close为不复权；风险收益使用pct_chg÷100,千元,TuSharePro.daily,https://tushare.pro/document/1?doc_id=27,Fri Sep 04 2026 20:02:33 GMT+0800 (China Standard Time),公开行情历史快照
600519.SH,贵州茅台,2025-03-24,1583.0,0.5878,4032223.482,有行情,日线,Asia/Shanghai,2025-12-30T15:00:00+08:00,close为不复权；风险收益使用pct_chg÷100,千元,TuSharePro.daily,https://tushare.pro/document/1?doc_id=27,Fri Sep 04 2026 20:02:33 GMT+0800 (China Standard Time),公开行情历史快照
601318.SH,中国平安,2025-03-24,52.13,0.7343,2646991.166,有行情,日线,Asia/Shanghai,2025-12-30T15:00:00+08:00,close为不复权；风险收益使用pct_chg÷100,千元,TuSharePro.daily,https://tushare.pro/document/1?doc_id=27,Fri Sep 04 2026 20:02:33 GMT+0800 (China Standard Time),公开行情历史快照
000333.SZ,美的集团,2025-03-25,76.86,1.0518,2493718.323,有行情,日线,Asia/Shanghai,2025-12-30T15:00:00+08:00,close为不复权；风险收益使用pct_chg÷100,千元,TuSharePro.daily,https://tushare.pro/document/1?doc_id=27,Fri Sep 04 2026 20:02:33 GMT+0800 (China Standard Time),公开行情历史快照
000858.SZ,五粮液,2025-03-25,133.56,-0.5584,2342967.013,有行情,日线,Asia/Shanghai,2025-12-30T15:00:00+08:00,close为不复权；风险收益使用pct_chg÷100,千元,TuSharePro.daily,https://tushare.pro/document/1?doc_id=27,Fri Sep 04 2026 20:02:33 GMT+0800 (China Standard Time),公开行情历史快照
002594.SZ,比亚迪,2025-03-25,369.59,-1.5372,4595791.802,有行情,日线,Asia/Shanghai,2025-12-30T15:00:00+08:00,close为不复权；风险收益使用pct_chg÷100,千元,TuSharePro.daily,https://tushare.pro/document/1?doc_id=27,Fri Sep 04 2026 20:02:33 GMT+0800 (China Standard Time),公开行情历史快照
300750.SZ,宁德时代,2025-03-25,259.48,0.5113,3303477.32,有行情,日线,Asia/Shanghai,2025-12-30T15:00:00+08:00,close为不复权；风险收益使用pct_chg÷100,千元,TuSharePro.daily,https://tushare.pro/document/1?doc_id=27,Fri Sep 04 2026 20:02:33 GMT+0800 (China Standard Time),公开行情历史快照
600519.SH,贵州茅台,2025-03-25,1575.5,-0.4738,2783286.813,有行情,日线,Asia/Shanghai,2025-12-30T15:00:00+08:00,close为不复权；风险收益使用pct_chg÷100,千元,TuSharePro.daily,https://tushare.pro/document/1?doc_id=27,Fri Sep 04 2026 20:02:33 GMT+0800 (China Standard Time),公开行情历史快照
601318.SH,中国平安,2025-03-25,51.96,-0.3261,1790739.699,有行情,日线,Asia/Shanghai,2025-12-30T15:00:00+08:00,close为不复权；风险收益使用pct_chg÷100,千元,TuSharePro.daily,https://tushare.pro/document/1?doc_id=27,Fri Sep 04 2026 20:02:33 GMT+0800 (China Standard Time),公开行情历史快照
000333.SZ,美的集团,2025-03-26,76.79,-0.0911,1814277.211,有行情,日线,Asia/Shanghai,2025-12-30T15:00:00+08:00,close为不复权；风险收益使用pct_chg÷100,千元,TuSharePro.daily,https://tushare.pro/document/1?doc_id=27,Fri Sep 04 2026 20:02:33 GMT+0800 (China Standard Time),公开行情历史快照
000858.SZ,五粮液,2025-03-26,133.35,-0.1572,1452491.544,有行情,日线,Asia/Shanghai,2025-12-30T15:00:00+08:00,close为不复权；风险收益使用pct_chg÷100,千元,TuSharePro.daily,https://tushare.pro/document/1?doc_id=27,Fri Sep 04 2026 20:02:33 GMT+0800 (China Standard Time),公开行情历史快照
002594.SZ,比亚迪,2025-03-26,376.01,1.7371,4503762.855,有行情,日线,Asia/Shanghai,2025-12-30T15:00:00+08:00,close为不复权；风险收益使用pct_chg÷100,千元,TuSharePro.daily,https://tushare.pro/document/1?doc_id=27,Fri Sep 04 2026 20:02:33 GMT+0800 (China Standard Time),公开行情历史快照
300750.SZ,宁德时代,2025-03-26,256.92,-0.9866,3336108.308,有行情,日线,Asia/Shanghai,2025-12-30T15:00:00+08:00,close为不复权；风险收益使用pct_chg÷100,千元,TuSharePro.daily,https://tushare.pro/document/1?doc_id=27,Fri Sep 04 2026 20:02:33 GMT+0800 (China Standard Time),公开行情历史快照
600519.SH,贵州茅台,2025-03-26,1576.0,0.0317,2257639.75,有行情,日线,Asia/Shanghai,2025-12-30T15:00:00+08:00,close为不复权；风险收益使用pct_chg÷100,千元,TuSharePro.daily,https://tushare.pro/document/1?doc_id=27,Fri Sep 04 2026 20:02:33 GMT+0800 (China Standard Time),公开行情历史快照
601318.SH,中国平安,2025-03-26,51.72,-0.4619,2094936.176,有行情,日线,Asia/Shanghai,2025-12-30T15:00:00+08:00,close为不复权；风险收益使用pct_chg÷100,千元,TuSharePro.daily,https://tushare.pro/document/1?doc_id=27,Fri Sep 04 2026 20:02:33 GMT+0800 (China Standard Time),公开行情历史快照
000333.SZ,美的集团,2025-03-27,76.5,-0.3777,1974042.919,有行情,日线,Asia/Shanghai,2025-12-30T15:00:00+08:00,close为不复权；风险收益使用pct_chg÷100,千元,TuSharePro.daily,https://tushare.pro/document/1?doc_id=27,Fri Sep 04 2026 20:02:33 GMT+0800 (China Standard Time),公开行情历史快照
000858.SZ,五粮液,2025-03-27,133.9,0.4124,1882916.851,有行情,日线,Asia/Shanghai,2025-12-30T15:00:00+08:00,close为不复权；风险收益使用pct_chg÷100,千元,TuSharePro.daily,https://tushare.pro/document/1?doc_id=27,Fri Sep 04 2026 20:02:33 GMT+0800 (China Standard Time),公开行情历史快照
002594.SZ,比亚迪,2025-03-27,386.5,2.7898,5554865.371,有行情,日线,Asia/Shanghai,2025-12-30T15:00:00+08:00,close为不复权；风险收益使用pct_chg÷100,千元,TuSharePro.daily,https://tushare.pro/document/1?doc_id=27,Fri Sep 04 2026 20:02:33 GMT+0800 (China Standard Time),公开行情历史快照
300750.SZ,宁德时代,2025-03-27,258.88,0.7629,3675726.42,有行情,日线,Asia/Shanghai,2025-12-30T15:00:00+08:00,close为不复权；风险收益使用pct_chg÷100,千元,TuSharePro.daily,https://tushare.pro/document/1?doc_id=27,Fri Sep 04 2026 20:02:33 GMT+0800 (China Standard Time),公开行情历史快照
600519.SH,贵州茅台,2025-03-27,1589.0,0.8249,2848889.21,有行情,日线,Asia/Shanghai,2025-12-30T15:00:00+08:00,close为不复权；风险收益使用pct_chg÷100,千元,TuSharePro.daily,https://tushare.pro/document/1?doc_id=27,Fri Sep 04 2026 20:02:33 GMT+0800 (China Standard Time),公开行情历史快照
601318.SH,中国平安,2025-03-27,52.06,0.6574,2248679.011,有行情,日线,Asia/Shanghai,2025-12-30T15:00:00+08:00,close为不复权；风险收益使用pct_chg÷100,千元,TuSharePro.daily,https://tushare.pro/document/1?doc_id=27,Fri Sep 04 2026 20:02:33 GMT+0800 (China Standard Time),公开行情历史快照
000333.SZ,美的集团,2025-03-28,76.87,0.4837,1909917.934,有行情,日线,Asia/Shanghai,2025-12-30T15:00:00+08:00,close为不复权；风险收益使用pct_chg÷100,千元,TuSharePro.daily,https://tushare.pro/document/1?doc_id=27,Fri Sep 04 2026 20:02:33 GMT+0800 (China Standard Time),公开行情历史快照
000858.SZ,五粮液,2025-03-28,133.23,-0.5004,1610808.297,有行情,日线,Asia/Shanghai,2025-12-30T15:00:00+08:00,close为不复权；风险收益使用pct_chg÷100,千元,TuSharePro.daily,https://tushare.pro/document/1?doc_id=27,Fri Sep 04 2026 20:02:33 GMT+0800 (China Standard Time),公开行情历史快照
002594.SZ,比亚迪,2025-03-28,382.5,-1.0349,4428715.749,有行情,日线,Asia/Shanghai,2025-12-30T15:00:00+08:00,close为不复权；风险收益使用pct_chg÷100,千元,TuSharePro.daily,https://tushare.pro/document/1?doc_id=27,Fri Sep 04 2026 20:02:33 GMT+0800 (China Standard Time),公开行情历史快照
300750.SZ,宁德时代,2025-03-28,256.8,-0.8035,2888588.258,有行情,日线,Asia/Shanghai,2025-12-30T15:00:00+08:00,close为不复权；风险收益使用pct_chg÷100,千元,TuSharePro.daily,https://tushare.pro/document/1?doc_id=27,Fri Sep 04 2026 20:02:33 GMT+0800 (China Standard Time),公开行情历史快照
600519.SH,贵州茅台,2025-03-28,1585.21,-0.2385,2569470.015,有行情,日线,Asia/Shanghai,2025-12-30T15:00:00+08:00,close为不复权；风险收益使用pct_chg÷100,千元,TuSharePro.daily,https://tushare.pro/document/1?doc_id=27,Fri Sep 04 2026 20:02:33 GMT+0800 (China Standard Time),公开行情历史快照
601318.SH,中国平安,2025-03-28,51.96,-0.1921,1841078.406,有行情,日线,Asia/Shanghai,2025-12-30T15:00:00+08:00,close为不复权；风险收益使用pct_chg÷100,千元,TuSharePro.daily,https://tushare.pro/document/1?doc_id=27,Fri Sep 04 2026 20:02:33 GMT+0800 (China Standard Time),公开行情历史快照
000333.SZ,美的集团,2025-03-31,78.5,2.1205,5458996.643,有行情,日线,Asia/Shanghai,2025-12-30T15:00:00+08:00,close为不复权；风险收益使用pct_chg÷100,千元,TuSharePro.daily,https://tushare.pro/document/1?doc_id=27,Fri Sep 04 2026 20:02:33 GMT+0800 (China Standard Time),公开行情历史快照
000858.SZ,五粮液,2025-03-31,131.35,-1.4111,1912983.577,有行情,日线,Asia/Shanghai,2025-12-30T15:00:00+08:00,close为不复权；风险收益使用pct_chg÷100,千元,TuSharePro.daily,https://tushare.pro/document/1?doc_id=27,Fri Sep 04 2026 20:02:33 GMT+0800 (China Standard Time),公开行情历史快照
002594.SZ,比亚迪,2025-03-31,374.9,-1.9869,4370400.299,有行情,日线,Asia/Shanghai,2025-12-30T15:00:00+08:00,close为不复权；风险收益使用pct_chg÷100,千元,TuSharePro.daily,https://tushare.pro/document/1?doc_id=27,Fri Sep 04 2026 20:02:33 GMT+0800 (China Standard Time),公开行情历史快照
300750.SZ,宁德时代,2025-03-31,252.94,-1.5031,4951863.266,有行情,日线,Asia/Shanghai,2025-12-30T15:00:00+08:00,close为不复权；风险收益使用pct_chg÷100,千元,TuSharePro.daily,https://tushare.pro/document/1?doc_id=27,Fri Sep 04 2026 20:02:33 GMT+0800 (China Standard Time),公开行情历史快照
600519.SH,贵州茅台,2025-03-31,1561.0,-1.5272,3311857.714,有行情,日线,Asia/Shanghai,2025-12-30T15:00:00+08:00,close为不复权；风险收益使用pct_chg÷100,千元,TuSharePro.daily,https://tushare.pro/document/1?doc_id=27,Fri Sep 04 2026 20:02:33 GMT+0800 (China Standard Time),公开行情历史快照
601318.SH,中国平安,2025-03-31,51.63,-0.6351,2423816.08,有行情,日线,Asia/Shanghai,2025-12-30T15:00:00+08:00,close为不复权；风险收益使用pct_chg÷100,千元,TuSharePro.daily,https://tushare.pro/document/1?doc_id=27,Fri Sep 04 2026 20:02:33 GMT+0800 (China Standard Time),公开行情历史快照
000333.SZ,美的集团,2025-04-01,75.39,-3.9618,4204786.523,有行情,日线,Asia/Shanghai,2025-12-30T15:00:00+08:00,close为不复权；风险收益使用pct_chg÷100,千元,TuSharePro.daily,https://tushare.pro/document/1?doc_id=27,Fri Sep 04 2026 20:02:33 GMT+0800 (China Standard Time),公开行情历史快照
000858.SZ,五粮液,2025-04-01,131.79,0.335,1602816.957,有行情,日线,Asia/Shanghai,2025-12-30T15:00:00+08:00,close为不复权；风险收益使用pct_chg÷100,千元,TuSharePro.daily,https://tushare.pro/document/1?doc_id=27,Fri Sep 04 2026 20:02:33 GMT+0800 (China Standard Time),公开行情历史快照
002594.SZ,比亚迪,2025-04-01,365.5,-2.5073,5663384.88,有行情,日线,Asia/Shanghai,2025-12-30T15:00:00+08:00,close为不复权；风险收益使用pct_chg÷100,千元,TuSharePro.daily,https://tushare.pro/document/1?doc_id=27,Fri Sep 04 2026 20:02:33 GMT+0800 (China Standard Time),公开行情历史快照
300750.SZ,宁德时代,2025-04-01,249.06,-1.534,4862442.756,有行情,日线,Asia/Shanghai,2025-12-30T15:00:00+08:00,close为不复权；风险收益使用pct_chg÷100,千元,TuSharePro.daily,https://tushare.pro/document/1?doc_id=27,Fri Sep 04 2026 20:02:33 GMT+0800 (China Standard Time),公开行情历史快照
600519.SH,贵州茅台,2025-04-01,1556.02,-0.319,2893739.955,有行情,日线,Asia/Shanghai,2025-12-30T15:00:00+08:00,close为不复权；风险收益使用pct_chg÷100,千元,TuSharePro.daily,https://tushare.pro/document/1?doc_id=27,Fri Sep 04 2026 20:02:33 GMT+0800 (China Standard Time),公开行情历史快照
601318.SH,中国平安,2025-04-01,51.62,-0.0194,2035352.505,有行情,日线,Asia/Shanghai,2025-12-30T15:00:00+08:00,close为不复权；风险收益使用pct_chg÷100,千元,TuSharePro.daily,https://tushare.pro/document/1?doc_id=27,Fri Sep 04 2026 20:02:33 GMT+0800 (China Standard Time),公开行情历史快照
000333.SZ,美的集团,2025-04-02,75.96,0.7561,2036925.144,有行情,日线,Asia/Shanghai,2025-12-30T15:00:00+08:00,close为不复权；风险收益使用pct_chg÷100,千元,TuSharePro.daily,https://tushare.pro/document/1?doc_id=27,Fri Sep 04 2026 20:02:33 GMT+0800 (China Standard Time),公开行情历史快照
000858.SZ,五粮液,2025-04-02,131.15,-0.4856,1328718.377,有行情,日线,Asia/Shanghai,2025-12-30T15:00:00+08:00,close为不复权；风险收益使用pct_chg÷100,千元,TuSharePro.daily,https://tushare.pro/document/1?doc_id=27,Fri Sep 04 2026 20:02:33 GMT+0800 (China Standard Time),公开行情历史快照
002594.SZ,比亚迪,2025-04-02,360.5,-1.368,4226638.863,有行情,日线,Asia/Shanghai,2025-12-30T15:00:00+08:00,close为不复权；风险收益使用pct_chg÷100,千元,TuSharePro.daily,https://tushare.pro/document/1?doc_id=27,Fri Sep 04 2026 20:02:33 GMT+0800 (China Standard Time),公开行情历史快照
300750.SZ,宁德时代,2025-04-02,249.14,0.0321,3433096.886,有行情,日线,Asia/Shanghai,2025-12-30T15:00:00+08:00,close为不复权；风险收益使用pct_chg÷100,千元,TuSharePro.daily,https://tushare.pro/document/1?doc_id=27,Fri Sep 04 2026 20:02:33 GMT+0800 (China Standard Time),公开行情历史快照
600519.SH,贵州茅台,2025-04-02,1549.02,-0.4499,3371883.024,有行情,日线,Asia/Shanghai,2025-12-30T15:00:00+08:00,close为不复权；风险收益使用pct_chg÷100,千元,TuSharePro.daily,https://tushare.pro/document/1?doc_id=27,Fri Sep 04 2026 20:02:33 GMT+0800 (China Standard Time),公开行情历史快照
601318.SH,中国平安,2025-04-02,51.86,0.4649,1467236.071,有行情,日线,Asia/Shanghai,2025-12-30T15:00:00+08:00,close为不复权；风险收益使用pct_chg÷100,千元,TuSharePro.daily,https://tushare.pro/document/1?doc_id=27,Fri Sep 04 2026 20:02:33 GMT+0800 (China Standard Time),公开行情历史快照
000333.SZ,美的集团,2025-04-03,73.36,-3.4229,4179850.012,有行情,日线,Asia/Shanghai,2025-12-30T15:00:00+08:00,close为不复权；风险收益使用pct_chg÷100,千元,TuSharePro.daily,https://tushare.pro/document/1?doc_id=27,Fri Sep 04 2026 20:02:33 GMT+0800 (China Standard Time),公开行情历史快照
000858.SZ,五粮液,2025-04-03,132.0,0.6481,2187566.525,有行情,日线,Asia/Shanghai,2025-12-30T15:00:00+08:00,close为不复权；风险收益使用pct_chg÷100,千元,TuSharePro.daily,https://tushare.pro/document/1?doc_id=27,Fri Sep 04 2026 20:02:33 GMT+0800 (China Standard Time),公开行情历史快照
002594.SZ,比亚迪,2025-04-03,357.51,-0.8294,3618676.87,有行情,日线,Asia/Shanghai,2025-12-30T15:00:00+08:00,close为不复权；风险收益使用pct_chg÷100,千元,TuSharePro.daily,https://tushare.pro/document/1?doc_id=27,Fri Sep 04 2026 20:02:33 GMT+0800 (China Standard Time),公开行情历史快照
300750.SZ,宁德时代,2025-04-03,243.08,-2.4324,5693962.717,有行情,日线,Asia/Shanghai,2025-12-30T15:00:00+08:00,close为不复权；风险收益使用pct_chg÷100,千元,TuSharePro.daily,https://tushare.pro/document/1?doc_id=27,Fri Sep 04 2026 20:02:33 GMT+0800 (China Standard Time),公开行情历史快照
600519.SH,贵州茅台,2025-04-03,1568.88,1.2821,5557442.052,有行情,日线,Asia/Shanghai,2025-12-30T15:00:00+08:00,close为不复权；风险收益使用pct_chg÷100,千元,TuSharePro.daily,https://tushare.pro/document/1?doc_id=27,Fri Sep 04 2026 20:02:33 GMT+0800 (China Standard Time),公开行情历史快照
601318.SH,中国平安,2025-04-03,51.48,-0.7327,1927750.54,有行情,日线,Asia/Shanghai,2025-12-30T15:00:00+08:00,close为不复权；风险收益使用pct_chg÷100,千元,TuSharePro.daily,https://tushare.pro/document/1?doc_id=27,Fri Sep 04 2026 20:02:33 GMT+0800 (China Standard Time),公开行情历史快照
000333.SZ,美的集团,2025-04-07,67.18,-8.4242,5986991.841,有行情,日线,Asia/Shanghai,2025-12-30T15:00:00+08:00,close为不复权；风险收益使用pct_chg÷100,千元,TuSharePro.daily,https://tushare.pro/document/1?doc_id=27,Fri Sep 04 2026 20:02:33 GMT+0800 (China Standard Time),公开行情历史快照
000858.SZ,五粮液,2025-04-07,126.78,-3.9545,5889478.918,有行情,日线,Asia/Shanghai,2025-12-30T15:00:00+08:00,close为不复权；风险收益使用pct_chg÷100,千元,TuSharePro.daily,https://tushare.pro/document/1?doc_id=27,Fri Sep 04 2026 20:02:33 GMT+0800 (China Standard Time),公开行情历史快照
002594.SZ,比亚迪,2025-04-07,321.76,-9.9997,8911483.834,有行情,日线,Asia/Shanghai,2025-12-30T15:00:00+08:00,close为不复权；风险收益使用pct_chg÷100,千元,TuSharePro.daily,https://tushare.pro/document/1?doc_id=27,Fri Sep 04 2026 20:02:33 GMT+0800 (China Standard Time),公开行情历史快照
300750.SZ,宁德时代,2025-04-07,215.22,-11.4612,15811389.636,有行情,日线,Asia/Shanghai,2025-12-30T15:00:00+08:00,close为不复权；风险收益使用pct_chg÷100,千元,TuSharePro.daily,https://tushare.pro/document/1?doc_id=27,Fri Sep 04 2026 20:02:33 GMT+0800 (China Standard Time),公开行情历史快照
600519.SH,贵州茅台,2025-04-07,1500.0,-4.3904,15314738.235,有行情,日线,Asia/Shanghai,2025-12-30T15:00:00+08:00,close为不复权；风险收益使用pct_chg÷100,千元,TuSharePro.daily,https://tushare.pro/document/1?doc_id=27,Fri Sep 04 2026 20:02:33 GMT+0800 (China Standard Time),公开行情历史快照
601318.SH,中国平安,2025-04-07,48.56,-5.6721,8362219.629,有行情,日线,Asia/Shanghai,2025-12-30T15:00:00+08:00,close为不复权；风险收益使用pct_chg÷100,千元,TuSharePro.daily,https://tushare.pro/document/1?doc_id=27,Fri Sep 04 2026 20:02:33 GMT+0800 (China Standard Time),公开行情历史快照
000333.SZ,美的集团,2025-04-08,70.23,4.54,5151771.418,有行情,日线,Asia/Shanghai,2025-12-30T15:00:00+08:00,close为不复权；风险收益使用pct_chg÷100,千元,TuSharePro.daily,https://tushare.pro/document/1?doc_id=27,Fri Sep 04 2026 20:02:33 GMT+0800 (China Standard Time),公开行情历史快照
000858.SZ,五粮液,2025-04-08,130.76,3.1393,4295611.99,有行情,日线,Asia/Shanghai,2025-12-30T15:00:00+08:00,close为不复权；风险收益使用pct_chg÷100,千元,TuSharePro.daily,https://tushare.pro/document/1?doc_id=27,Fri Sep 04 2026 20:02:33 GMT+0800 (China Standard Time),公开行情历史快照
002594.SZ,比亚迪,2025-04-08,327.51,1.787,8924529.993,有行情,日线,Asia/Shanghai,2025-12-30T15:00:00+08:00,close为不复权；风险收益使用pct_chg÷100,千元,TuSharePro.daily,https://tushare.pro/document/1?doc_id=27,Fri Sep 04 2026 20:02:33 GMT+0800 (China Standard Time),公开行情历史快照
300750.SZ,宁德时代,2025-04-08,219.05,1.7796,10471952.816,有行情,日线,Asia/Shanghai,2025-12-30T15:00:00+08:00,close为不复权；风险收益使用pct_chg÷100,千元,TuSharePro.daily,https://tushare.pro/document/1?doc_id=27,Fri Sep 04 2026 20:02:33 GMT+0800 (China Standard Time),公开行情历史快照
600519.SH,贵州茅台,2025-04-08,1545.0,3.0,11226977.557,有行情,日线,Asia/Shanghai,2025-12-30T15:00:00+08:00,close为不复权；风险收益使用pct_chg÷100,千元,TuSharePro.daily,https://tushare.pro/document/1?doc_id=27,Fri Sep 04 2026 20:02:33 GMT+0800 (China Standard Time),公开行情历史快照
601318.SH,中国平安,2025-04-08,49.26,1.4415,5446468.218,有行情,日线,Asia/Shanghai,2025-12-30T15:00:00+08:00,close为不复权；风险收益使用pct_chg÷100,千元,TuSharePro.daily,https://tushare.pro/document/1?doc_id=27,Fri Sep 04 2026 20:02:33 GMT+0800 (China Standard Time),公开行情历史快照
000333.SZ,美的集团,2025-04-09,69.67,-0.7974,4027838.482,有行情,日线,Asia/Shanghai,2025-12-30T15:00:00+08:00,close为不复权；风险收益使用pct_chg÷100,千元,TuSharePro.daily,https://tushare.pro/document/1?doc_id=27,Fri Sep 04 2026 20:02:33 GMT+0800 (China Standard Time),公开行情历史快照
000858.SZ,五粮液,2025-04-09,132.25,1.1395,3910869.675,有行情,日线,Asia/Shanghai,2025-12-30T15:00:00+08:00,close为不复权；风险收益使用pct_chg÷100,千元,TuSharePro.daily,https://tushare.pro/document/1?doc_id=27,Fri Sep 04 2026 20:02:33 GMT+0800 (China Standard Time),公开行情历史快照
002594.SZ,比亚迪,2025-04-09,324.6,-0.8885,6822376.377,有行情,日线,Asia/Shanghai,2025-12-30T15:00:00+08:00,close为不复权；风险收益使用pct_chg÷100,千元,TuSharePro.daily,https://tushare.pro/document/1?doc_id=27,Fri Sep 04 2026 20:02:33 GMT+0800 (China Standard Time),公开行情历史快照
300750.SZ,宁德时代,2025-04-09,211.39,-3.4969,11459705.354,有行情,日线,Asia/Shanghai,2025-12-30T15:00:00+08:00,close为不复权；风险收益使用pct_chg÷100,千元,TuSharePro.daily,https://tushare.pro/document/1?doc_id=27,Fri Sep 04 2026 20:02:33 GMT+0800 (China Standard Time),公开行情历史快照
600519.SH,贵州茅台,2025-04-09,1541.04,-0.2563,8562928.225,有行情,日线,Asia/Shanghai,2025-12-30T15:00:00+08:00,close为不复权；风险收益使用pct_chg÷100,千元,TuSharePro.daily,https://tushare.pro/document/1?doc_id=27,Fri Sep 04 2026 20:02:33 GMT+0800 (China Standard Time),公开行情历史快照
601318.SH,中国平安,2025-04-09,48.93,-0.6699,3604799.242,有行情,日线,Asia/Shanghai,2025-12-30T15:00:00+08:00,close为不复权；风险收益使用pct_chg÷100,千元,TuSharePro.daily,https://tushare.pro/document/1?doc_id=27,Fri Sep 04 2026 20:02:33 GMT+0800 (China Standard Time),公开行情历史快照
000333.SZ,美的集团,2025-04-10,71.09,2.0382,3199356.7,有行情,日线,Asia/Shanghai,2025-12-30T15:00:00+08:00,close为不复权；风险收益使用pct_chg÷100,千元,TuSharePro.daily,https://tushare.pro/document/1?doc_id=27,Fri Sep 04 2026 20:02:33 GMT+0800 (China Standard Time),公开行情历史快照
000858.SZ,五粮液,2025-04-10,133.15,0.6805,3091985.055,有行情,日线,Asia/Shanghai,2025-12-30T15:00:00+08:00,close为不复权；风险收益使用pct_chg÷100,千元,TuSharePro.daily,https://tushare.pro/document/1?doc_id=27,Fri Sep 04 2026 20:02:33 GMT+0800 (China Standard Time),公开行情历史快照
002594.SZ,比亚迪,2025-04-10,336.4,3.6352,7165511.481,有行情,日线,Asia/Shanghai,2025-12-30T15:00:00+08:00,close为不复权；风险收益使用pct_chg÷100,千元,TuSharePro.daily,https://tushare.pro/document/1?doc_id=27,Fri Sep 04 2026 20:02:33 GMT+0800 (China Standard Time),公开行情历史快照
300750.SZ,宁德时代,2025-04-10,217.98,3.1175,8168675.412,有行情,日线,Asia/Shanghai,2025-12-30T15:00:00+08:00,close为不复权；风险收益使用pct_chg÷100,千元,TuSharePro.daily,https://tushare.pro/document/1?doc_id=27,Fri Sep 04 2026 20:02:33 GMT+0800 (China Standard Time),公开行情历史快照
600519.SH,贵州茅台,2025-04-10,1549.0,0.5165,5963650.791,有行情,日线,Asia/Shanghai,2025-12-30T15:00:00+08:00,close为不复权；风险收益使用pct_chg÷100,千元,TuSharePro.daily,https://tushare.pro/document/1?doc_id=27,Fri Sep 04 2026 20:02:33 GMT+0800 (China Standard Time),公开行情历史快照
601318.SH,中国平安,2025-04-10,49.48,1.1241,3258096.138,有行情,日线,Asia/Shanghai,2025-12-30T15:00:00+08:00,close为不复权；风险收益使用pct_chg÷100,千元,TuSharePro.daily,https://tushare.pro/document/1?doc_id=27,Fri Sep 04 2026 20:02:33 GMT+0800 (China Standard Time),公开行情历史快照
000333.SZ,美的集团,2025-04-11,70.49,-0.844,2075657.472,有行情,日线,Asia/Shanghai,2025-12-30T15:00:00+08:00,close为不复权；风险收益使用pct_chg÷100,千元,TuSharePro.daily,https://tushare.pro/document/1?doc_id=27,Fri Sep 04 2026 20:02:33 GMT+0800 (China Standard Time),公开行情历史快照
000858.SZ,五粮液,2025-04-11,131.6,-1.1641,2296050.286,有行情,日线,Asia/Shanghai,2025-12-30T15:00:00+08:00,close为不复权；风险收益使用pct_chg÷100,千元,TuSharePro.daily,https://tushare.pro/document/1?doc_id=27,Fri Sep 04 2026 20:02:33 GMT+0800 (China Standard Time),公开行情历史快照
002594.SZ,比亚迪,2025-04-11,354.98,5.5232,6621821.827,有行情,日线,Asia/Shanghai,2025-12-30T15:00:00+08:00,close为不复权；风险收益使用pct_chg÷100,千元,TuSharePro.daily,https://tushare.pro/document/1?doc_id=27,Fri Sep 04 2026 20:02:33 GMT+0800 (China Standard Time),公开行情历史快照
300750.SZ,宁德时代,2025-04-11,224.0,2.7617,6696905.325,有行情,日线,Asia/Shanghai,2025-12-30T15:00:00+08:00,close为不复权；风险收益使用pct_chg÷100,千元,TuSharePro.daily,https://tushare.pro/document/1?doc_id=27,Fri Sep 04 2026 20:02:33 GMT+0800 (China Standard Time),公开行情历史快照
600519.SH,贵州茅台,2025-04-11,1568.98,1.2899,5087359.924,有行情,日线,Asia/Shanghai,2025-12-30T15:00:00+08:00,close为不复权；风险收益使用pct_chg÷100,千元,TuSharePro.daily,https://tushare.pro/document/1?doc_id=27,Fri Sep 04 2026 20:02:33 GMT+0800 (China Standard Time),公开行情历史快照
601318.SH,中国平安,2025-04-11,49.35,-0.2627,2216984.586,有行情,日线,Asia/Shanghai,2025-12-30T15:00:00+08:00,close为不复权；风险收益使用pct_chg÷100,千元,TuSharePro.daily,https://tushare.pro/document/1?doc_id=27,Fri Sep 04 2026 20:02:33 GMT+0800 (China Standard Time),公开行情历史快照
000333.SZ,美的集团,2025-04-14,69.92,-0.8086,2447104.07,有行情,日线,Asia/Shanghai,2025-12-30T15:00:00+08:00,close为不复权；风险收益使用pct_chg÷100,千元,TuSharePro.daily,https://tushare.pro/document/1?doc_id=27,Fri Sep 04 2026 20:02:33 GMT+0800 (China Standard Time),公开行情历史快照
000858.SZ,五粮液,2025-04-14,131.04,-0.4255,1655429.086,有行情,日线,Asia/Shanghai,2025-12-30T15:00:00+08:00,close为不复权；风险收益使用pct_chg÷100,千元,TuSharePro.daily,https://tushare.pro/document/1?doc_id=27,Fri Sep 04 2026 20:02:33 GMT+0800 (China Standard Time),公开行情历史快照
002594.SZ,比亚迪,2025-04-14,359.0,1.1325,5115484.103,有行情,日线,Asia/Shanghai,2025-12-30T15:00:00+08:00,close为不复权；风险收益使用pct_chg÷100,千元,TuSharePro.daily,https://tushare.pro/document/1?doc_id=27,Fri Sep 04 2026 20:02:33 GMT+0800 (China Standard Time),公开行情历史快照
300750.SZ,宁德时代,2025-04-14,224.0,0.0,4642121.045,有行情,日线,Asia/Shanghai,2025-12-30T15:00:00+08:00,close为不复权；风险收益使用pct_chg÷100,千元,TuSharePro.daily,https://tushare.pro/document/1?doc_id=27,Fri Sep 04 2026 20:02:33 GMT+0800 (China Standard Time),公开行情历史快照
600519.SH,贵州茅台,2025-04-14,1551.99,-1.0829,3379425.64,有行情,日线,Asia/Shanghai,2025-12-30T15:00:00+08:00,close为不复权；风险收益使用pct_chg÷100,千元,TuSharePro.daily,https://tushare.pro/document/1?doc_id=27,Fri Sep 04 2026 20:02:33 GMT+0800 (China Standard Time),公开行情历史快照
601318.SH,中国平安,2025-04-14,49.48,0.2634,1922228.962,有行情,日线,Asia/Shanghai,2025-12-30T15:00:00+08:00,close为不复权；风险收益使用pct_chg÷100,千元,TuSharePro.daily,https://tushare.pro/document/1?doc_id=27,Fri Sep 04 2026 20:02:33 GMT+0800 (China Standard Time),公开行情历史快照
000333.SZ,美的集团,2025-04-15,71.48,2.2311,2441442.777,有行情,日线,Asia/Shanghai,2025-12-30T15:00:00+08:00,close为不复权；风险收益使用pct_chg÷100,千元,TuSharePro.daily,https://tushare.pro/document/1?doc_id=27,Fri Sep 04 2026 20:02:33 GMT+0800 (China Standard Time),公开行情历史快照
000858.SZ,五粮液,2025-04-15,131.35,0.2366,1502439.501,有行情,日线,Asia/Shanghai,2025-12-30T15:00:00+08:00,close为不复权；风险收益使用pct_chg÷100,千元,TuSharePro.daily,https://tushare.pro/document/1?doc_id=27,Fri Sep 04 2026 20:02:33 GMT+0800 (China Standard Time),公开行情历史快照
002594.SZ,比亚迪,2025-04-15,359.97,0.2702,4195947.009,有行情,日线,Asia/Shanghai,2025-12-30T15:00:00+08:00,close为不复权；风险收益使用pct_chg÷100,千元,TuSharePro.daily,https://tushare.pro/document/1?doc_id=27,Fri Sep 04 2026 20:02:33 GMT+0800 (China Standard Time),公开行情历史快照
300750.SZ,宁德时代,2025-04-15,228.15,1.8527,6087451.73,有行情,日线,Asia/Shanghai,2025-12-30T15:00:00+08:00,close为不复权；风险收益使用pct_chg÷100,千元,TuSharePro.daily,https://tushare.pro/document/1?doc_id=27,Fri Sep 04 2026 20:02:33 GMT+0800 (China Standard Time),公开行情历史快照
600519.SH,贵州茅台,2025-04-15,1558.0,0.3872,3339942.729,有行情,日线,Asia/Shanghai,2025-12-30T15:00:00+08:00,close为不复权；风险收益使用pct_chg÷100,千元,TuSharePro.daily,https://tushare.pro/document/1?doc_id=27,Fri Sep 04 2026 20:02:33 GMT+0800 (China Standard Time),公开行情历史快照
601318.SH,中国平安,2025-04-15,49.83,0.7074,2021902.572,有行情,日线,Asia/Shanghai,2025-12-30T15:00:00+08:00,close为不复权；风险收益使用pct_chg÷100,千元,TuSharePro.daily,https://tushare.pro/document/1?doc_id=27,Fri Sep 04 2026 20:02:33 GMT+0800 (China Standard Time),公开行情历史快照
000333.SZ,美的集团,2025-04-16,71.0,-0.6715,1890971.34,有行情,日线,Asia/Shanghai,2025-12-30T15:00:00+08:00,close为不复权；风险收益使用pct_chg÷100,千元,TuSharePro.daily,https://tushare.pro/document/1?doc_id=27,Fri Sep 04 2026 20:02:33 GMT+0800 (China Standard Time),公开行情历史快照
000858.SZ,五粮液,2025-04-16,132.3,0.7233,2177739.51,有行情,日线,Asia/Shanghai,2025-12-30T15:00:00+08:00,close为不复权；风险收益使用pct_chg÷100,千元,TuSharePro.daily,https://tushare.pro/document/1?doc_id=27,Fri Sep 04 2026 20:02:33 GMT+0800 (China Standard Time),公开行情历史快照
002594.SZ,比亚迪,2025-04-16,352.15,-2.1724,4618462.218,有行情,日线,Asia/Shanghai,2025-12-30T15:00:00+08:00,close为不复权；风险收益使用pct_chg÷100,千元,TuSharePro.daily,https://tushare.pro/document/1?doc_id=27,Fri Sep 04 2026 20:02:33 GMT+0800 (China Standard Time),公开行情历史快照
300750.SZ,宁德时代,2025-04-16,224.89,-1.4289,4838764.472,有行情,日线,Asia/Shanghai,2025-12-30T15:00:00+08:00,close为不复权；风险收益使用pct_chg÷100,千元,TuSharePro.daily,https://tushare.pro/document/1?doc_id=27,Fri Sep 04 2026 20:02:33 GMT+0800 (China Standard Time),公开行情历史快照
600519.SH,贵州茅台,2025-04-16,1559.17,0.0751,4834880.596,有行情,日线,Asia/Shanghai,2025-12-30T15:00:00+08:00,close为不复权；风险收益使用pct_chg÷100,千元,TuSharePro.daily,https://tushare.pro/document/1?doc_id=27,Fri Sep 04 2026 20:02:33 GMT+0800 (China Standard Time),公开行情历史快照
601318.SH,中国平安,2025-04-16,49.88,0.1003,2323052.33,有行情,日线,Asia/Shanghai,2025-12-30T15:00:00+08:00,close为不复权；风险收益使用pct_chg÷100,千元,TuSharePro.daily,https://tushare.pro/document/1?doc_id=27,Fri Sep 04 2026 20:02:33 GMT+0800 (China Standard Time),公开行情历史快照
000333.SZ,美的集团,2025-04-17,70.95,-0.0704,1388823.325,有行情,日线,Asia/Shanghai,2025-12-30T15:00:00+08:00,close为不复权；风险收益使用pct_chg÷100,千元,TuSharePro.daily,https://tushare.pro/document/1?doc_id=27,Fri Sep 04 2026 20:02:33 GMT+0800 (China Standard Time),公开行情历史快照
000858.SZ,五粮液,2025-04-17,132.53,0.1738,2022126.158,有行情,日线,Asia/Shanghai,2025-12-30T15:00:00+08:00,close为不复权；风险收益使用pct_chg÷100,千元,TuSharePro.daily,https://tushare.pro/document/1?doc_id=27,Fri Sep 04 2026 20:02:33 GMT+0800 (China Standard Time),公开行情历史快照
002594.SZ,比亚迪,2025-04-17,349.68,-0.7014,2985985.219,有行情,日线,Asia/Shanghai,2025-12-30T15:00:00+08:00,close为不复权；风险收益使用pct_chg÷100,千元,TuSharePro.daily,https://tushare.pro/document/1?doc_id=27,Fri Sep 04 2026 20:02:33 GMT+0800 (China Standard Time),公开行情历史快照
300750.SZ,宁德时代,2025-04-17,226.0,0.4936,3551280.611,有行情,日线,Asia/Shanghai,2025-12-30T15:00:00+08:00,close为不复权；风险收益使用pct_chg÷100,千元,TuSharePro.daily,https://tushare.pro/document/1?doc_id=27,Fri Sep 04 2026 20:02:33 GMT+0800 (China Standard Time),公开行情历史快照
600519.SH,贵州茅台,2025-04-17,1570.0,0.6946,3733924.973,有行情,日线,Asia/Shanghai,2025-12-30T15:00:00+08:00,close为不复权；风险收益使用pct_chg÷100,千元,TuSharePro.daily,https://tushare.pro/document/1?doc_id=27,Fri Sep 04 2026 20:02:33 GMT+0800 (China Standard Time),公开行情历史快照
601318.SH,中国平安,2025-04-17,50.16,0.5613,1884423.296,有行情,日线,Asia/Shanghai,2025-12-30T15:00:00+08:00,close为不复权；风险收益使用pct_chg÷100,千元,TuSharePro.daily,https://tushare.pro/document/1?doc_id=27,Fri Sep 04 2026 20:02:33 GMT+0800 (China Standard Time),公开行情历史快照
000333.SZ,美的集团,2025-04-18,70.92,-0.0423,1094653.676,有行情,日线,Asia/Shanghai,2025-12-30T15:00:00+08:00,close为不复权；风险收益使用pct_chg÷100,千元,TuSharePro.daily,https://tushare.pro/document/1?doc_id=27,Fri Sep 04 2026 20:02:33 GMT+0800 (China Standard Time),公开行情历史快照
000858.SZ,五粮液,2025-04-18,131.75,-0.5885,1179998.316,有行情,日线,Asia/Shanghai,2025-12-30T15:00:00+08:00,close为不复权；风险收益使用pct_chg÷100,千元,TuSharePro.daily,https://tushare.pro/document/1?doc_id=27,Fri Sep 04 2026 20:02:33 GMT+0800 (China Standard Time),公开行情历史快照
002594.SZ,比亚迪,2025-04-18,346.0,-1.0524,2553879.767,有行情,日线,Asia/Shanghai,2025-12-30T15:00:00+08:00,close为不复权；风险收益使用pct_chg÷100,千元,TuSharePro.daily,https://tushare.pro/document/1?doc_id=27,Fri Sep 04 2026 20:02:33 GMT+0800 (China Standard Time),公开行情历史快照
300750.SZ,宁德时代,2025-04-18,225.46,-0.2389,2588857.715,有行情,日线,Asia/Shanghai,2025-12-30T15:00:00+08:00,close为不复权；风险收益使用pct_chg÷100,千元,TuSharePro.daily,https://tushare.pro/document/1?doc_id=27,Fri Sep 04 2026 20:02:33 GMT+0800 (China Standard Time),公开行情历史快照
600519.SH,贵州茅台,2025-04-18,1565.94,-0.2586,3179974.34,有行情,日线,Asia/Shanghai,2025-12-30T15:00:00+08:00,close为不复权；风险收益使用pct_chg÷100,千元,TuSharePro.daily,https://tushare.pro/document/1?doc_id=27,Fri Sep 04 2026 20:02:33 GMT+0800 (China Standard Time),公开行情历史快照
601318.SH,中国平安,2025-04-18,50.44,0.5582,1706307.228,有行情,日线,Asia/Shanghai,2025-12-30T15:00:00+08:00,close为不复权；风险收益使用pct_chg÷100,千元,TuSharePro.daily,https://tushare.pro/document/1?doc_id=27,Fri Sep 04 2026 20:02:33 GMT+0800 (China Standard Time),公开行情历史快照
000333.SZ,美的集团,2025-04-21,71.39,0.6627,1262930.782,有行情,日线,Asia/Shanghai,2025-12-30T15:00:00+08:00,close为不复权；风险收益使用pct_chg÷100,千元,TuSharePro.daily,https://tushare.pro/document/1?doc_id=27,Fri Sep 04 2026 20:02:33 GMT+0800 (China Standard Time),公开行情历史快照
000858.SZ,五粮液,2025-04-21,130.34,-1.0702,1887006.445,有行情,日线,Asia/Shanghai,2025-12-30T15:00:00+08:00,close为不复权；风险收益使用pct_chg÷100,千元,TuSharePro.daily,https://tushare.pro/document/1?doc_id=27,Fri Sep 04 2026 20:02:33 GMT+0800 (China Standard Time),公开行情历史快照
002594.SZ,比亚迪,2025-04-21,348.76,0.7977,2609226.235,有行情,日线,Asia/Shanghai,2025-12-30T15:00:00+08:00,close为不复权；风险收益使用pct_chg÷100,千元,TuSharePro.daily,https://tushare.pro/document/1?doc_id=27,Fri Sep 04 2026 20:02:33 GMT+0800 (China Standard Time),公开行情历史快照
300750.SZ,宁德时代,2025-04-21,231.36,2.6169,5088523.082,有行情,日线,Asia/Shanghai,2025-12-30T15:00:00+08:00,close为不复权；风险收益使用pct_chg÷100,千元,TuSharePro.daily,https://tushare.pro/document/1?doc_id=27,Fri Sep 04 2026 20:02:33 GMT+0800 (China Standard Time),公开行情历史快照
600519.SH,贵州茅台,2025-04-21,1551.0,-0.9541,2808158.177,有行情,日线,Asia/Shanghai,2025-12-30T15:00:00+08:00,close为不复权；风险收益使用pct_chg÷100,千元,TuSharePro.daily,https://tushare.pro/document/1?doc_id=27,Fri Sep 04 2026 20:02:33 GMT+0800 (China Standard Time),公开行情历史快照
601318.SH,中国平安,2025-04-21,50.28,-0.3172,1329681.852,有行情,日线,Asia/Shanghai,2025-12-30T15:00:00+08:00,close为不复权；风险收益使用pct_chg÷100,千元,TuSharePro.daily,https://tushare.pro/document/1?doc_id=27,Fri Sep 04 2026 20:02:33 GMT+0800 (China Standard Time),公开行情历史快照
000333.SZ,美的集团,2025-04-22,71.72,0.4622,1626765.493,有行情,日线,Asia/Shanghai,2025-12-30T15:00:00+08:00,close为不复权；风险收益使用pct_chg÷100,千元,TuSharePro.daily,https://tushare.pro/document/1?doc_id=27,Fri Sep 04 2026 20:02:33 GMT+0800 (China Standard Time),公开行情历史快照
000858.SZ,五粮液,2025-04-22,130.1,-0.1841,1507639.704,有行情,日线,Asia/Shanghai,2025-12-30T15:00:00+08:00,close为不复权；风险收益使用pct_chg÷100,千元,TuSharePro.daily,https://tushare.pro/document/1?doc_id=27,Fri Sep 04 2026 20:02:33 GMT+0800 (China Standard Time),公开行情历史快照
002594.SZ,比亚迪,2025-04-22,354.84,1.7433,3956085.869,有行情,日线,Asia/Shanghai,2025-12-30T15:00:00+08:00,close为不复权；风险收益使用pct_chg÷100,千元,TuSharePro.daily,https://tushare.pro/document/1?doc_id=27,Fri Sep 04 2026 20:02:33 GMT+0800 (China Standard Time),公开行情历史快照
300750.SZ,宁德时代,2025-04-22,230.69,1.7062,3885729.764,有行情,日线,Asia/Shanghai,2025-12-30T15:00:00+08:00,close为不复权；风险收益使用pct_chg÷100,千元,TuSharePro.daily,https://tushare.pro/document/1?doc_id=27,Fri Sep 04 2026 20:02:33 GMT+0800 (China Standard Time),公开行情历史快照
600519.SH,贵州茅台,2025-04-22,1548.8,-0.1418,2857525.967,有行情,日线,Asia/Shanghai,2025-12-30T15:00:00+08:00,close为不复权；风险收益使用pct_chg÷100,千元,TuSharePro.daily,https://tushare.pro/document/1?doc_id=27,Fri Sep 04 2026 20:02:33 GMT+0800 (China Standard Time),公开行情历史快照
601318.SH,中国平安,2025-04-22,50.57,0.5768,1793621.626,有行情,日线,Asia/Shanghai,2025-12-30T15:00:00+08:00,close为不复权；风险收益使用pct_chg÷100,千元,TuSharePro.daily,https://tushare.pro/document/1?doc_id=27,Fri Sep 04 2026 20:02:33 GMT+0800 (China Standard Time),公开行情历史快照
000333.SZ,美的集团,2025-04-23,71.85,0.1813,1627423.197,有行情,日线,Asia/Shanghai,2025-12-30T15:00:00+08:00,close为不复权；风险收益使用pct_chg÷100,千元,TuSharePro.daily,https://tushare.pro/document/1?doc_id=27,Fri Sep 04 2026 20:02:33 GMT+0800 (China Standard Time),公开行情历史快照
000858.SZ,五粮液,2025-04-23,129.97,-0.0999,1246940.579,有行情,日线,Asia/Shanghai,2025-12-30T15:00:00+08:00,close为不复权；风险收益使用pct_chg÷100,千元,TuSharePro.daily,https://tushare.pro/document/1?doc_id=27,Fri Sep 04 2026 20:02:33 GMT+0800 (China Standard Time),公开行情历史快照
002594.SZ,比亚迪,2025-04-23,371.99,4.8332,9216822.11,有行情,日线,Asia/Shanghai,2025-12-30T15:00:00+08:00,close为不复权；风险收益使用pct_chg÷100,千元,TuSharePro.daily,https://tushare.pro/document/1?doc_id=27,Fri Sep 04 2026 20:02:33 GMT+0800 (China Standard Time),公开行情历史快照
300750.SZ,宁德时代,2025-04-23,233.35,1.1531,4507058.716,有行情,日线,Asia/Shanghai,2025-12-30T15:00:00+08:00,close为不复权；风险收益使用pct_chg÷100,千元,TuSharePro.daily,https://tushare.pro/document/1?doc_id=27,Fri Sep 04 2026 20:02:33 GMT+0800 (China Standard Time),公开行情历史快照
600519.SH,贵州茅台,2025-04-23,1552.0,0.2066,2895468.892,有行情,日线,Asia/Shanghai,2025-12-30T15:00:00+08:00,close为不复权；风险收益使用pct_chg÷100,千元,TuSharePro.daily,https://tushare.pro/document/1?doc_id=27,Fri Sep 04 2026 20:02:33 GMT+0800 (China Standard Time),公开行情历史快照
601318.SH,中国平安,2025-04-23,50.7,0.2571,1515452.317,有行情,日线,Asia/Shanghai,2025-12-30T15:00:00+08:00,close为不复权；风险收益使用pct_chg÷100,千元,TuSharePro.daily,https://tushare.pro/document/1?doc_id=27,Fri Sep 04 2026 20:02:33 GMT+0800 (China Standard Time),公开行情历史快照
000333.SZ,美的集团,2025-04-24,72.95,1.531,1684714.693,有行情,日线,Asia/Shanghai,2025-12-30T15:00:00+08:00,close为不复权；风险收益使用pct_chg÷100,千元,TuSharePro.daily,https://tushare.pro/document/1?doc_id=27,Fri Sep 04 2026 20:02:33 GMT+0800 (China Standard Time),公开行情历史快照
000858.SZ,五粮液,2025-04-24,129.06,-0.7002,1703623.364,有行情,日线,Asia/Shanghai,2025-12-30T15:00:00+08:00,close为不复权；风险收益使用pct_chg÷100,千元,TuSharePro.daily,https://tushare.pro/document/1?doc_id=27,Fri Sep 04 2026 20:02:33 GMT+0800 (China Standard Time),公开行情历史快照
002594.SZ,比亚迪,2025-04-24,366.0,-1.6103,5557113.199,有行情,日线,Asia/Shanghai,2025-12-30T15:00:00+08:00,close为不复权；风险收益使用pct_chg÷100,千元,TuSharePro.daily,https://tushare.pro/document/1?doc_id=27,Fri Sep 04 2026 20:02:33 GMT+0800 (China Standard Time),公开行情历史快照
300750.SZ,宁德时代,2025-04-24,236.87,1.5085,4297351.278,有行情,日线,Asia/Shanghai,2025-12-30T15:00:00+08:00,close为不复权；风险收益使用pct_chg÷100,千元,TuSharePro.daily,https://tushare.pro/document/1?doc_id=27,Fri Sep 04 2026 20:02:33 GMT+0800 (China Standard Time),公开行情历史快照
600519.SH,贵州茅台,2025-04-24,1552.25,0.0161,2313372.072,有行情,日线,Asia/Shanghai,2025-12-30T15:00:00+08:00,close为不复权；风险收益使用pct_chg÷100,千元,TuSharePro.daily,https://tushare.pro/document/1?doc_id=27,Fri Sep 04 2026 20:02:33 GMT+0800 (China Standard Time),公开行情历史快照
601318.SH,中国平安,2025-04-24,51.22,1.0256,2170142.049,有行情,日线,Asia/Shanghai,2025-12-30T15:00:00+08:00,close为不复权；风险收益使用pct_chg÷100,千元,TuSharePro.daily,https://tushare.pro/document/1?doc_id=27,Fri Sep 04 2026 20:02:33 GMT+0800 (China Standard Time),公开行情历史快照
000333.SZ,美的集团,2025-04-25,72.75,-0.2742,1244078.508,有行情,日线,Asia/Shanghai,2025-12-30T15:00:00+08:00,close为不复权；风险收益使用pct_chg÷100,千元,TuSharePro.daily,https://tushare.pro/document/1?doc_id=27,Fri Sep 04 2026 20:02:33 GMT+0800 (China Standard Time),公开行情历史快照
000858.SZ,五粮液,2025-04-25,129.05,-0.0077,1388082.6,有行情,日线,Asia/Shanghai,2025-12-30T15:00:00+08:00,close为不复权；风险收益使用pct_chg÷100,千元,TuSharePro.daily,https://tushare.pro/document/1?doc_id=27,Fri Sep 04 2026 20:02:33 GMT+0800 (China Standard Time),公开行情历史快照
002594.SZ,比亚迪,2025-04-25,370.83,1.3197,4975314.905,有行情,日线,Asia/Shanghai,2025-12-30T15:00:00+08:00,close为不复权；风险收益使用pct_chg÷100,千元,TuSharePro.daily,https://tushare.pro/document/1?doc_id=27,Fri Sep 04 2026 20:02:33 GMT+0800 (China Standard Time),公开行情历史快照
300750.SZ,宁德时代,2025-04-25,236.6,-0.114,3016796.565,有行情,日线,Asia/Shanghai,2025-12-30T15:00:00+08:00,close为不复权；风险收益使用pct_chg÷100,千元,TuSharePro.daily,https://tushare.pro/document/1?doc_id=27,Fri Sep 04 2026 20:02:33 GMT+0800 (China Standard Time),公开行情历史快照
600519.SH,贵州茅台,2025-04-25,1550.0,-0.145,2295029.705,有行情,日线,Asia/Shanghai,2025-12-30T15:00:00+08:00,close为不复权；风险收益使用pct_chg÷100,千元,TuSharePro.daily,https://tushare.pro/document/1?doc_id=27,Fri Sep 04 2026 20:02:33 GMT+0800 (China Standard Time),公开行情历史快照
601318.SH,中国平安,2025-04-25,51.33,0.2148,1894916.291,有行情,日线,Asia/Shanghai,2025-12-30T15:00:00+08:00,close为不复权；风险收益使用pct_chg÷100,千元,TuSharePro.daily,https://tushare.pro/document/1?doc_id=27,Fri Sep 04 2026 20:02:33 GMT+0800 (China Standard Time),公开行情历史快照
000333.SZ,美的集团,2025-04-28,73.23,0.6598,1755320.152,有行情,日线,Asia/Shanghai,2025-12-30T15:00:00+08:00,close为不复权；风险收益使用pct_chg÷100,千元,TuSharePro.daily,https://tushare.pro/document/1?doc_id=27,Fri Sep 04 2026 20:02:33 GMT+0800 (China Standard Time),公开行情历史快照
000858.SZ,五粮液,2025-04-28,130.85,1.3948,2422404.105,有行情,日线,Asia/Shanghai,2025-12-30T15:00:00+08:00,close为不复权；风险收益使用pct_chg÷100,千元,TuSharePro.daily,https://tushare.pro/document/1?doc_id=27,Fri Sep 04 2026 20:02:33 GMT+0800 (China Standard Time),公开行情历史快照
002594.SZ,比亚迪,2025-04-28,360.0,-2.9205,6459136.36,有行情,日线,Asia/Shanghai,2025-12-30T15:00:00+08:00,close为不复权；风险收益使用pct_chg÷100,千元,TuSharePro.daily,https://tushare.pro/document/1?doc_id=27,Fri Sep 04 2026 20:02:33 GMT+0800 (China Standard Time),公开行情历史快照
300750.SZ,宁德时代,2025-04-28,234.85,-0.7396,3357178.149,有行情,日线,Asia/Shanghai,2025-12-30T15:00:00+08:00,close为不复权；风险收益使用pct_chg÷100,千元,TuSharePro.daily,https://tushare.pro/document/1?doc_id=27,Fri Sep 04 2026 20:02:33 GMT+0800 (China Standard Time),公开行情历史快照
600519.SH,贵州茅台,2025-04-28,1550.0,0.0,2274252.465,有行情,日线,Asia/Shanghai,2025-12-30T15:00:00+08:00,close为不复权；风险收益使用pct_chg÷100,千元,TuSharePro.daily,https://tushare.pro/document/1?doc_id=27,Fri Sep 04 2026 20:02:33 GMT+0800 (China Standard Time),公开行情历史快照
601318.SH,中国平安,2025-04-28,51.21,-0.2338,2632952.959,有行情,日线,Asia/Shanghai,2025-12-30T15:00:00+08:00,close为不复权；风险收益使用pct_chg÷100,千元,TuSharePro.daily,https://tushare.pro/document/1?doc_id=27,Fri Sep 04 2026 20:02:33 GMT+0800 (China Standard Time),公开行情历史快照
000333.SZ,美的集团,2025-04-29,74.2,1.3246,1733740.168,有行情,日线,Asia/Shanghai,2025-12-30T15:00:00+08:00,close为不复权；风险收益使用pct_chg÷100,千元,TuSharePro.daily,https://tushare.pro/document/1?doc_id=27,Fri Sep 04 2026 20:02:33 GMT+0800 (China Standard Time),公开行情历史快照
000858.SZ,五粮液,2025-04-29,129.55,-0.9935,1619377.345,有行情,日线,Asia/Shanghai,2025-12-30T15:00:00+08:00,close为不复权；风险收益使用pct_chg÷100,千元,TuSharePro.daily,https://tushare.pro/document/1?doc_id=27,Fri Sep 04 2026 20:02:33 GMT+0800 (China Standard Time),公开行情历史快照
002594.SZ,比亚迪,2025-04-29,355.0,-1.3889,4237606.41,有行情,日线,Asia/Shanghai,2025-12-30T15:00:00+08:00,close为不复权；风险收益使用pct_chg÷100,千元,TuSharePro.daily,https://tushare.pro/document/1?doc_id=27,Fri Sep 04 2026 20:02:33 GMT+0800 (China Standard Time),公开行情历史快照
300750.SZ,宁德时代,2025-04-29,232.03,-1.2008,3892978.724,有行情,日线,Asia/Shanghai,2025-12-30T15:00:00+08:00,close为不复权；风险收益使用pct_chg÷100,千元,TuSharePro.daily,https://tushare.pro/document/1?doc_id=27,Fri Sep 04 2026 20:02:33 GMT+0800 (China Standard Time),公开行情历史快照
600519.SH,贵州茅台,2025-04-29,1544.0,-0.3871,2917422.938,有行情,日线,Asia/Shanghai,2025-12-30T15:00:00+08:00,close为不复权；风险收益使用pct_chg÷100,千元,TuSharePro.daily,https://tushare.pro/document/1?doc_id=27,Fri Sep 04 2026 20:02:33 GMT+0800 (China Standard Time),公开行情历史快照
601318.SH,中国平安,2025-04-29,51.0,-0.4101,1725062.887,有行情,日线,Asia/Shanghai,2025-12-30T15:00:00+08:00,close为不复权；风险收益使用pct_chg÷100,千元,TuSharePro.daily,https://tushare.pro/document/1?doc_id=27,Fri Sep 04 2026 20:02:33 GMT+0800 (China Standard Time),公开行情历史快照
000333.SZ,美的集团,2025-04-30,73.62,-0.7817,3548715.615,有行情,日线,Asia/Shanghai,2025-12-30T15:00:00+08:00,close为不复权；风险收益使用pct_chg÷100,千元,TuSharePro.daily,https://tushare.pro/document/1?doc_id=27,Fri Sep 04 2026 20:02:33 GMT+0800 (China Standard Time),公开行情历史快照
000858.SZ,五粮液,2025-04-30,128.7,-0.6561,1893634.511,有行情,日线,Asia/Shanghai,2025-12-30T15:00:00+08:00,close为不复权；风险收益使用pct_chg÷100,千元,TuSharePro.daily,https://tushare.pro/document/1?doc_id=27,Fri Sep 04 2026 20:02:33 GMT+0800 (China Standard Time),公开行情历史快照
002594.SZ,比亚迪,2025-04-30,353.09,-0.538,4599074.535,有行情,日线,Asia/Shanghai,2025-12-30T15:00:00+08:00,close为不复权；风险收益使用pct_chg÷100,千元,TuSharePro.daily,https://tushare.pro/document/1?doc_id=27,Fri Sep 04 2026 20:02:33 GMT+0800 (China Standard Time),公开行情历史快照
300750.SZ,宁德时代,2025-04-30,231.5,-0.2284,3635403.837,有行情,日线,Asia/Shanghai,2025-12-30T15:00:00+08:00,close为不复权；风险收益使用pct_chg÷100,千元,TuSharePro.daily,https://tushare.pro/document/1?doc_id=27,Fri Sep 04 2026 20:02:33 GMT+0800 (China Standard Time),公开行情历史快照
600519.SH,贵州茅台,2025-04-30,1547.0,0.1943,4005439.429,有行情,日线,Asia/Shanghai,2025-12-30T15:00:00+08:00,close为不复权；风险收益使用pct_chg÷100,千元,TuSharePro.daily,https://tushare.pro/document/1?doc_id=27,Fri Sep 04 2026 20:02:33 GMT+0800 (China Standard Time),公开行情历史快照
601318.SH,中国平安,2025-04-30,50.71,-0.5686,1927976.843,有行情,日线,Asia/Shanghai,2025-12-30T15:00:00+08:00,close为不复权；风险收益使用pct_chg÷100,千元,TuSharePro.daily,https://tushare.pro/document/1?doc_id=27,Fri Sep 04 2026 20:02:33 GMT+0800 (China Standard Time),公开行情历史快照
000333.SZ,美的集团,2025-05-06,74.05,0.5841,2556249.632,有行情,日线,Asia/Shanghai,2025-12-30T15:00:00+08:00,close为不复权；风险收益使用pct_chg÷100,千元,TuSharePro.daily,https://tushare.pro/document/1?doc_id=27,Fri Sep 04 2026 20:02:33 GMT+0800 (China Standard Time),公开行情历史快照
000858.SZ,五粮液,2025-05-06,129.49,0.6138,1889145.118,有行情,日线,Asia/Shanghai,2025-12-30T15:00:00+08:00,close为不复权；风险收益使用pct_chg÷100,千元,TuSharePro.daily,https://tushare.pro/document/1?doc_id=27,Fri Sep 04 2026 20:02:33 GMT+0800 (China Standard Time),公开行情历史快照
002594.SZ,比亚迪,2025-05-06,359.96,1.9457,5326196.143,有行情,日线,Asia/Shanghai,2025-12-30T15:00:00+08:00,close为不复权；风险收益使用pct_chg÷100,千元,TuSharePro.daily,https://tushare.pro/document/1?doc_id=27,Fri Sep 04 2026 20:02:33 GMT+0800 (China Standard Time),公开行情历史快照
300750.SZ,宁德时代,2025-05-06,231.63,0.0562,4591289.27,有行情,日线,Asia/Shanghai,2025-12-30T15:00:00+08:00,close为不复权；风险收益使用pct_chg÷100,千元,TuSharePro.daily,https://tushare.pro/document/1?doc_id=27,Fri Sep 04 2026 20:02:33 GMT+0800 (China Standard Time),公开行情历史快照
600519.SH,贵州茅台,2025-05-06,1550.2,0.2069,2838614.215,有行情,日线,Asia/Shanghai,2025-12-30T15:00:00+08:00,close为不复权；风险收益使用pct_chg÷100,千元,TuSharePro.daily,https://tushare.pro/document/1?doc_id=27,Fri Sep 04 2026 20:02:33 GMT+0800 (China Standard Time),公开行情历史快照
601318.SH,中国平安,2025-05-06,50.8,0.1775,1992284.115,有行情,日线,Asia/Shanghai,2025-12-30T15:00:00+08:00,close为不复权；风险收益使用pct_chg÷100,千元,TuSharePro.daily,https://tushare.pro/document/1?doc_id=27,Fri Sep 04 2026 20:02:33 GMT+0800 (China Standard Time),公开行情历史快照
000333.SZ,美的集团,2025-05-07,74.36,0.4186,2239595.605,有行情,日线,Asia/Shanghai,2025-12-30T15:00:00+08:00,close为不复权；风险收益使用pct_chg÷100,千元,TuSharePro.daily,https://tushare.pro/document/1?doc_id=27,Fri Sep 04 2026 20:02:33 GMT+0800 (China Standard Time),公开行情历史快照
000858.SZ,五粮液,2025-05-07,129.99,0.3861,1990960.978,有行情,日线,Asia/Shanghai,2025-12-30T15:00:00+08:00,close为不复权；风险收益使用pct_chg÷100,千元,TuSharePro.daily,https://tushare.pro/document/1?doc_id=27,Fri Sep 04 2026 20:02:33 GMT+0800 (China Standard Time),公开行情历史快照
002594.SZ,比亚迪,2025-05-07,359.2,-0.2111,3937980.382,有行情,日线,Asia/Shanghai,2025-12-30T15:00:00+08:00,close为不复权；风险收益使用pct_chg÷100,千元,TuSharePro.daily,https://tushare.pro/document/1?doc_id=27,Fri Sep 04 2026 20:02:33 GMT+0800 (China Standard Time),公开行情历史快照
300750.SZ,宁德时代,2025-05-07,238.61,3.0134,7444719.327,有行情,日线,Asia/Shanghai,2025-12-30T15:00:00+08:00,close为不复权；风险收益使用pct_chg÷100,千元,TuSharePro.daily,https://tushare.pro/document/1?doc_id=27,Fri Sep 04 2026 20:02:33 GMT+0800 (China Standard Time),公开行情历史快照
600519.SH,贵州茅台,2025-05-07,1555.0,0.3096,4275142.569,有行情,日线,Asia/Shanghai,2025-12-30T15:00:00+08:00,close为不复权；风险收益使用pct_chg÷100,千元,TuSharePro.daily,https://tushare.pro/document/1?doc_id=27,Fri Sep 04 2026 20:02:33 GMT+0800 (China Standard Time),公开行情历史快照
601318.SH,中国平安,2025-05-07,51.18,0.748,2156676.084,有行情,日线,Asia/Shanghai,2025-12-30T15:00:00+08:00,close为不复权；风险收益使用pct_chg÷100,千元,TuSharePro.daily,https://tushare.pro/document/1?doc_id=27,Fri Sep 04 2026 20:02:33 GMT+0800 (China Standard Time),公开行情历史快照
000333.SZ,美的集团,2025-05-08,75.0,0.8607,2081094.569,有行情,日线,Asia/Shanghai,2025-12-30T15:00:00+08:00,close为不复权；风险收益使用pct_chg÷100,千元,TuSharePro.daily,https://tushare.pro/document/1?doc_id=27,Fri Sep 04 2026 20:02:33 GMT+0800 (China Standard Time),公开行情历史快照
000858.SZ,五粮液,2025-05-08,131.8,1.3924,2735442.055,有行情,日线,Asia/Shanghai,2025-12-30T15:00:00+08:00,close为不复权；风险收益使用pct_chg÷100,千元,TuSharePro.daily,https://tushare.pro/document/1?doc_id=27,Fri Sep 04 2026 20:02:33 GMT+0800 (China Standard Time),公开行情历史快照
002594.SZ,比亚迪,2025-05-08,359.28,0.0223,2994908.337,有行情,日线,Asia/Shanghai,2025-12-30T15:00:00+08:00,close为不复权；风险收益使用pct_chg÷100,千元,TuSharePro.daily,https://tushare.pro/document/1?doc_id=27,Fri Sep 04 2026 20:02:33 GMT+0800 (China Standard Time),公开行情历史快照
300750.SZ,宁德时代,2025-05-08,244.57,2.4978,7666995.082,有行情,日线,Asia/Shanghai,2025-12-30T15:00:00+08:00,close为不复权；风险收益使用pct_chg÷100,千元,TuSharePro.daily,https://tushare.pro/document/1?doc_id=27,Fri Sep 04 2026 20:02:33 GMT+0800 (China Standard Time),公开行情历史快照
600519.SH,贵州茅台,2025-05-08,1578.19,1.4913,5265446.444,有行情,日线,Asia/Shanghai,2025-12-30T15:00:00+08:00,close为不复权；风险收益使用pct_chg÷100,千元,TuSharePro.daily,https://tushare.pro/document/1?doc_id=27,Fri Sep 04 2026 20:02:33 GMT+0800 (China Standard Time),公开行情历史快照
601318.SH,中国平安,2025-05-08,51.96,1.524,3487932.29,有行情,日线,Asia/Shanghai,2025-12-30T15:00:00+08:00,close为不复权；风险收益使用pct_chg÷100,千元,TuSharePro.daily,https://tushare.pro/document/1?doc_id=27,Fri Sep 04 2026 20:02:33 GMT+0800 (China Standard Time),公开行情历史快照
000333.SZ,美的集团,2025-05-09,75.8,1.0667,1861536.388,有行情,日线,Asia/Shanghai,2025-12-30T15:00:00+08:00,close为不复权；风险收益使用pct_chg÷100,千元,TuSharePro.daily,https://tushare.pro/document/1?doc_id=27,Fri Sep 04 2026 20:02:33 GMT+0800 (China Standard Time),公开行情历史快照
000858.SZ,五粮液,2025-05-09,131.58,-0.1669,1454604.448,有行情,日线,Asia/Shanghai,2025-12-30T15:00:00+08:00,close为不复权；风险收益使用pct_chg÷100,千元,TuSharePro.daily,https://tushare.pro/document/1?doc_id=27,Fri Sep 04 2026 20:02:33 GMT+0800 (China Standard Time),公开行情历史快照
002594.SZ,比亚迪,2025-05-09,363.22,1.0966,5218995.471,有行情,日线,Asia/Shanghai,2025-12-30T15:00:00+08:00,close为不复权；风险收益使用pct_chg÷100,千元,TuSharePro.daily,https://tushare.pro/document/1?doc_id=27,Fri Sep 04 2026 20:02:33 GMT+0800 (China Standard Time),公开行情历史快照
300750.SZ,宁德时代,2025-05-09,248.27,1.5129,5858468.264,有行情,日线,Asia/Shanghai,2025-12-30T15:00:00+08:00,close为不复权；风险收益使用pct_chg÷100,千元,TuSharePro.daily,https://tushare.pro/document/1?doc_id=27,Fri Sep 04 2026 20:02:33 GMT+0800 (China Standard Time),公开行情历史快照
600519.SH,贵州茅台,2025-05-09,1591.18,0.8231,3757574.546,有行情,日线,Asia/Shanghai,2025-12-30T15:00:00+08:00,close为不复权；风险收益使用pct_chg÷100,千元,TuSharePro.daily,https://tushare.pro/document/1?doc_id=27,Fri Sep 04 2026 20:02:33 GMT+0800 (China Standard Time),公开行情历史快照
601318.SH,中国平安,2025-05-09,51.75,-0.4042,1507958.915,有行情,日线,Asia/Shanghai,2025-12-30T15:00:00+08:00,close为不复权；风险收益使用pct_chg÷100,千元,TuSharePro.daily,https://tushare.pro/document/1?doc_id=27,Fri Sep 04 2026 20:02:33 GMT+0800 (China Standard Time),公开行情历史快照
000333.SZ,美的集团,2025-05-12,76.58,1.029,2078979.154,有行情,日线,Asia/Shanghai,2025-12-30T15:00:00+08:00,close为不复权；风险收益使用pct_chg÷100,千元,TuSharePro.daily,https://tushare.pro/document/1?doc_id=27,Fri Sep 04 2026 20:02:33 GMT+0800 (China Standard Time),公开行情历史快照
000858.SZ,五粮液,2025-05-12,132.97,1.0564,2182417.151,有行情,日线,Asia/Shanghai,2025-12-30T15:00:00+08:00,close为不复权；风险收益使用pct_chg÷100,千元,TuSharePro.daily,https://tushare.pro/document/1?doc_id=27,Fri Sep 04 2026 20:02:33 GMT+0800 (China Standard Time),公开行情历史快照
002594.SZ,比亚迪,2025-05-12,370.28,1.9437,5890708.994,有行情,日线,Asia/Shanghai,2025-12-30T15:00:00+08:00,close为不复权；风险收益使用pct_chg÷100,千元,TuSharePro.daily,https://tushare.pro/document/1?doc_id=27,Fri Sep 04 2026 20:02:33 GMT+0800 (China Standard Time),公开行情历史快照
300750.SZ,宁德时代,2025-05-12,257.0,3.5163,7731591.601,有行情,日线,Asia/Shanghai,2025-12-30T15:00:00+08:00,close为不复权；风险收益使用pct_chg÷100,千元,TuSharePro.daily,https://tushare.pro/document/1?doc_id=27,Fri Sep 04 2026 20:02:33 GMT+0800 (China Standard Time),公开行情历史快照
600519.SH,贵州茅台,2025-05-12,1604.5,0.8371,3967785.8,有行情,日线,Asia/Shanghai,2025-12-30T15:00:00+08:00,close为不复权；风险收益使用pct_chg÷100,千元,TuSharePro.daily,https://tushare.pro/document/1?doc_id=27,Fri Sep 04 2026 20:02:33 GMT+0800 (China Standard Time),公开行情历史快照
601318.SH,中国平安,2025-05-12,52.6,1.6425,3028226.079,有行情,日线,Asia/Shanghai,2025-12-30T15:00:00+08:00,close为不复权；风险收益使用pct_chg÷100,千元,TuSharePro.daily,https://tushare.pro/document/1?doc_id=27,Fri Sep 04 2026 20:02:33 GMT+0800 (China Standard Time),公开行情历史快照
000333.SZ,美的集团,2025-05-13,77.11,0.6921,1963341.233,有行情,日线,Asia/Shanghai,2025-12-30T15:00:00+08:00,close为不复权；风险收益使用pct_chg÷100,千元,TuSharePro.daily,https://tushare.pro/document/1?doc_id=27,Fri Sep 04 2026 20:02:33 GMT+0800 (China Standard Time),公开行情历史快照
000858.SZ,五粮液,2025-05-13,132.99,0.015,1599600.056,有行情,日线,Asia/Shanghai,2025-12-30T15:00:00+08:00,close为不复权；风险收益使用pct_chg÷100,千元,TuSharePro.daily,https://tushare.pro/document/1?doc_id=27,Fri Sep 04 2026 20:02:33 GMT+0800 (China Standard Time),公开行情历史快照
002594.SZ,比亚迪,2025-05-13,366.5,-1.0208,4874657.844,有行情,日线,Asia/Shanghai,2025-12-30T15:00:00+08:00,close为不复权；风险收益使用pct_chg÷100,千元,TuSharePro.daily,https://tushare.pro/document/1?doc_id=27,Fri Sep 04 2026 20:02:33 GMT+0800 (China Standard Time),公开行情历史快照
300750.SZ,宁德时代,2025-05-13,258.77,0.6887,5281511.475,有行情,日线,Asia/Shanghai,2025-12-30T15:00:00+08:00,close为不复权；风险收益使用pct_chg÷100,千元,TuSharePro.daily,https://tushare.pro/document/1?doc_id=27,Fri Sep 04 2026 20:02:33 GMT+0800 (China Standard Time),公开行情历史快照
600519.SH,贵州茅台,2025-05-13,1590.3,-0.885,3386617.848,有行情,日线,Asia/Shanghai,2025-12-30T15:00:00+08:00,close为不复权；风险收益使用pct_chg÷100,千元,TuSharePro.daily,https://tushare.pro/document/1?doc_id=27,Fri Sep 04 2026 20:02:33 GMT+0800 (China Standard Time),公开行情历史快照
601318.SH,中国平安,2025-05-13,52.46,-0.2662,2117089.329,有行情,日线,Asia/Shanghai,2025-12-30T15:00:00+08:00,close为不复权；风险收益使用pct_chg÷100,千元,TuSharePro.daily,https://tushare.pro/document/1?doc_id=27,Fri Sep 04 2026 20:02:33 GMT+0800 (China Standard Time),公开行情历史快照
000333.SZ,美的集团,2025-05-14,77.09,-0.0259,2248759.306,有行情,日线,Asia/Shanghai,2025-12-30T15:00:00+08:00,close为不复权；风险收益使用pct_chg÷100,千元,TuSharePro.daily,https://tushare.pro/document/1?doc_id=27,Fri Sep 04 2026 20:02:33 GMT+0800 (China Standard Time),公开行情历史快照
000858.SZ,五粮液,2025-05-14,135.26,1.7069,3932377.808,有行情,日线,Asia/Shanghai,2025-12-30T15:00:00+08:00,close为不复权；风险收益使用pct_chg÷100,千元,TuSharePro.daily,https://tushare.pro/document/1?doc_id=27,Fri Sep 04 2026 20:02:33 GMT+0800 (China Standard Time),公开行情历史快照
002594.SZ,比亚迪,2025-05-14,373.1,1.8008,5012059.707,有行情,日线,Asia/Shanghai,2025-12-30T15:00:00+08:00,close为不复权；风险收益使用pct_chg÷100,千元,TuSharePro.daily,https://tushare.pro/document/1?doc_id=27,Fri Sep 04 2026 20:02:33 GMT+0800 (China Standard Time),公开行情历史快照
300750.SZ,宁德时代,2025-05-14,262.6,1.4801,6020688.165,有行情,日线,Asia/Shanghai,2025-12-30T15:00:00+08:00,close为不复权；风险收益使用pct_chg÷100,千元,TuSharePro.daily,https://tushare.pro/document/1?doc_id=27,Fri Sep 04 2026 20:02:33 GMT+0800 (China Standard Time),公开行情历史快照
600519.SH,贵州茅台,2025-05-14,1634.99,2.8102,6394735.058,有行情,日线,Asia/Shanghai,2025-12-30T15:00:00+08:00,close为不复权；风险收益使用pct_chg÷100,千元,TuSharePro.daily,https://tushare.pro/document/1?doc_id=27,Fri Sep 04 2026 20:02:33 GMT+0800 (China Standard Time),公开行情历史快照
601318.SH,中国平安,2025-05-14,54.69,4.2509,8541172.666,有行情,日线,Asia/Shanghai,2025-12-30T15:00:00+08:00,close为不复权；风险收益使用pct_chg÷100,千元,TuSharePro.daily,https://tushare.pro/document/1?doc_id=27,Fri Sep 04 2026 20:02:33 GMT+0800 (China Standard Time),公开行情历史快照
000333.SZ,美的集团,2025-05-15,76.5,-0.7653,1571335.906,有行情,日线,Asia/Shanghai,2025-12-30T15:00:00+08:00,close为不复权；风险收益使用pct_chg÷100,千元,TuSharePro.daily,https://tushare.pro/document/1?doc_id=27,Fri Sep 04 2026 20:02:33 GMT+0800 (China Standard Time),公开行情历史快照
000858.SZ,五粮液,2025-05-15,133.67,-1.1755,1947912.221,有行情,日线,Asia/Shanghai,2025-12-30T15:00:00+08:00,close为不复权；风险收益使用pct_chg÷100,千元,TuSharePro.daily,https://tushare.pro/document/1?doc_id=27,Fri Sep 04 2026 20:02:33 GMT+0800 (China Standard Time),公开行情历史快照
002594.SZ,比亚迪,2025-05-15,376.8,0.9917,7894571.015,有行情,日线,Asia/Shanghai,2025-12-30T15:00:00+08:00,close为不复权；风险收益使用pct_chg÷100,千元,TuSharePro.daily,https://tushare.pro/document/1?doc_id=27,Fri Sep 04 2026 20:02:33 GMT+0800 (China Standard Time),公开行情历史快照
300750.SZ,宁德时代,2025-05-15,260.18,-0.9216,3685574.614,有行情,日线,Asia/Shanghai,2025-12-30T15:00:00+08:00,close为不复权；风险收益使用pct_chg÷100,千元,TuSharePro.daily,https://tushare.pro/document/1?doc_id=27,Fri Sep 04 2026 20:02:33 GMT+0800 (China Standard Time),公开行情历史快照
600519.SH,贵州茅台,2025-05-15,1632.01,-0.1823,4043402.636,有行情,日线,Asia/Shanghai,2025-12-30T15:00:00+08:00,close为不复权；风险收益使用pct_chg÷100,千元,TuSharePro.daily,https://tushare.pro/document/1?doc_id=27,Fri Sep 04 2026 20:02:33 GMT+0800 (China Standard Time),公开行情历史快照
601318.SH,中国平安,2025-05-15,54.25,-0.8045,3095268.721,有行情,日线,Asia/Shanghai,2025-12-30T15:00:00+08:00,close为不复权；风险收益使用pct_chg÷100,千元,TuSharePro.daily,https://tushare.pro/document/1?doc_id=27,Fri Sep 04 2026 20:02:33 GMT+0800 (China Standard Time),公开行情历史快照
000333.SZ,美的集团,2025-05-16,76.6,0.1307,1819974.356,有行情,日线,Asia/Shanghai,2025-12-30T15:00:00+08:00,close为不复权；风险收益使用pct_chg÷100,千元,TuSharePro.daily,https://tushare.pro/document/1?doc_id=27,Fri Sep 04 2026 20:02:33 GMT+0800 (China Standard Time),公开行情历史快照
000858.SZ,五粮液,2025-05-16,131.08,-1.9376,2288769.532,有行情,日线,Asia/Shanghai,2025-12-30T15:00:00+08:00,close为不复权；风险收益使用pct_chg÷100,千元,TuSharePro.daily,https://tushare.pro/document/1?doc_id=27,Fri Sep 04 2026 20:02:33 GMT+0800 (China Standard Time),公开行情历史快照
002594.SZ,比亚迪,2025-05-16,389.17,3.2829,8858484.484,有行情,日线,Asia/Shanghai,2025-12-30T15:00:00+08:00,close为不复权；风险收益使用pct_chg÷100,千元,TuSharePro.daily,https://tushare.pro/document/1?doc_id=27,Fri Sep 04 2026 20:02:33 GMT+0800 (China Standard Time),公开行情历史快照
300750.SZ,宁德时代,2025-05-16,259.36,-0.3152,4904611.048,有行情,日线,Asia/Shanghai,2025-12-30T15:00:00+08:00,close为不复权；风险收益使用pct_chg÷100,千元,TuSharePro.daily,https://tushare.pro/document/1?doc_id=27,Fri Sep 04 2026 20:02:33 GMT+0800 (China Standard Time),公开行情历史快照
600519.SH,贵州茅台,2025-05-16,1614.13,-1.0956,3714508.659,有行情,日线,Asia/Shanghai,2025-12-30T15:00:00+08:00,close为不复权；风险收益使用pct_chg÷100,千元,TuSharePro.daily,https://tushare.pro/document/1?doc_id=27,Fri Sep 04 2026 20:02:33 GMT+0800 (China Standard Time),公开行情历史快照
601318.SH,中国平安,2025-05-16,53.39,-1.5853,2499109.899,有行情,日线,Asia/Shanghai,2025-12-30T15:00:00+08:00,close为不复权；风险收益使用pct_chg÷100,千元,TuSharePro.daily,https://tushare.pro/document/1?doc_id=27,Fri Sep 04 2026 20:02:33 GMT+0800 (China Standard Time),公开行情历史快照
000333.SZ,美的集团,2025-05-19,77.58,1.2794,2031022.754,有行情,日线,Asia/Shanghai,2025-12-30T15:00:00+08:00,close为不复权；风险收益使用pct_chg÷100,千元,TuSharePro.daily,https://tushare.pro/document/1?doc_id=27,Fri Sep 04 2026 20:02:33 GMT+0800 (China Standard Time),公开行情历史快照
000858.SZ,五粮液,2025-05-19,129.3,-1.3579,3062514.441,有行情,日线,Asia/Shanghai,2025-12-30T15:00:00+08:00,close为不复权；风险收益使用pct_chg÷100,千元,TuSharePro.daily,https://tushare.pro/document/1?doc_id=27,Fri Sep 04 2026 20:02:33 GMT+0800 (China Standard Time),公开行情历史快照
002594.SZ,比亚迪,2025-05-19,382.81,-1.6342,6159126.224,有行情,日线,Asia/Shanghai,2025-12-30T15:00:00+08:00,close为不复权；风险收益使用pct_chg÷100,千元,TuSharePro.daily,https://tushare.pro/document/1?doc_id=27,Fri Sep 04 2026 20:02:33 GMT+0800 (China Standard Time),公开行情历史快照
300750.SZ,宁德时代,2025-05-19,260.0,0.2468,4399897.903,有行情,日线,Asia/Shanghai,2025-12-30T15:00:00+08:00,close为不复权；风险收益使用pct_chg÷100,千元,TuSharePro.daily,https://tushare.pro/document/1?doc_id=27,Fri Sep 04 2026 20:02:33 GMT+0800 (China Standard Time),公开行情历史快照
600519.SH,贵州茅台,2025-05-19,1578.98,-2.1776,6021950.01,有行情,日线,Asia/Shanghai,2025-12-30T15:00:00+08:00,close为不复权；风险收益使用pct_chg÷100,千元,TuSharePro.daily,https://tushare.pro/document/1?doc_id=27,Fri Sep 04 2026 20:02:33 GMT+0800 (China Standard Time),公开行情历史快照
601318.SH,中国平安,2025-05-19,53.3,-0.1686,1730493.312,有行情,日线,Asia/Shanghai,2025-12-30T15:00:00+08:00,close为不复权；风险收益使用pct_chg÷100,千元,TuSharePro.daily,https://tushare.pro/document/1?doc_id=27,Fri Sep 04 2026 20:02:33 GMT+0800 (China Standard Time),公开行情历史快照
000333.SZ,美的集团,2025-05-20,78.67,1.405,2184604.655,有行情,日线,Asia/Shanghai,2025-12-30T15:00:00+08:00,close为不复权；风险收益使用pct_chg÷100,千元,TuSharePro.daily,https://tushare.pro/document/1?doc_id=27,Fri Sep 04 2026 20:02:33 GMT+0800 (China Standard Time),公开行情历史快照
000858.SZ,五粮液,2025-05-20,129.13,-0.1315,2058475.919,有行情,日线,Asia/Shanghai,2025-12-30T15:00:00+08:00,close为不复权；风险收益使用pct_chg÷100,千元,TuSharePro.daily,https://tushare.pro/document/1?doc_id=27,Fri Sep 04 2026 20:02:33 GMT+0800 (China Standard Time),公开行情历史快照
002594.SZ,比亚迪,2025-05-20,394.8,3.1321,6705400.029,有行情,日线,Asia/Shanghai,2025-12-30T15:00:00+08:00,close为不复权；风险收益使用pct_chg÷100,千元,TuSharePro.daily,https://tushare.pro/document/1?doc_id=27,Fri Sep 04 2026 20:02:33 GMT+0800 (China Standard Time),公开行情历史快照
300750.SZ,宁德时代,2025-05-20,263.0,1.1538,9053425.367,有行情,日线,Asia/Shanghai,2025-12-30T15:00:00+08:00,close为不复权；风险收益使用pct_chg÷100,千元,TuSharePro.daily,https://tushare.pro/document/1?doc_id=27,Fri Sep 04 2026 20:02:33 GMT+0800 (China Standard Time),公开行情历史快照
600519.SH,贵州茅台,2025-05-20,1586.0,0.4446,3095742.637,有行情,日线,Asia/Shanghai,2025-12-30T15:00:00+08:00,close为不复权；风险收益使用pct_chg÷100,千元,TuSharePro.daily,https://tushare.pro/document/1?doc_id=27,Fri Sep 04 2026 20:02:33 GMT+0800 (China Standard Time),公开行情历史快照
601318.SH,中国平安,2025-05-20,53.68,0.7129,1895934.592,有行情,日线,Asia/Shanghai,2025-12-30T15:00:00+08:00,close为不复权；风险收益使用pct_chg÷100,千元,TuSharePro.daily,https://tushare.pro/document/1?doc_id=27,Fri Sep 04 2026 20:02:33 GMT+0800 (China Standard Time),公开行情历史快照
000333.SZ,美的集团,2025-05-21,78.8,0.1652,1619842.976,有行情,日线,Asia/Shanghai,2025-12-30T15:00:00+08:00,close为不复权；风险收益使用pct_chg÷100,千元,TuSharePro.daily,https://tushare.pro/document/1?doc_id=27,Fri Sep 04 2026 20:02:33 GMT+0800 (China Standard Time),公开行情历史快照
000858.SZ,五粮液,2025-05-21,129.26,0.1007,1832618.627,有行情,日线,Asia/Shanghai,2025-12-30T15:00:00+08:00,close为不复权；风险收益使用pct_chg÷100,千元,TuSharePro.daily,https://tushare.pro/document/1?doc_id=27,Fri Sep 04 2026 20:02:33 GMT+0800 (China Standard Time),公开行情历史快照
002594.SZ,比亚迪,2025-05-21,400.0,1.3171,7967115.092,有行情,日线,Asia/Shanghai,2025-12-30T15:00:00+08:00,close为不复权；风险收益使用pct_chg÷100,千元,TuSharePro.daily,https://tushare.pro/document/1?doc_id=27,Fri Sep 04 2026 20:02:33 GMT+0800 (China Standard Time),公开行情历史快照
300750.SZ,宁德时代,2025-05-21,274.08,4.2129,15470587.405,有行情,日线,Asia/Shanghai,2025-12-30T15:00:00+08:00,close为不复权；风险收益使用pct_chg÷100,千元,TuSharePro.daily,https://tushare.pro/document/1?doc_id=27,Fri Sep 04 2026 20:02:33 GMT+0800 (China Standard Time),公开行情历史快照
600519.SH,贵州茅台,2025-05-21,1580.97,-0.3172,3143941.416,有行情,日线,Asia/Shanghai,2025-12-30T15:00:00+08:00,close为不复权；风险收益使用pct_chg÷100,千元,TuSharePro.daily,https://tushare.pro/document/1?doc_id=27,Fri Sep 04 2026 20:02:33 GMT+0800 (China Standard Time),公开行情历史快照
601318.SH,中国平安,2025-05-21,53.85,0.3167,1800759.244,有行情,日线,Asia/Shanghai,2025-12-30T15:00:00+08:00,close为不复权；风险收益使用pct_chg÷100,千元,TuSharePro.daily,https://tushare.pro/document/1?doc_id=27,Fri Sep 04 2026 20:02:33 GMT+0800 (China Standard Time),公开行情历史快照
000333.SZ,美的集团,2025-05-22,79.36,0.7107,1850376.659,有行情,日线,Asia/Shanghai,2025-12-30T15:00:00+08:00,close为不复权；风险收益使用pct_chg÷100,千元,TuSharePro.daily,https://tushare.pro/document/1?doc_id=27,Fri Sep 04 2026 20:02:33 GMT+0800 (China Standard Time),公开行情历史快照
000858.SZ,五粮液,2025-05-22,129.09,-0.1315,1239750.922,有行情,日线,Asia/Shanghai,2025-12-30T15:00:00+08:00,close为不复权；风险收益使用pct_chg÷100,千元,TuSharePro.daily,https://tushare.pro/document/1?doc_id=27,Fri Sep 04 2026 20:02:33 GMT+0800 (China Standard Time),公开行情历史快照
002594.SZ,比亚迪,2025-05-22,398.8,-0.3,5868800.084,有行情,日线,Asia/Shanghai,2025-12-30T15:00:00+08:00,close为不复权；风险收益使用pct_chg÷100,千元,TuSharePro.daily,https://tushare.pro/document/1?doc_id=27,Fri Sep 04 2026 20:02:33 GMT+0800 (China Standard Time),公开行情历史快照
300750.SZ,宁德时代,2025-05-22,270.37,-1.3536,7470701.467,有行情,日线,Asia/Shanghai,2025-12-30T15:00:00+08:00,close为不复权；风险收益使用pct_chg÷100,千元,TuSharePro.daily,https://tushare.pro/document/1?doc_id=27,Fri Sep 04 2026 20:02:33 GMT+0800 (China Standard Time),公开行情历史快照
600519.SH,贵州茅台,2025-05-22,1580.0,-0.0614,2381236.586,有行情,日线,Asia/Shanghai,2025-12-30T15:00:00+08:00,close为不复权；风险收益使用pct_chg÷100,千元,TuSharePro.daily,https://tushare.pro/document/1?doc_id=27,Fri Sep 04 2026 20:02:33 GMT+0800 (China Standard Time),公开行情历史快照
601318.SH,中国平安,2025-05-22,53.84,-0.0186,1294403.114,有行情,日线,Asia/Shanghai,2025-12-30T15:00:00+08:00,close为不复权；风险收益使用pct_chg÷100,千元,TuSharePro.daily,https://tushare.pro/document/1?doc_id=27,Fri Sep 04 2026 20:02:33 GMT+0800 (China Standard Time),公开行情历史快照
000333.SZ,美的集团,2025-05-23,78.89,-0.5922,2385953.118,有行情,日线,Asia/Shanghai,2025-12-30T15:00:00+08:00,close为不复权；风险收益使用pct_chg÷100,千元,TuSharePro.daily,https://tushare.pro/document/1?doc_id=27,Fri Sep 04 2026 20:02:33 GMT+0800 (China Standard Time),公开行情历史快照
000858.SZ,五粮液,2025-05-23,128.15,-0.7282,1937195.76,有行情,日线,Asia/Shanghai,2025-12-30T15:00:00+08:00,close为不复权；风险收益使用pct_chg÷100,千元,TuSharePro.daily,https://tushare.pro/document/1?doc_id=27,Fri Sep 04 2026 20:02:33 GMT+0800 (China Standard Time),公开行情历史快照
002594.SZ,比亚迪,2025-05-23,405.0,1.5547,9627525.188,有行情,日线,Asia/Shanghai,2025-12-30T15:00:00+08:00,close为不复权；风险收益使用pct_chg÷100,千元,TuSharePro.daily,https://tushare.pro/document/1?doc_id=27,Fri Sep 04 2026 20:02:33 GMT+0800 (China Standard Time),公开行情历史快照
300750.SZ,宁德时代,2025-05-23,266.99,-1.2501,6218224.097,有行情,日线,Asia/Shanghai,2025-12-30T15:00:00+08:00,close为不复权；风险收益使用pct_chg÷100,千元,TuSharePro.daily,https://tushare.pro/document/1?doc_id=27,Fri Sep 04 2026 20:02:33 GMT+0800 (China Standard Time),公开行情历史快照
600519.SH,贵州茅台,2025-05-23,1572.6,-0.4684,3399424.961,有行情,日线,Asia/Shanghai,2025-12-30T15:00:00+08:00,close为不复权；风险收益使用pct_chg÷100,千元,TuSharePro.daily,https://tushare.pro/document/1?doc_id=27,Fri Sep 04 2026 20:02:33 GMT+0800 (China Standard Time),公开行情历史快照
601318.SH,中国平安,2025-05-23,53.23,-1.133,2314052.457,有行情,日线,Asia/Shanghai,2025-12-30T15:00:00+08:00,close为不复权；风险收益使用pct_chg÷100,千元,TuSharePro.daily,https://tushare.pro/document/1?doc_id=27,Fri Sep 04 2026 20:02:33 GMT+0800 (China Standard Time),公开行情历史快照
000333.SZ,美的集团,2025-05-26,78.27,-0.7859,1893696.279,有行情,日线,Asia/Shanghai,2025-12-30T15:00:00+08:00,close为不复权；风险收益使用pct_chg÷100,千元,TuSharePro.daily,https://tushare.pro/document/1?doc_id=27,Fri Sep 04 2026 20:02:33 GMT+0800 (China Standard Time),公开行情历史快照
000858.SZ,五粮液,2025-05-26,126.41,-1.3578,3460707.609,有行情,日线,Asia/Shanghai,2025-12-30T15:00:00+08:00,close为不复权；风险收益使用pct_chg÷100,千元,TuSharePro.daily,https://tushare.pro/document/1?doc_id=27,Fri Sep 04 2026 20:02:33 GMT+0800 (China Standard Time),公开行情历史快照
002594.SZ,比亚迪,2025-05-26,381.0,-5.9259,12014228.946,有行情,日线,Asia/Shanghai,2025-12-30T15:00:00+08:00,close为不复权；风险收益使用pct_chg÷100,千元,TuSharePro.daily,https://tushare.pro/document/1?doc_id=27,Fri Sep 04 2026 20:02:33 GMT+0800 (China Standard Time),公开行情历史快照
300750.SZ,宁德时代,2025-05-26,255.9,-4.1537,8477228.63,有行情,日线,Asia/Shanghai,2025-12-30T15:00:00+08:00,close为不复权；风险收益使用pct_chg÷100,千元,TuSharePro.daily,https://tushare.pro/document/1?doc_id=27,Fri Sep 04 2026 20:02:33 GMT+0800 (China Standard Time),公开行情历史快照
600519.SH,贵州茅台,2025-05-26,1550.5,-1.4053,4212944.43,有行情,日线,Asia/Shanghai,2025-12-30T15:00:00+08:00,close为不复权；风险收益使用pct_chg÷100,千元,TuSharePro.daily,https://tushare.pro/document/1?doc_id=27,Fri Sep 04 2026 20:02:33 GMT+0800 (China Standard Time),公开行情历史快照
601318.SH,中国平安,2025-05-26,53.4,0.3194,2078107.531,有行情,日线,Asia/Shanghai,2025-12-30T15:00:00+08:00,close为不复权；风险收益使用pct_chg÷100,千元,TuSharePro.daily,https://tushare.pro/document/1?doc_id=27,Fri Sep 04 2026 20:02:33 GMT+0800 (China Standard Time),公开行情历史快照
000333.SZ,美的集团,2025-05-27,78.48,0.2683,1620472.097,有行情,日线,Asia/Shanghai,2025-12-30T15:00:00+08:00,close为不复权；风险收益使用pct_chg÷100,千元,TuSharePro.daily,https://tushare.pro/document/1?doc_id=27,Fri Sep 04 2026 20:02:33 GMT+0800 (China Standard Time),公开行情历史快照
000858.SZ,五粮液,2025-05-27,126.16,-0.1978,1908812.014,有行情,日线,Asia/Shanghai,2025-12-30T15:00:00+08:00,close为不复权；风险收益使用pct_chg÷100,千元,TuSharePro.daily,https://tushare.pro/document/1?doc_id=27,Fri Sep 04 2026 20:02:33 GMT+0800 (China Standard Time),公开行情历史快照
002594.SZ,比亚迪,2025-05-27,372.41,-2.2546,8594833.865,有行情,日线,Asia/Shanghai,2025-12-30T15:00:00+08:00,close为不复权；风险收益使用pct_chg÷100,千元,TuSharePro.daily,https://tushare.pro/document/1?doc_id=27,Fri Sep 04 2026 20:02:33 GMT+0800 (China Standard Time),公开行情历史快照
300750.SZ,宁德时代,2025-05-27,253.99,-0.7464,4491281.266,有行情,日线,Asia/Shanghai,2025-12-30T15:00:00+08:00,close为不复权；风险收益使用pct_chg÷100,千元,TuSharePro.daily,https://tushare.pro/document/1?doc_id=27,Fri Sep 04 2026 20:02:33 GMT+0800 (China Standard Time),公开行情历史快照
600519.SH,贵州茅台,2025-05-27,1543.9,-0.4257,2748945.675,有行情,日线,Asia/Shanghai,2025-12-30T15:00:00+08:00,close为不复权；风险收益使用pct_chg÷100,千元,TuSharePro.daily,https://tushare.pro/document/1?doc_id=27,Fri Sep 04 2026 20:02:33 GMT+0800 (China Standard Time),公开行情历史快照
601318.SH,中国平安,2025-05-27,53.4,0.0,1368911.112,有行情,日线,Asia/Shanghai,2025-12-30T15:00:00+08:00,close为不复权；风险收益使用pct_chg÷100,千元,TuSharePro.daily,https://tushare.pro/document/1?doc_id=27,Fri Sep 04 2026 20:02:33 GMT+0800 (China Standard Time),公开行情历史快照
000333.SZ,美的集团,2025-05-28,79.32,1.0703,1911343.092,有行情,日线,Asia/Shanghai,2025-12-30T15:00:00+08:00,close为不复权；风险收益使用pct_chg÷100,千元,TuSharePro.daily,https://tushare.pro/document/1?doc_id=27,Fri Sep 04 2026 20:02:33 GMT+0800 (China Standard Time),公开行情历史快照
000858.SZ,五粮液,2025-05-28,126.92,0.6024,2291200.545,有行情,日线,Asia/Shanghai,2025-12-30T15:00:00+08:00,close为不复权；风险收益使用pct_chg÷100,千元,TuSharePro.daily,https://tushare.pro/document/1?doc_id=27,Fri Sep 04 2026 20:02:33 GMT+0800 (China Standard Time),公开行情历史快照
002594.SZ,比亚迪,2025-05-28,362.88,-2.559,6513230.209,有行情,日线,Asia/Shanghai,2025-12-30T15:00:00+08:00,close为不复权；风险收益使用pct_chg÷100,千元,TuSharePro.daily,https://tushare.pro/document/1?doc_id=27,Fri Sep 04 2026 20:02:33 GMT+0800 (China Standard Time),公开行情历史快照
300750.SZ,宁德时代,2025-05-28,253.6,-0.1535,3946773.465,有行情,日线,Asia/Shanghai,2025-12-30T15:00:00+08:00,close为不复权；风险收益使用pct_chg÷100,千元,TuSharePro.daily,https://tushare.pro/document/1?doc_id=27,Fri Sep 04 2026 20:02:33 GMT+0800 (China Standard Time),公开行情历史快照
600519.SH,贵州茅台,2025-05-28,1537.0,-0.4469,2504624.605,有行情,日线,Asia/Shanghai,2025-12-30T15:00:00+08:00,close为不复权；风险收益使用pct_chg÷100,千元,TuSharePro.daily,https://tushare.pro/document/1?doc_id=27,Fri Sep 04 2026 20:02:33 GMT+0800 (China Standard Time),公开行情历史快照
601318.SH,中国平安,2025-05-28,53.29,-0.206,1396312.012,有行情,日线,Asia/Shanghai,2025-12-30T15:00:00+08:00,close为不复权；风险收益使用pct_chg÷100,千元,TuSharePro.daily,https://tushare.pro/document/1?doc_id=27,Fri Sep 04 2026 20:02:33 GMT+0800 (China Standard Time),公开行情历史快照
000333.SZ,美的集团,2025-05-29,78.98,-0.4286,1988440.748,有行情,日线,Asia/Shanghai,2025-12-30T15:00:00+08:00,close为不复权；风险收益使用pct_chg÷100,千元,TuSharePro.daily,https://tushare.pro/document/1?doc_id=27,Fri Sep 04 2026 20:02:33 GMT+0800 (China Standard Time),公开行情历史快照
000858.SZ,五粮液,2025-05-29,127.32,0.3152,2036182.268,有行情,日线,Asia/Shanghai,2025-12-30T15:00:00+08:00,close为不复权；风险收益使用pct_chg÷100,千元,TuSharePro.daily,https://tushare.pro/document/1?doc_id=27,Fri Sep 04 2026 20:02:33 GMT+0800 (China Standard Time),公开行情历史快照
002594.SZ,比亚迪,2025-05-29,361.13,-0.4823,6942900.395,有行情,日线,Asia/Shanghai,2025-12-30T15:00:00+08:00,close为不复权；风险收益使用pct_chg÷100,千元,TuSharePro.daily,https://tushare.pro/document/1?doc_id=27,Fri Sep 04 2026 20:02:33 GMT+0800 (China Standard Time),公开行情历史快照
300750.SZ,宁德时代,2025-05-29,251.85,-0.6901,5487937.548,有行情,日线,Asia/Shanghai,2025-12-30T15:00:00+08:00,close为不复权；风险收益使用pct_chg÷100,千元,TuSharePro.daily,https://tushare.pro/document/1?doc_id=27,Fri Sep 04 2026 20:02:33 GMT+0800 (China Standard Time),公开行情历史快照
600519.SH,贵州茅台,2025-05-29,1540.0,0.1952,3375465.796,有行情,日线,Asia/Shanghai,2025-12-30T15:00:00+08:00,close为不复权；风险收益使用pct_chg÷100,千元,TuSharePro.daily,https://tushare.pro/document/1?doc_id=27,Fri Sep 04 2026 20:02:33 GMT+0800 (China Standard Time),公开行情历史快照
601318.SH,中国平安,2025-05-29,53.52,0.4316,1868004.33,有行情,日线,Asia/Shanghai,2025-12-30T15:00:00+08:00,close为不复权；风险收益使用pct_chg÷100,千元,TuSharePro.daily,https://tushare.pro/document/1?doc_id=27,Fri Sep 04 2026 20:02:33 GMT+0800 (China Standard Time),公开行情历史快照
000333.SZ,美的集团,2025-05-30,79.06,0.1013,1703126.097,有行情,日线,Asia/Shanghai,2025-12-30T15:00:00+08:00,close为不复权；风险收益使用pct_chg÷100,千元,TuSharePro.daily,https://tushare.pro/document/1?doc_id=27,Fri Sep 04 2026 20:02:33 GMT+0800 (China Standard Time),公开行情历史快照
000858.SZ,五粮液,2025-05-30,126.44,-0.6912,1858195.533,有行情,日线,Asia/Shanghai,2025-12-30T15:00:00+08:00,close为不复权；风险收益使用pct_chg÷100,千元,TuSharePro.daily,https://tushare.pro/document/1?doc_id=27,Fri Sep 04 2026 20:02:33 GMT+0800 (China Standard Time),公开行情历史快照
002594.SZ,比亚迪,2025-05-30,352.3,-2.4451,6733498.591,有行情,日线,Asia/Shanghai,2025-12-30T15:00:00+08:00,close为不复权；风险收益使用pct_chg÷100,千元,TuSharePro.daily,https://tushare.pro/document/1?doc_id=27,Fri Sep 04 2026 20:02:33 GMT+0800 (China Standard Time),公开行情历史快照
300750.SZ,宁德时代,2025-05-30,250.0,-0.7346,5107325.148,有行情,日线,Asia/Shanghai,2025-12-30T15:00:00+08:00,close为不复权；风险收益使用pct_chg÷100,千元,TuSharePro.daily,https://tushare.pro/document/1?doc_id=27,Fri Sep 04 2026 20:02:33 GMT+0800 (China Standard Time),公开行情历史快照
600519.SH,贵州茅台,2025-05-30,1522.0,-1.1688,4764875.947,有行情,日线,Asia/Shanghai,2025-12-30T15:00:00+08:00,close为不复权；风险收益使用pct_chg÷100,千元,TuSharePro.daily,https://tushare.pro/document/1?doc_id=27,Fri Sep 04 2026 20:02:33 GMT+0800 (China Standard Time),公开行情历史快照
601318.SH,中国平安,2025-05-30,53.28,-0.4484,2221553.128,有行情,日线,Asia/Shanghai,2025-12-30T15:00:00+08:00,close为不复权；风险收益使用pct_chg÷100,千元,TuSharePro.daily,https://tushare.pro/document/1?doc_id=27,Fri Sep 04 2026 20:02:33 GMT+0800 (China Standard Time),公开行情历史快照
000333.SZ,美的集团,2025-06-03,75.91,-3.9843,4293054.877,有行情,日线,Asia/Shanghai,2025-12-30T15:00:00+08:00,close为不复权；风险收益使用pct_chg÷100,千元,TuSharePro.daily,https://tushare.pro/document/1?doc_id=27,Fri Sep 04 2026 20:02:33 GMT+0800 (China Standard Time),公开行情历史快照
000858.SZ,五粮液,2025-06-03,124.68,-1.392,2965933.456,有行情,日线,Asia/Shanghai,2025-12-30T15:00:00+08:00,close为不复权；风险收益使用pct_chg÷100,千元,TuSharePro.daily,https://tushare.pro/document/1?doc_id=27,Fri Sep 04 2026 20:02:33 GMT+0800 (China Standard Time),公开行情历史快照
002594.SZ,比亚迪,2025-06-03,356.0,1.0502,6453885.813,有行情,日线,Asia/Shanghai,2025-12-30T15:00:00+08:00,close为不复权；风险收益使用pct_chg÷100,千元,TuSharePro.daily,https://tushare.pro/document/1?doc_id=27,Fri Sep 04 2026 20:02:33 GMT+0800 (China Standard Time),公开行情历史快照
300750.SZ,宁德时代,2025-06-03,251.15,0.46,3989341.996,有行情,日线,Asia/Shanghai,2025-12-30T15:00:00+08:00,close为不复权；风险收益使用pct_chg÷100,千元,TuSharePro.daily,https://tushare.pro/document/1?doc_id=27,Fri Sep 04 2026 20:02:33 GMT+0800 (China Standard Time),公开行情历史快照
600519.SH,贵州茅台,2025-06-03,1509.0,-0.8541,4377892.799,有行情,日线,Asia/Shanghai,2025-12-30T15:00:00+08:00,close为不复权；风险收益使用pct_chg÷100,千元,TuSharePro.daily,https://tushare.pro/document/1?doc_id=27,Fri Sep 04 2026 20:02:33 GMT+0800 (China Standard Time),公开行情历史快照
601318.SH,中国平安,2025-06-03,53.85,1.0698,2430686.987,有行情,日线,Asia/Shanghai,2025-12-30T15:00:00+08:00,close为不复权；风险收益使用pct_chg÷100,千元,TuSharePro.daily,https://tushare.pro/document/1?doc_id=27,Fri Sep 04 2026 20:02:33 GMT+0800 (China Standard Time),公开行情历史快照
000333.SZ,美的集团,2025-06-04,75.56,-0.4611,2790934.593,有行情,日线,Asia/Shanghai,2025-12-30T15:00:00+08:00,close为不复权；风险收益使用pct_chg÷100,千元,TuSharePro.daily,https://tushare.pro/document/1?doc_id=27,Fri Sep 04 2026 20:02:33 GMT+0800 (China Standard Time),公开行情历史快照
000858.SZ,五粮液,2025-06-04,124.55,-0.1043,2410315.627,有行情,日线,Asia/Shanghai,2025-12-30T15:00:00+08:00,close为不复权；风险收益使用pct_chg÷100,千元,TuSharePro.daily,https://tushare.pro/document/1?doc_id=27,Fri Sep 04 2026 20:02:33 GMT+0800 (China Standard Time),公开行情历史快照
002594.SZ,比亚迪,2025-06-04,360.52,1.2697,5311224.037,有行情,日线,Asia/Shanghai,2025-12-30T15:00:00+08:00,close为不复权；风险收益使用pct_chg÷100,千元,TuSharePro.daily,https://tushare.pro/document/1?doc_id=27,Fri Sep 04 2026 20:02:33 GMT+0800 (China Standard Time),公开行情历史快照
300750.SZ,宁德时代,2025-06-04,251.05,-0.0398,3285855.859,有行情,日线,Asia/Shanghai,2025-12-30T15:00:00+08:00,close为不复权；风险收益使用pct_chg÷100,千元,TuSharePro.daily,https://tushare.pro/document/1?doc_id=27,Fri Sep 04 2026 20:02:33 GMT+0800 (China Standard Time),公开行情历史快照
600519.SH,贵州茅台,2025-06-04,1509.96,0.0636,3480363.797,有行情,日线,Asia/Shanghai,2025-12-30T15:00:00+08:00,close为不复权；风险收益使用pct_chg÷100,千元,TuSharePro.daily,https://tushare.pro/document/1?doc_id=27,Fri Sep 04 2026 20:02:33 GMT+0800 (China Standard Time),公开行情历史快照
601318.SH,中国平安,2025-06-04,53.76,-0.1671,2322941.429,有行情,日线,Asia/Shanghai,2025-12-30T15:00:00+08:00,close为不复权；风险收益使用pct_chg÷100,千元,TuSharePro.daily,https://tushare.pro/document/1?doc_id=27,Fri Sep 04 2026 20:02:33 GMT+0800 (China Standard Time),公开行情历史快照
000333.SZ,美的集团,2025-06-05,75.25,-0.4103,1776718.063,有行情,日线,Asia/Shanghai,2025-12-30T15:00:00+08:00,close为不复权；风险收益使用pct_chg÷100,千元,TuSharePro.daily,https://tushare.pro/document/1?doc_id=27,Fri Sep 04 2026 20:02:33 GMT+0800 (China Standard Time),公开行情历史快照
000858.SZ,五粮液,2025-06-05,125.03,0.3854,2525601.313,有行情,日线,Asia/Shanghai,2025-12-30T15:00:00+08:00,close为不复权；风险收益使用pct_chg÷100,千元,TuSharePro.daily,https://tushare.pro/document/1?doc_id=27,Fri Sep 04 2026 20:02:33 GMT+0800 (China Standard Time),公开行情历史快照
002594.SZ,比亚迪,2025-06-05,360.75,0.0638,3908084.318,有行情,日线,Asia/Shanghai,2025-12-30T15:00:00+08:00,close为不复权；风险收益使用pct_chg÷100,千元,TuSharePro.daily,https://tushare.pro/document/1?doc_id=27,Fri Sep 04 2026 20:02:33 GMT+0800 (China Standard Time),公开行情历史快照
300750.SZ,宁德时代,2025-06-05,251.5,0.1792,3386751.735,有行情,日线,Asia/Shanghai,2025-12-30T15:00:00+08:00,close为不复权；风险收益使用pct_chg÷100,千元,TuSharePro.daily,https://tushare.pro/document/1?doc_id=27,Fri Sep 04 2026 20:02:33 GMT+0800 (China Standard Time),公开行情历史快照
600519.SH,贵州茅台,2025-06-05,1514.0,0.2676,3504925.524,有行情,日线,Asia/Shanghai,2025-12-30T15:00:00+08:00,close为不复权；风险收益使用pct_chg÷100,千元,TuSharePro.daily,https://tushare.pro/document/1?doc_id=27,Fri Sep 04 2026 20:02:33 GMT+0800 (China Standard Time),公开行情历史快照
601318.SH,中国平安,2025-06-05,53.99,0.4278,2260023.9,有行情,日线,Asia/Shanghai,2025-12-30T15:00:00+08:00,close为不复权；风险收益使用pct_chg÷100,千元,TuSharePro.daily,https://tushare.pro/document/1?doc_id=27,Fri Sep 04 2026 20:02:33 GMT+0800 (China Standard Time),公开行情历史快照
000333.SZ,美的集团,2025-06-06,75.7,0.598,2081019.011,有行情,日线,Asia/Shanghai,2025-12-30T15:00:00+08:00,close为不复权；风险收益使用pct_chg÷100,千元,TuSharePro.daily,https://tushare.pro/document/1?doc_id=27,Fri Sep 04 2026 20:02:33 GMT+0800 (China Standard Time),公开行情历史快照
000858.SZ,五粮液,2025-06-06,125.09,0.048,1488927.363,有行情,日线,Asia/Shanghai,2025-12-30T15:00:00+08:00,close为不复权；风险收益使用pct_chg÷100,千元,TuSharePro.daily,https://tushare.pro/document/1?doc_id=27,Fri Sep 04 2026 20:02:33 GMT+0800 (China Standard Time),公开行情历史快照
002594.SZ,比亚迪,2025-06-06,359.96,-0.219,3228098.168,有行情,日线,Asia/Shanghai,2025-12-30T15:00:00+08:00,close为不复权；风险收益使用pct_chg÷100,千元,TuSharePro.daily,https://tushare.pro/document/1?doc_id=27,Fri Sep 04 2026 20:02:33 GMT+0800 (China Standard Time),公开行情历史快照
300750.SZ,宁德时代,2025-06-06,248.88,-1.0417,4138221.07,有行情,日线,Asia/Shanghai,2025-12-30T15:00:00+08:00,close为不复权；风险收益使用pct_chg÷100,千元,TuSharePro.daily,https://tushare.pro/document/1?doc_id=27,Fri Sep 04 2026 20:02:33 GMT+0800 (China Standard Time),公开行情历史快照
600519.SH,贵州茅台,2025-06-06,1506.39,-0.5026,3777727.616,有行情,日线,Asia/Shanghai,2025-12-30T15:00:00+08:00,close为不复权；风险收益使用pct_chg÷100,千元,TuSharePro.daily,https://tushare.pro/document/1?doc_id=27,Fri Sep 04 2026 20:02:33 GMT+0800 (China Standard Time),公开行情历史快照
601318.SH,中国平安,2025-06-06,53.41,-1.0743,2191002.621,有行情,日线,Asia/Shanghai,2025-12-30T15:00:00+08:00,close为不复权；风险收益使用pct_chg÷100,千元,TuSharePro.daily,https://tushare.pro/document/1?doc_id=27,Fri Sep 04 2026 20:02:33 GMT+0800 (China Standard Time),公开行情历史快照
000333.SZ,美的集团,2025-06-09,75.4,-0.3963,3500234.348,有行情,日线,Asia/Shanghai,2025-12-30T15:00:00+08:00,close为不复权；风险收益使用pct_chg÷100,千元,TuSharePro.daily,https://tushare.pro/document/1?doc_id=27,Fri Sep 04 2026 20:02:33 GMT+0800 (China Standard Time),公开行情历史快照
000858.SZ,五粮液,2025-06-09,124.96,-0.1039,2477799.331,有行情,日线,Asia/Shanghai,2025-12-30T15:00:00+08:00,close为不复权；风险收益使用pct_chg÷100,千元,TuSharePro.daily,https://tushare.pro/document/1?doc_id=27,Fri Sep 04 2026 20:02:33 GMT+0800 (China Standard Time),公开行情历史快照
002594.SZ,比亚迪,2025-06-09,348.14,-3.2837,8932441.523,有行情,日线,Asia/Shanghai,2025-12-30T15:00:00+08:00,close为不复权；风险收益使用pct_chg÷100,千元,TuSharePro.daily,https://tushare.pro/document/1?doc_id=27,Fri Sep 04 2026 20:02:33 GMT+0800 (China Standard Time),公开行情历史快照
300750.SZ,宁德时代,2025-06-09,245.58,-1.3259,4593124.638,有行情,日线,Asia/Shanghai,2025-12-30T15:00:00+08:00,close为不复权；风险收益使用pct_chg÷100,千元,TuSharePro.daily,https://tushare.pro/document/1?doc_id=27,Fri Sep 04 2026 20:02:33 GMT+0800 (China Standard Time),公开行情历史快照
600519.SH,贵州茅台,2025-06-09,1486.11,-1.3463,6723839.138,有行情,日线,Asia/Shanghai,2025-12-30T15:00:00+08:00,close为不复权；风险收益使用pct_chg÷100,千元,TuSharePro.daily,https://tushare.pro/document/1?doc_id=27,Fri Sep 04 2026 20:02:33 GMT+0800 (China Standard Time),公开行情历史快照
601318.SH,中国平安,2025-06-09,53.72,0.5804,2137162.081,有行情,日线,Asia/Shanghai,2025-12-30T15:00:00+08:00,close为不复权；风险收益使用pct_chg÷100,千元,TuSharePro.daily,https://tushare.pro/document/1?doc_id=27,Fri Sep 04 2026 20:02:33 GMT+0800 (China Standard Time),公开行情历史快照
000333.SZ,美的集团,2025-06-10,75.05,-0.4642,2433498.302,有行情,日线,Asia/Shanghai,2025-12-30T15:00:00+08:00,close为不复权；风险收益使用pct_chg÷100,千元,TuSharePro.daily,https://tushare.pro/document/1?doc_id=27,Fri Sep 04 2026 20:02:33 GMT+0800 (China Standard Time),公开行情历史快照
000858.SZ,五粮液,2025-06-10,124.39,-0.4561,2132365.672,有行情,日线,Asia/Shanghai,2025-12-30T15:00:00+08:00,close为不复权；风险收益使用pct_chg÷100,千元,TuSharePro.daily,https://tushare.pro/document/1?doc_id=27,Fri Sep 04 2026 20:02:33 GMT+0800 (China Standard Time),公开行情历史快照
002594.SZ,比亚迪,2025-06-10,353.13,1.4333,6042960.183,有行情,日线,Asia/Shanghai,2025-12-30T15:00:00+08:00,close为不复权；风险收益使用pct_chg÷100,千元,TuSharePro.daily,https://tushare.pro/document/1?doc_id=27,Fri Sep 04 2026 20:02:33 GMT+0800 (China Standard Time),公开行情历史快照
300750.SZ,宁德时代,2025-06-10,243.14,-0.9936,3406606.343,有行情,日线,Asia/Shanghai,2025-12-30T15:00:00+08:00,close为不复权；风险收益使用pct_chg÷100,千元,TuSharePro.daily,https://tushare.pro/document/1?doc_id=27,Fri Sep 04 2026 20:02:33 GMT+0800 (China Standard Time),公开行情历史快照
600519.SH,贵州茅台,2025-06-10,1475.01,-0.7469,4511934.584,有行情,日线,Asia/Shanghai,2025-12-30T15:00:00+08:00,close为不复权；风险收益使用pct_chg÷100,千元,TuSharePro.daily,https://tushare.pro/document/1?doc_id=27,Fri Sep 04 2026 20:02:33 GMT+0800 (China Standard Time),公开行情历史快照
601318.SH,中国平安,2025-06-10,53.43,-0.5398,2510066.317,有行情,日线,Asia/Shanghai,2025-12-30T15:00:00+08:00,close为不复权；风险收益使用pct_chg÷100,千元,TuSharePro.daily,https://tushare.pro/document/1?doc_id=27,Fri Sep 04 2026 20:02:33 GMT+0800 (China Standard Time),公开行情历史快照
000333.SZ,美的集团,2025-06-11,75.49,0.5863,1986827.774,有行情,日线,Asia/Shanghai,2025-12-30T15:00:00+08:00,close为不复权；风险收益使用pct_chg÷100,千元,TuSharePro.daily,https://tushare.pro/document/1?doc_id=27,Fri Sep 04 2026 20:02:33 GMT+0800 (China Standard Time),公开行情历史快照
000858.SZ,五粮液,2025-06-11,124.7,0.2492,1816144.262,有行情,日线,Asia/Shanghai,2025-12-30T15:00:00+08:00,close为不复权；风险收益使用pct_chg÷100,千元,TuSharePro.daily,https://tushare.pro/document/1?doc_id=27,Fri Sep 04 2026 20:02:33 GMT+0800 (China Standard Time),公开行情历史快照
002594.SZ,比亚迪,2025-06-11,361.99,2.509,7326544.794,有行情,日线,Asia/Shanghai,2025-12-30T15:00:00+08:00,close为不复权；风险收益使用pct_chg÷100,千元,TuSharePro.daily,https://tushare.pro/document/1?doc_id=27,Fri Sep 04 2026 20:02:33 GMT+0800 (China Standard Time),公开行情历史快照
300750.SZ,宁德时代,2025-06-11,250.5,3.0271,7006354.613,有行情,日线,Asia/Shanghai,2025-12-30T15:00:00+08:00,close为不复权；风险收益使用pct_chg÷100,千元,TuSharePro.daily,https://tushare.pro/document/1?doc_id=27,Fri Sep 04 2026 20:02:33 GMT+0800 (China Standard Time),公开行情历史快照
600519.SH,贵州茅台,2025-06-11,1480.0,0.3383,4585522.755,有行情,日线,Asia/Shanghai,2025-12-30T15:00:00+08:00,close为不复权；风险收益使用pct_chg÷100,千元,TuSharePro.daily,https://tushare.pro/document/1?doc_id=27,Fri Sep 04 2026 20:02:33 GMT+0800 (China Standard Time),公开行情历史快照
601318.SH,中国平安,2025-06-11,54.46,1.9278,3704026.068,有行情,日线,Asia/Shanghai,2025-12-30T15:00:00+08:00,close为不复权；风险收益使用pct_chg÷100,千元,TuSharePro.daily,https://tushare.pro/document/1?doc_id=27,Fri Sep 04 2026 20:02:33 GMT+0800 (China Standard Time),公开行情历史快照
000333.SZ,美的集团,2025-06-12,72.2,0.2639,2510413.458,有行情,日线,Asia/Shanghai,2025-12-30T15:00:00+08:00,close为不复权；风险收益使用pct_chg÷100,千元,TuSharePro.daily,https://tushare.pro/document/1?doc_id=27,Fri Sep 04 2026 20:02:33 GMT+0800 (China Standard Time),公开行情历史快照
000858.SZ,五粮液,2025-06-12,122.5,-1.7642,4680660.152,有行情,日线,Asia/Shanghai,2025-12-30T15:00:00+08:00,close为不复权；风险收益使用pct_chg÷100,千元,TuSharePro.daily,https://tushare.pro/document/1?doc_id=27,Fri Sep 04 2026 20:02:33 GMT+0800 (China Standard Time),公开行情历史快照
002594.SZ,比亚迪,2025-06-12,353.24,-2.4172,5117764.844,有行情,日线,Asia/Shanghai,2025-12-30T15:00:00+08:00,close为不复权；风险收益使用pct_chg÷100,千元,TuSharePro.daily,https://tushare.pro/document/1?doc_id=27,Fri Sep 04 2026 20:02:33 GMT+0800 (China Standard Time),公开行情历史快照
300750.SZ,宁德时代,2025-06-12,249.81,-0.2754,4386403.721,有行情,日线,Asia/Shanghai,2025-12-30T15:00:00+08:00,close为不复权；风险收益使用pct_chg÷100,千元,TuSharePro.daily,https://tushare.pro/document/1?doc_id=27,Fri Sep 04 2026 20:02:33 GMT+0800 (China Standard Time),公开行情历史快照
600519.SH,贵州茅台,2025-06-12,1459.0,-1.4189,7306800.8,有行情,日线,Asia/Shanghai,2025-12-30T15:00:00+08:00,close为不复权；风险收益使用pct_chg÷100,千元,TuSharePro.daily,https://tushare.pro/document/1?doc_id=27,Fri Sep 04 2026 20:02:33 GMT+0800 (China Standard Time),公开行情历史快照
601318.SH,中国平安,2025-06-12,54.81,0.6427,3231103.73,有行情,日线,Asia/Shanghai,2025-12-30T15:00:00+08:00,close为不复权；风险收益使用pct_chg÷100,千元,TuSharePro.daily,https://tushare.pro/document/1?doc_id=27,Fri Sep 04 2026 20:02:33 GMT+0800 (China Standard Time),公开行情历史快照
000333.SZ,美的集团,2025-06-13,71.48,-0.9972,2148718.105,有行情,日线,Asia/Shanghai,2025-12-30T15:00:00+08:00,close为不复权；风险收益使用pct_chg÷100,千元,TuSharePro.daily,https://tushare.pro/document/1?doc_id=27,Fri Sep 04 2026 20:02:33 GMT+0800 (China Standard Time),公开行情历史快照
000858.SZ,五粮液,2025-06-13,119.12,-2.7592,4395342.694,有行情,日线,Asia/Shanghai,2025-12-30T15:00:00+08:00,close为不复权；风险收益使用pct_chg÷100,千元,TuSharePro.daily,https://tushare.pro/document/1?doc_id=27,Fri Sep 04 2026 20:02:33 GMT+0800 (China Standard Time),公开行情历史快照
002594.SZ,比亚迪,2025-06-13,346.0,-2.0496,7256548.254,有行情,日线,Asia/Shanghai,2025-12-30T15:00:00+08:00,close为不复权；风险收益使用pct_chg÷100,千元,TuSharePro.daily,https://tushare.pro/document/1?doc_id=27,Fri Sep 04 2026 20:02:33 GMT+0800 (China Standard Time),公开行情历史快照
300750.SZ,宁德时代,2025-06-13,248.2,-0.6445,4322411.796,有行情,日线,Asia/Shanghai,2025-12-30T15:00:00+08:00,close为不复权；风险收益使用pct_chg÷100,千元,TuSharePro.daily,https://tushare.pro/document/1?doc_id=27,Fri Sep 04 2026 20:02:33 GMT+0800 (China Standard Time),公开行情历史快照
600519.SH,贵州茅台,2025-06-13,1426.95,-2.1967,8466515.559,有行情,日线,Asia/Shanghai,2025-12-30T15:00:00+08:00,close为不复权；风险收益使用pct_chg÷100,千元,TuSharePro.daily,https://tushare.pro/document/1?doc_id=27,Fri Sep 04 2026 20:02:33 GMT+0800 (China Standard Time),公开行情历史快照
601318.SH,中国平安,2025-06-13,54.48,-0.6021,2616565.694,有行情,日线,Asia/Shanghai,2025-12-30T15:00:00+08:00,close为不复权；风险收益使用pct_chg÷100,千元,TuSharePro.daily,https://tushare.pro/document/1?doc_id=27,Fri Sep 04 2026 20:02:33 GMT+0800 (China Standard Time),公开行情历史快照
000333.SZ,美的集团,2025-06-16,71.26,-0.3078,1784037.774,有行情,日线,Asia/Shanghai,2025-12-30T15:00:00+08:00,close为不复权；风险收益使用pct_chg÷100,千元,TuSharePro.daily,https://tushare.pro/document/1?doc_id=27,Fri Sep 04 2026 20:02:33 GMT+0800 (China Standard Time),公开行情历史快照
000858.SZ,五粮液,2025-06-16,118.27,-0.7136,3192006.585,有行情,日线,Asia/Shanghai,2025-12-30T15:00:00+08:00,close为不复权；风险收益使用pct_chg÷100,千元,TuSharePro.daily,https://tushare.pro/document/1?doc_id=27,Fri Sep 04 2026 20:02:33 GMT+0800 (China Standard Time),公开行情历史快照
002594.SZ,比亚迪,2025-06-16,344.43,-0.4538,3508947.839,有行情,日线,Asia/Shanghai,2025-12-30T15:00:00+08:00,close为不复权；风险收益使用pct_chg÷100,千元,TuSharePro.daily,https://tushare.pro/document/1?doc_id=27,Fri Sep 04 2026 20:02:33 GMT+0800 (China Standard Time),公开行情历史快照
300750.SZ,宁德时代,2025-06-16,246.66,-0.6205,3013514.215,有行情,日线,Asia/Shanghai,2025-12-30T15:00:00+08:00,close为不复权；风险收益使用pct_chg÷100,千元,TuSharePro.daily,https://tushare.pro/document/1?doc_id=27,Fri Sep 04 2026 20:02:33 GMT+0800 (China Standard Time),公开行情历史快照
600519.SH,贵州茅台,2025-06-16,1422.29,-0.3266,6060448.438,有行情,日线,Asia/Shanghai,2025-12-30T15:00:00+08:00,close为不复权；风险收益使用pct_chg÷100,千元,TuSharePro.daily,https://tushare.pro/document/1?doc_id=27,Fri Sep 04 2026 20:02:33 GMT+0800 (China Standard Time),公开行情历史快照
601318.SH,中国平安,2025-06-16,54.32,-0.2937,2697778.32,有行情,日线,Asia/Shanghai,2025-12-30T15:00:00+08:00,close为不复权；风险收益使用pct_chg÷100,千元,TuSharePro.daily,https://tushare.pro/document/1?doc_id=27,Fri Sep 04 2026 20:02:33 GMT+0800 (China Standard Time),公开行情历史快照
000333.SZ,美的集团,2025-06-17,72.06,1.1226,2362020.25,有行情,日线,Asia/Shanghai,2025-12-30T15:00:00+08:00,close为不复权；风险收益使用pct_chg÷100,千元,TuSharePro.daily,https://tushare.pro/document/1?doc_id=27,Fri Sep 04 2026 20:02:33 GMT+0800 (China Standard Time),公开行情历史快照
000858.SZ,五粮液,2025-06-17,117.71,-0.4735,2316678.38,有行情,日线,Asia/Shanghai,2025-12-30T15:00:00+08:00,close为不复权；风险收益使用pct_chg÷100,千元,TuSharePro.daily,https://tushare.pro/document/1?doc_id=27,Fri Sep 04 2026 20:02:33 GMT+0800 (China Standard Time),公开行情历史快照
002594.SZ,比亚迪,2025-06-17,343.74,-0.2003,2408912.944,有行情,日线,Asia/Shanghai,2025-12-30T15:00:00+08:00,close为不复权；风险收益使用pct_chg÷100,千元,TuSharePro.daily,https://tushare.pro/document/1?doc_id=27,Fri Sep 04 2026 20:02:33 GMT+0800 (China Standard Time),公开行情历史快照
300750.SZ,宁德时代,2025-06-17,246.26,-0.1622,2407928.75,有行情,日线,Asia/Shanghai,2025-12-30T15:00:00+08:00,close为不复权；风险收益使用pct_chg÷100,千元,TuSharePro.daily,https://tushare.pro/document/1?doc_id=27,Fri Sep 04 2026 20:02:33 GMT+0800 (China Standard Time),公开行情历史快照
600519.SH,贵州茅台,2025-06-17,1427.0,0.3312,3868364.671,有行情,日线,Asia/Shanghai,2025-12-30T15:00:00+08:00,close为不复权；风险收益使用pct_chg÷100,千元,TuSharePro.daily,https://tushare.pro/document/1?doc_id=27,Fri Sep 04 2026 20:02:33 GMT+0800 (China Standard Time),公开行情历史快照
601318.SH,中国平安,2025-06-17,54.23,-0.1657,2745763.183,有行情,日线,Asia/Shanghai,2025-12-30T15:00:00+08:00,close为不复权；风险收益使用pct_chg÷100,千元,TuSharePro.daily,https://tushare.pro/document/1?doc_id=27,Fri Sep 04 2026 20:02:33 GMT+0800 (China Standard Time),公开行情历史快照
000333.SZ,美的集团,2025-06-18,72.1,0.0555,1265648.159,有行情,日线,Asia/Shanghai,2025-12-30T15:00:00+08:00,close为不复权；风险收益使用pct_chg÷100,千元,TuSharePro.daily,https://tushare.pro/document/1?doc_id=27,Fri Sep 04 2026 20:02:33 GMT+0800 (China Standard Time),公开行情历史快照
000858.SZ,五粮液,2025-06-18,118.33,0.5267,2378709.214,有行情,日线,Asia/Shanghai,2025-12-30T15:00:00+08:00,close为不复权；风险收益使用pct_chg÷100,千元,TuSharePro.daily,https://tushare.pro/document/1?doc_id=27,Fri Sep 04 2026 20:02:33 GMT+0800 (China Standard Time),公开行情历史快照
002594.SZ,比亚迪,2025-06-18,346.95,0.9338,3565398.002,有行情,日线,Asia/Shanghai,2025-12-30T15:00:00+08:00,close为不复权；风险收益使用pct_chg÷100,千元,TuSharePro.daily,https://tushare.pro/document/1?doc_id=27,Fri Sep 04 2026 20:02:33 GMT+0800 (China Standard Time),公开行情历史快照
300750.SZ,宁德时代,2025-06-18,245.57,-0.2802,2586543.839,有行情,日线,Asia/Shanghai,2025-12-30T15:00:00+08:00,close为不复权；风险收益使用pct_chg÷100,千元,TuSharePro.daily,https://tushare.pro/document/1?doc_id=27,Fri Sep 04 2026 20:02:33 GMT+0800 (China Standard Time),公开行情历史快照
600519.SH,贵州茅台,2025-06-18,1425.0,-0.1402,4404131.364,有行情,日线,Asia/Shanghai,2025-12-30T15:00:00+08:00,close为不复权；风险收益使用pct_chg÷100,千元,TuSharePro.daily,https://tushare.pro/document/1?doc_id=27,Fri Sep 04 2026 20:02:33 GMT+0800 (China Standard Time),公开行情历史快照
601318.SH,中国平安,2025-06-18,53.81,-0.7745,2518852.918,有行情,日线,Asia/Shanghai,2025-12-30T15:00:00+08:00,close为不复权；风险收益使用pct_chg÷100,千元,TuSharePro.daily,https://tushare.pro/document/1?doc_id=27,Fri Sep 04 2026 20:02:33 GMT+0800 (China Standard Time),公开行情历史快照
000333.SZ,美的集团,2025-06-19,71.33,-1.068,1512893.148,有行情,日线,Asia/Shanghai,2025-12-30T15:00:00+08:00,close为不复权；风险收益使用pct_chg÷100,千元,TuSharePro.daily,https://tushare.pro/document/1?doc_id=27,Fri Sep 04 2026 20:02:33 GMT+0800 (China Standard Time),公开行情历史快照
000858.SZ,五粮液,2025-06-19,117.28,-0.8873,1926506.404,有行情,日线,Asia/Shanghai,2025-12-30T15:00:00+08:00,close为不复权；风险收益使用pct_chg÷100,千元,TuSharePro.daily,https://tushare.pro/document/1?doc_id=27,Fri Sep 04 2026 20:02:33 GMT+0800 (China Standard Time),公开行情历史快照
002594.SZ,比亚迪,2025-06-19,340.5,-1.8591,3437688.887,有行情,日线,Asia/Shanghai,2025-12-30T15:00:00+08:00,close为不复权；风险收益使用pct_chg÷100,千元,TuSharePro.daily,https://tushare.pro/document/1?doc_id=27,Fri Sep 04 2026 20:02:33 GMT+0800 (China Standard Time),公开行情历史快照
300750.SZ,宁德时代,2025-06-19,242.1,-1.413,3604508.604,有行情,日线,Asia/Shanghai,2025-12-30T15:00:00+08:00,close为不复权；风险收益使用pct_chg÷100,千元,TuSharePro.daily,https://tushare.pro/document/1?doc_id=27,Fri Sep 04 2026 20:02:33 GMT+0800 (China Standard Time),公开行情历史快照
600519.SH,贵州茅台,2025-06-19,1426.0,0.0702,3490268.568,有行情,日线,Asia/Shanghai,2025-12-30T15:00:00+08:00,close为不复权；风险收益使用pct_chg÷100,千元,TuSharePro.daily,https://tushare.pro/document/1?doc_id=27,Fri Sep 04 2026 20:02:33 GMT+0800 (China Standard Time),公开行情历史快照
601318.SH,中国平安,2025-06-19,53.2,-1.1336,2143533.731,有行情,日线,Asia/Shanghai,2025-12-30T15:00:00+08:00,close为不复权；风险收益使用pct_chg÷100,千元,TuSharePro.daily,https://tushare.pro/document/1?doc_id=27,Fri Sep 04 2026 20:02:33 GMT+0800 (China Standard Time),公开行情历史快照
000333.SZ,美的集团,2025-06-20,72.38,1.472,1655767.156,有行情,日线,Asia/Shanghai,2025-12-30T15:00:00+08:00,close为不复权；风险收益使用pct_chg÷100,千元,TuSharePro.daily,https://tushare.pro/document/1?doc_id=27,Fri Sep 04 2026 20:02:33 GMT+0800 (China Standard Time),公开行情历史快照
000858.SZ,五粮液,2025-06-20,119.56,1.9441,3536127.315,有行情,日线,Asia/Shanghai,2025-12-30T15:00:00+08:00,close为不复权；风险收益使用pct_chg÷100,千元,TuSharePro.daily,https://tushare.pro/document/1?doc_id=27,Fri Sep 04 2026 20:02:33 GMT+0800 (China Standard Time),公开行情历史快照
002594.SZ,比亚迪,2025-06-20,340.25,-0.0734,2507526.43,有行情,日线,Asia/Shanghai,2025-12-30T15:00:00+08:00,close为不复权；风险收益使用pct_chg÷100,千元,TuSharePro.daily,https://tushare.pro/document/1?doc_id=27,Fri Sep 04 2026 20:02:33 GMT+0800 (China Standard Time),公开行情历史快照
300750.SZ,宁德时代,2025-06-20,240.26,-0.76,3293985.957,有行情,日线,Asia/Shanghai,2025-12-30T15:00:00+08:00,close为不复权；风险收益使用pct_chg÷100,千元,TuSharePro.daily,https://tushare.pro/document/1?doc_id=27,Fri Sep 04 2026 20:02:33 GMT+0800 (China Standard Time),公开行情历史快照
600519.SH,贵州茅台,2025-06-20,1428.66,0.1865,4990683.314,有行情,日线,Asia/Shanghai,2025-12-30T15:00:00+08:00,close为不复权；风险收益使用pct_chg÷100,千元,TuSharePro.daily,https://tushare.pro/document/1?doc_id=27,Fri Sep 04 2026 20:02:33 GMT+0800 (China Standard Time),公开行情历史快照
601318.SH,中国平安,2025-06-20,54.74,2.8947,4606219.515,有行情,日线,Asia/Shanghai,2025-12-30T15:00:00+08:00,close为不复权；风险收益使用pct_chg÷100,千元,TuSharePro.daily,https://tushare.pro/document/1?doc_id=27,Fri Sep 04 2026 20:02:33 GMT+0800 (China Standard Time),公开行情历史快照
000333.SZ,美的集团,2025-06-23,71.72,-0.9119,1510951.196,有行情,日线,Asia/Shanghai,2025-12-30T15:00:00+08:00,close为不复权；风险收益使用pct_chg÷100,千元,TuSharePro.daily,https://tushare.pro/document/1?doc_id=27,Fri Sep 04 2026 20:02:33 GMT+0800 (China Standard Time),公开行情历史快照
000858.SZ,五粮液,2025-06-23,118.28,-1.0706,2053039.386,有行情,日线,Asia/Shanghai,2025-12-30T15:00:00+08:00,close为不复权；风险收益使用pct_chg÷100,千元,TuSharePro.daily,https://tushare.pro/document/1?doc_id=27,Fri Sep 04 2026 20:02:33 GMT+0800 (China Standard Time),公开行情历史快照
002594.SZ,比亚迪,2025-06-23,338.2,-0.6025,3185477.391,有行情,日线,Asia/Shanghai,2025-12-30T15:00:00+08:00,close为不复权；风险收益使用pct_chg÷100,千元,TuSharePro.daily,https://tushare.pro/document/1?doc_id=27,Fri Sep 04 2026 20:02:33 GMT+0800 (China Standard Time),公开行情历史快照
300750.SZ,宁德时代,2025-06-23,239.61,-0.2705,3040680.713,有行情,日线,Asia/Shanghai,2025-12-30T15:00:00+08:00,close为不复权；风险收益使用pct_chg÷100,千元,TuSharePro.daily,https://tushare.pro/document/1?doc_id=27,Fri Sep 04 2026 20:02:33 GMT+0800 (China Standard Time),公开行情历史快照
600519.SH,贵州茅台,2025-06-23,1420.0,-0.6062,3794012.343,有行情,日线,Asia/Shanghai,2025-12-30T15:00:00+08:00,close为不复权；风险收益使用pct_chg÷100,千元,TuSharePro.daily,https://tushare.pro/document/1?doc_id=27,Fri Sep 04 2026 20:02:33 GMT+0800 (China Standard Time),公开行情历史快照
601318.SH,中国平安,2025-06-23,55.1,0.6577,3373267.494,有行情,日线,Asia/Shanghai,2025-12-30T15:00:00+08:00,close为不复权；风险收益使用pct_chg÷100,千元,TuSharePro.daily,https://tushare.pro/document/1?doc_id=27,Fri Sep 04 2026 20:02:33 GMT+0800 (China Standard Time),公开行情历史快照
000333.SZ,美的集团,2025-06-24,72.8,1.5059,1971805.636,有行情,日线,Asia/Shanghai,2025-12-30T15:00:00+08:00,close为不复权；风险收益使用pct_chg÷100,千元,TuSharePro.daily,https://tushare.pro/document/1?doc_id=27,Fri Sep 04 2026 20:02:33 GMT+0800 (China Standard Time),公开行情历史快照
000858.SZ,五粮液,2025-06-24,119.75,1.2428,2138966.777,有行情,日线,Asia/Shanghai,2025-12-30T15:00:00+08:00,close为不复权；风险收益使用pct_chg÷100,千元,TuSharePro.daily,https://tushare.pro/document/1?doc_id=27,Fri Sep 04 2026 20:02:33 GMT+0800 (China Standard Time),公开行情历史快照
002594.SZ,比亚迪,2025-06-24,343.38,1.5316,4979495.319,有行情,日线,Asia/Shanghai,2025-12-30T15:00:00+08:00,close为不复权；风险收益使用pct_chg÷100,千元,TuSharePro.daily,https://tushare.pro/document/1?doc_id=27,Fri Sep 04 2026 20:02:33 GMT+0800 (China Standard Time),公开行情历史快照
300750.SZ,宁德时代,2025-06-24,245.92,2.6334,5767361.454,有行情,日线,Asia/Shanghai,2025-12-30T15:00:00+08:00,close为不复权；风险收益使用pct_chg÷100,千元,TuSharePro.daily,https://tushare.pro/document/1?doc_id=27,Fri Sep 04 2026 20:02:33 GMT+0800 (China Standard Time),公开行情历史快照
600519.SH,贵州茅台,2025-06-24,1437.2,1.2113,5229183.514,有行情,日线,Asia/Shanghai,2025-12-30T15:00:00+08:00,close为不复权；风险收益使用pct_chg÷100,千元,TuSharePro.daily,https://tushare.pro/document/1?doc_id=27,Fri Sep 04 2026 20:02:33 GMT+0800 (China Standard Time),公开行情历史快照
601318.SH,中国平安,2025-06-24,56.79,3.0672,5873914.857,有行情,日线,Asia/Shanghai,2025-12-30T15:00:00+08:00,close为不复权；风险收益使用pct_chg÷100,千元,TuSharePro.daily,https://tushare.pro/document/1?doc_id=27,Fri Sep 04 2026 20:02:33 GMT+0800 (China Standard Time),公开行情历史快照
000333.SZ,美的集团,2025-06-25,73.18,0.522,1772058.946,有行情,日线,Asia/Shanghai,2025-12-30T15:00:00+08:00,close为不复权；风险收益使用pct_chg÷100,千元,TuSharePro.daily,https://tushare.pro/document/1?doc_id=27,Fri Sep 04 2026 20:02:33 GMT+0800 (China Standard Time),公开行情历史快照
000858.SZ,五粮液,2025-06-25,120.18,0.3591,2135738.739,有行情,日线,Asia/Shanghai,2025-12-30T15:00:00+08:00,close为不复权；风险收益使用pct_chg÷100,千元,TuSharePro.daily,https://tushare.pro/document/1?doc_id=27,Fri Sep 04 2026 20:02:33 GMT+0800 (China Standard Time),公开行情历史快照
002594.SZ,比亚迪,2025-06-25,349.27,1.7153,4352301.72,有行情,日线,Asia/Shanghai,2025-12-30T15:00:00+08:00,close为不复权；风险收益使用pct_chg÷100,千元,TuSharePro.daily,https://tushare.pro/document/1?doc_id=27,Fri Sep 04 2026 20:02:33 GMT+0800 (China Standard Time),公开行情历史快照
300750.SZ,宁德时代,2025-06-25,254.9,3.6516,7930320.892,有行情,日线,Asia/Shanghai,2025-12-30T15:00:00+08:00,close为不复权；风险收益使用pct_chg÷100,千元,TuSharePro.daily,https://tushare.pro/document/1?doc_id=27,Fri Sep 04 2026 20:02:33 GMT+0800 (China Standard Time),公开行情历史快照
600519.SH,贵州茅台,2025-06-25,1435.86,-0.0932,5869292.227,有行情,日线,Asia/Shanghai,2025-12-30T15:00:00+08:00,close为不复权；风险收益使用pct_chg÷100,千元,TuSharePro.daily,https://tushare.pro/document/1?doc_id=27,Fri Sep 04 2026 20:02:33 GMT+0800 (China Standard Time),公开行情历史快照
601318.SH,中国平安,2025-06-25,57.88,1.9194,5998384.734,有行情,日线,Asia/Shanghai,2025-12-30T15:00:00+08:00,close为不复权；风险收益使用pct_chg÷100,千元,TuSharePro.daily,https://tushare.pro/document/1?doc_id=27,Fri Sep 04 2026 20:02:33 GMT+0800 (China Standard Time),公开行情历史快照
000333.SZ,美的集团,2025-06-26,73.1,-0.1093,1658102.065,有行情,日线,Asia/Shanghai,2025-12-30T15:00:00+08:00,close为不复权；风险收益使用pct_chg÷100,千元,TuSharePro.daily,https://tushare.pro/document/1?doc_id=27,Fri Sep 04 2026 20:02:33 GMT+0800 (China Standard Time),公开行情历史快照
000858.SZ,五粮液,2025-06-26,119.73,-0.3744,1997480.065,有行情,日线,Asia/Shanghai,2025-12-30T15:00:00+08:00,close为不复权；风险收益使用pct_chg÷100,千元,TuSharePro.daily,https://tushare.pro/document/1?doc_id=27,Fri Sep 04 2026 20:02:33 GMT+0800 (China Standard Time),公开行情历史快照
002594.SZ,比亚迪,2025-06-26,337.44,-3.3871,6967640.374,有行情,日线,Asia/Shanghai,2025-12-30T15:00:00+08:00,close为不复权；风险收益使用pct_chg÷100,千元,TuSharePro.daily,https://tushare.pro/document/1?doc_id=27,Fri Sep 04 2026 20:02:33 GMT+0800 (China Standard Time),公开行情历史快照
300750.SZ,宁德时代,2025-06-26,252.79,-0.8278,5062386.537,有行情,日线,Asia/Shanghai,2025-12-30T15:00:00+08:00,close为不复权；风险收益使用pct_chg÷100,千元,TuSharePro.daily,https://tushare.pro/document/1?doc_id=27,Fri Sep 04 2026 20:02:33 GMT+0800 (China Standard Time),公开行情历史快照
600519.SH,贵州茅台,2025-06-26,1420.0,0.8337,4955829.982,有行情,日线,Asia/Shanghai,2025-12-30T15:00:00+08:00,close为不复权；风险收益使用pct_chg÷100,千元,TuSharePro.daily,https://tushare.pro/document/1?doc_id=27,Fri Sep 04 2026 20:02:33 GMT+0800 (China Standard Time),公开行情历史快照
601318.SH,中国平安,2025-06-26,57.58,-0.5183,2888896.788,有行情,日线,Asia/Shanghai,2025-12-30T15:00:00+08:00,close为不复权；风险收益使用pct_chg÷100,千元,TuSharePro.daily,https://tushare.pro/document/1?doc_id=27,Fri Sep 04 2026 20:02:33 GMT+0800 (China Standard Time),公开行情历史快照
000333.SZ,美的集团,2025-06-27,72.28,-1.1218,1623349.472,有行情,日线,Asia/Shanghai,2025-12-30T15:00:00+08:00,close为不复权；风险收益使用pct_chg÷100,千元,TuSharePro.daily,https://tushare.pro/document/1?doc_id=27,Fri Sep 04 2026 20:02:33 GMT+0800 (China Standard Time),公开行情历史快照
000858.SZ,五粮液,2025-06-27,119.18,-0.4594,1913691.952,有行情,日线,Asia/Shanghai,2025-12-30T15:00:00+08:00,close为不复权；风险收益使用pct_chg÷100,千元,TuSharePro.daily,https://tushare.pro/document/1?doc_id=27,Fri Sep 04 2026 20:02:33 GMT+0800 (China Standard Time),公开行情历史快照
002594.SZ,比亚迪,2025-06-27,334.24,-0.9483,4633461.708,有行情,日线,Asia/Shanghai,2025-12-30T15:00:00+08:00,close为不复权；风险收益使用pct_chg÷100,千元,TuSharePro.daily,https://tushare.pro/document/1?doc_id=27,Fri Sep 04 2026 20:02:33 GMT+0800 (China Standard Time),公开行情历史快照
300750.SZ,宁德时代,2025-06-27,250.99,-0.7121,5985026.676,有行情,日线,Asia/Shanghai,2025-12-30T15:00:00+08:00,close为不复权；风险收益使用pct_chg÷100,千元,TuSharePro.daily,https://tushare.pro/document/1?doc_id=27,Fri Sep 04 2026 20:02:33 GMT+0800 (China Standard Time),公开行情历史快照
600519.SH,贵州茅台,2025-06-27,1403.09,-1.1908,5404312.675,有行情,日线,Asia/Shanghai,2025-12-30T15:00:00+08:00,close为不复权；风险收益使用pct_chg÷100,千元,TuSharePro.daily,https://tushare.pro/document/1?doc_id=27,Fri Sep 04 2026 20:02:33 GMT+0800 (China Standard Time),公开行情历史快照
601318.SH,中国平安,2025-06-27,56.96,-1.0768,3832894.682,有行情,日线,Asia/Shanghai,2025-12-30T15:00:00+08:00,close为不复权；风险收益使用pct_chg÷100,千元,TuSharePro.daily,https://tushare.pro/document/1?doc_id=27,Fri Sep 04 2026 20:02:33 GMT+0800 (China Standard Time),公开行情历史快照
000333.SZ,美的集团,2025-06-30,72.2,-0.1107,1394828.333,有行情,日线,Asia/Shanghai,2025-12-30T15:00:00+08:00,close为不复权；风险收益使用pct_chg÷100,千元,TuSharePro.daily,https://tushare.pro/document/1?doc_id=27,Fri Sep 04 2026 20:02:33 GMT+0800 (China Standard Time),公开行情历史快照
000858.SZ,五粮液,2025-06-30,118.9,-0.2349,2660701.232,有行情,日线,Asia/Shanghai,2025-12-30T15:00:00+08:00,close为不复权；风险收益使用pct_chg÷100,千元,TuSharePro.daily,https://tushare.pro/document/1?doc_id=27,Fri Sep 04 2026 20:02:33 GMT+0800 (China Standard Time),公开行情历史快照
002594.SZ,比亚迪,2025-06-30,331.91,-0.6971,4768270.278,有行情,日线,Asia/Shanghai,2025-12-30T15:00:00+08:00,close为不复权；风险收益使用pct_chg÷100,千元,TuSharePro.daily,https://tushare.pro/document/1?doc_id=27,Fri Sep 04 2026 20:02:33 GMT+0800 (China Standard Time),公开行情历史快照
300750.SZ,宁德时代,2025-06-30,252.22,0.4901,4434817.078,有行情,日线,Asia/Shanghai,2025-12-30T15:00:00+08:00,close为不复权；风险收益使用pct_chg÷100,千元,TuSharePro.daily,https://tushare.pro/document/1?doc_id=27,Fri Sep 04 2026 20:02:33 GMT+0800 (China Standard Time),公开行情历史快照
600519.SH,贵州茅台,2025-06-30,1409.52,0.4583,4287373.691,有行情,日线,Asia/Shanghai,2025-12-30T15:00:00+08:00,close为不复权；风险收益使用pct_chg÷100,千元,TuSharePro.daily,https://tushare.pro/document/1?doc_id=27,Fri Sep 04 2026 20:02:33 GMT+0800 (China Standard Time),公开行情历史快照
601318.SH,中国平安,2025-06-30,55.48,0.2168,3133724.72,有行情,日线,Asia/Shanghai,2025-12-30T15:00:00+08:00,close为不复权；风险收益使用pct_chg÷100,千元,TuSharePro.daily,https://tushare.pro/document/1?doc_id=27,Fri Sep 04 2026 20:02:33 GMT+0800 (China Standard Time),公开行情历史快照
000333.SZ,美的集团,2025-07-01,72.11,-0.1247,1341760.455,有行情,日线,Asia/Shanghai,2025-12-30T15:00:00+08:00,close为不复权；风险收益使用pct_chg÷100,千元,TuSharePro.daily,https://tushare.pro/document/1?doc_id=27,Fri Sep 04 2026 20:02:33 GMT+0800 (China Standard Time),公开行情历史快照
000858.SZ,五粮液,2025-07-01,118.63,-0.2271,1449250.746,有行情,日线,Asia/Shanghai,2025-12-30T15:00:00+08:00,close为不复权；风险收益使用pct_chg÷100,千元,TuSharePro.daily,https://tushare.pro/document/1?doc_id=27,Fri Sep 04 2026 20:02:33 GMT+0800 (China Standard Time),公开行情历史快照
002594.SZ,比亚迪,2025-07-01,331.34,-0.1717,2931303.337,有行情,日线,Asia/Shanghai,2025-12-30T15:00:00+08:00,close为不复权；风险收益使用pct_chg÷100,千元,TuSharePro.daily,https://tushare.pro/document/1?doc_id=27,Fri Sep 04 2026 20:02:33 GMT+0800 (China Standard Time),公开行情历史快照
300750.SZ,宁德时代,2025-07-01,251.5,-0.2855,2395104.336,有行情,日线,Asia/Shanghai,2025-12-30T15:00:00+08:00,close为不复权；风险收益使用pct_chg÷100,千元,TuSharePro.daily,https://tushare.pro/document/1?doc_id=27,Fri Sep 04 2026 20:02:33 GMT+0800 (China Standard Time),公开行情历史快照
600519.SH,贵州茅台,2025-07-01,1405.1,-0.3136,2794423.203,有行情,日线,Asia/Shanghai,2025-12-30T15:00:00+08:00,close为不复权；风险收益使用pct_chg÷100,千元,TuSharePro.daily,https://tushare.pro/document/1?doc_id=27,Fri Sep 04 2026 20:02:33 GMT+0800 (China Standard Time),公开行情历史快照
601318.SH,中国平安,2025-07-01,55.7,0.3965,1961556.961,有行情,日线,Asia/Shanghai,2025-12-30T15:00:00+08:00,close为不复权；风险收益使用pct_chg÷100,千元,TuSharePro.daily,https://tushare.pro/document/1?doc_id=27,Fri Sep 04 2026 20:02:33 GMT+0800 (China Standard Time),公开行情历史快照
000333.SZ,美的集团,2025-07-02,72.5,0.5408,1929453.681,有行情,日线,Asia/Shanghai,2025-12-30T15:00:00+08:00,close为不复权；风险收益使用pct_chg÷100,千元,TuSharePro.daily,https://tushare.pro/document/1?doc_id=27,Fri Sep 04 2026 20:02:33 GMT+0800 (China Standard Time),公开行情历史快照
000858.SZ,五粮液,2025-07-02,119.18,0.4636,1840968.96,有行情,日线,Asia/Shanghai,2025-12-30T15:00:00+08:00,close为不复权；风险收益使用pct_chg÷100,千元,TuSharePro.daily,https://tushare.pro/document/1?doc_id=27,Fri Sep 04 2026 20:02:33 GMT+0800 (China Standard Time),公开行情历史快照
002594.SZ,比亚迪,2025-07-02,330.66,-0.2052,3083342.65,有行情,日线,Asia/Shanghai,2025-12-30T15:00:00+08:00,close为不复权；风险收益使用pct_chg÷100,千元,TuSharePro.daily,https://tushare.pro/document/1?doc_id=27,Fri Sep 04 2026 20:02:33 GMT+0800 (China Standard Time),公开行情历史快照
300750.SZ,宁德时代,2025-07-02,250.45,-0.4175,2897311.834,有行情,日线,Asia/Shanghai,2025-12-30T15:00:00+08:00,close为不复权；风险收益使用pct_chg÷100,千元,TuSharePro.daily,https://tushare.pro/document/1?doc_id=27,Fri Sep 04 2026 20:02:33 GMT+0800 (China Standard Time),公开行情历史快照
600519.SH,贵州茅台,2025-07-02,1409.6,0.3203,3689246.316,有行情,日线,Asia/Shanghai,2025-12-30T15:00:00+08:00,close为不复权；风险收益使用pct_chg÷100,千元,TuSharePro.daily,https://tushare.pro/document/1?doc_id=27,Fri Sep 04 2026 20:02:33 GMT+0800 (China Standard Time),公开行情历史快照
601318.SH,中国平安,2025-07-02,55.81,0.1975,2204210.316,有行情,日线,Asia/Shanghai,2025-12-30T15:00:00+08:00,close为不复权；风险收益使用pct_chg÷100,千元,TuSharePro.daily,https://tushare.pro/document/1?doc_id=27,Fri Sep 04 2026 20:02:33 GMT+0800 (China Standard Time),公开行情历史快照
000333.SZ,美的集团,2025-07-03,72.89,0.5379,1304399.831,有行情,日线,Asia/Shanghai,2025-12-30T15:00:00+08:00,close为不复权；风险收益使用pct_chg÷100,千元,TuSharePro.daily,https://tushare.pro/document/1?doc_id=27,Fri Sep 04 2026 20:02:33 GMT+0800 (China Standard Time),公开行情历史快照
000858.SZ,五粮液,2025-07-03,119.62,0.3692,1463537.87,有行情,日线,Asia/Shanghai,2025-12-30T15:00:00+08:00,close为不复权；风险收益使用pct_chg÷100,千元,TuSharePro.daily,https://tushare.pro/document/1?doc_id=27,Fri Sep 04 2026 20:02:33 GMT+0800 (China Standard Time),公开行情历史快照
002594.SZ,比亚迪,2025-07-03,334.56,1.1795,4123732.531,有行情,日线,Asia/Shanghai,2025-12-30T15:00:00+08:00,close为不复权；风险收益使用pct_chg÷100,千元,TuSharePro.daily,https://tushare.pro/document/1?doc_id=27,Fri Sep 04 2026 20:02:33 GMT+0800 (China Standard Time),公开行情历史快照
300750.SZ,宁德时代,2025-07-03,262.59,4.8473,8746803.693,有行情,日线,Asia/Shanghai,2025-12-30T15:00:00+08:00,close为不复权；风险收益使用pct_chg÷100,千元,TuSharePro.daily,https://tushare.pro/document/1?doc_id=27,Fri Sep 04 2026 20:02:33 GMT+0800 (China Standard Time),公开行情历史快照
600519.SH,贵州茅台,2025-07-03,1415.6,0.4257,3456733.002,有行情,日线,Asia/Shanghai,2025-12-30T15:00:00+08:00,close为不复权；风险收益使用pct_chg÷100,千元,TuSharePro.daily,https://tushare.pro/document/1?doc_id=27,Fri Sep 04 2026 20:02:33 GMT+0800 (China Standard Time),公开行情历史快照
601318.SH,中国平安,2025-07-03,55.8,-0.0179,1817404.362,有行情,日线,Asia/Shanghai,2025-12-30T15:00:00+08:00,close为不复权；风险收益使用pct_chg÷100,千元,TuSharePro.daily,https://tushare.pro/document/1?doc_id=27,Fri Sep 04 2026 20:02:33 GMT+0800 (China Standard Time),公开行情历史快照
000333.SZ,美的集团,2025-07-04,73.48,0.8094,1548790.547,有行情,日线,Asia/Shanghai,2025-12-30T15:00:00+08:00,close为不复权；风险收益使用pct_chg÷100,千元,TuSharePro.daily,https://tushare.pro/document/1?doc_id=27,Fri Sep 04 2026 20:02:33 GMT+0800 (China Standard Time),公开行情历史快照
000858.SZ,五粮液,2025-07-04,120.39,0.6437,2049279.008,有行情,日线,Asia/Shanghai,2025-12-30T15:00:00+08:00,close为不复权；风险收益使用pct_chg÷100,千元,TuSharePro.daily,https://tushare.pro/document/1?doc_id=27,Fri Sep 04 2026 20:02:33 GMT+0800 (China Standard Time),公开行情历史快照
002594.SZ,比亚迪,2025-07-04,331.0,-1.0641,3454495.463,有行情,日线,Asia/Shanghai,2025-12-30T15:00:00+08:00,close为不复权；风险收益使用pct_chg÷100,千元,TuSharePro.daily,https://tushare.pro/document/1?doc_id=27,Fri Sep 04 2026 20:02:33 GMT+0800 (China Standard Time),公开行情历史快照
300750.SZ,宁德时代,2025-07-04,265.8,1.2224,7214227.943,有行情,日线,Asia/Shanghai,2025-12-30T15:00:00+08:00,close为不复权；风险收益使用pct_chg÷100,千元,TuSharePro.daily,https://tushare.pro/document/1?doc_id=27,Fri Sep 04 2026 20:02:33 GMT+0800 (China Standard Time),公开行情历史快照
600519.SH,贵州茅台,2025-07-04,1422.22,0.4676,4086547.268,有行情,日线,Asia/Shanghai,2025-12-30T15:00:00+08:00,close为不复权；风险收益使用pct_chg÷100,千元,TuSharePro.daily,https://tushare.pro/document/1?doc_id=27,Fri Sep 04 2026 20:02:33 GMT+0800 (China Standard Time),公开行情历史快照
601318.SH,中国平安,2025-07-04,56.57,1.3799,3695501.729,有行情,日线,Asia/Shanghai,2025-12-30T15:00:00+08:00,close为不复权；风险收益使用pct_chg÷100,千元,TuSharePro.daily,https://tushare.pro/document/1?doc_id=27,Fri Sep 04 2026 20:02:33 GMT+0800 (China Standard Time),公开行情历史快照
000333.SZ,美的集团,2025-07-07,72.55,-1.2657,1567324.871,有行情,日线,Asia/Shanghai,2025-12-30T15:00:00+08:00,close为不复权；风险收益使用pct_chg÷100,千元,TuSharePro.daily,https://tushare.pro/document/1?doc_id=27,Fri Sep 04 2026 20:02:33 GMT+0800 (China Standard Time),公开行情历史快照
000858.SZ,五粮液,2025-07-07,119.91,-0.3987,1030097.661,有行情,日线,Asia/Shanghai,2025-12-30T15:00:00+08:00,close为不复权；风险收益使用pct_chg÷100,千元,TuSharePro.daily,https://tushare.pro/document/1?doc_id=27,Fri Sep 04 2026 20:02:33 GMT+0800 (China Standard Time),公开行情历史快照
002594.SZ,比亚迪,2025-07-07,328.59,-0.7281,2901015.557,有行情,日线,Asia/Shanghai,2025-12-30T15:00:00+08:00,close为不复权；风险收益使用pct_chg÷100,千元,TuSharePro.daily,https://tushare.pro/document/1?doc_id=27,Fri Sep 04 2026 20:02:33 GMT+0800 (China Standard Time),公开行情历史快照
300750.SZ,宁德时代,2025-07-07,260.89,-1.8473,4568972.965,有行情,日线,Asia/Shanghai,2025-12-30T15:00:00+08:00,close为不复权；风险收益使用pct_chg÷100,千元,TuSharePro.daily,https://tushare.pro/document/1?doc_id=27,Fri Sep 04 2026 20:02:33 GMT+0800 (China Standard Time),公开行情历史快照
600519.SH,贵州茅台,2025-07-07,1410.7,-0.81,3370562.659,有行情,日线,Asia/Shanghai,2025-12-30T15:00:00+08:00,close为不复权；风险收益使用pct_chg÷100,千元,TuSharePro.daily,https://tushare.pro/document/1?doc_id=27,Fri Sep 04 2026 20:02:33 GMT+0800 (China Standard Time),公开行情历史快照
601318.SH,中国平安,2025-07-07,56.43,-0.2475,1813966.809,有行情,日线,Asia/Shanghai,2025-12-30T15:00:00+08:00,close为不复权；风险收益使用pct_chg÷100,千元,TuSharePro.daily,https://tushare.pro/document/1?doc_id=27,Fri Sep 04 2026 20:02:33 GMT+0800 (China Standard Time),公开行情历史快照
000333.SZ,美的集团,2025-07-08,72.22,-0.4549,1856483.047,有行情,日线,Asia/Shanghai,2025-12-30T15:00:00+08:00,close为不复权；风险收益使用pct_chg÷100,千元,TuSharePro.daily,https://tushare.pro/document/1?doc_id=27,Fri Sep 04 2026 20:02:33 GMT+0800 (China Standard Time),公开行情历史快照
000858.SZ,五粮液,2025-07-08,120.78,0.7255,1404970.363,有行情,日线,Asia/Shanghai,2025-12-30T15:00:00+08:00,close为不复权；风险收益使用pct_chg÷100,千元,TuSharePro.daily,https://tushare.pro/document/1?doc_id=27,Fri Sep 04 2026 20:02:33 GMT+0800 (China Standard Time),公开行情历史快照
002594.SZ,比亚迪,2025-07-08,326.88,-0.5204,3825413.668,有行情,日线,Asia/Shanghai,2025-12-30T15:00:00+08:00,close为不复权；风险收益使用pct_chg÷100,千元,TuSharePro.daily,https://tushare.pro/document/1?doc_id=27,Fri Sep 04 2026 20:02:33 GMT+0800 (China Standard Time),公开行情历史快照
300750.SZ,宁德时代,2025-07-08,263.31,0.9276,4104293.094,有行情,日线,Asia/Shanghai,2025-12-30T15:00:00+08:00,close为不复权；风险收益使用pct_chg÷100,千元,TuSharePro.daily,https://tushare.pro/document/1?doc_id=27,Fri Sep 04 2026 20:02:33 GMT+0800 (China Standard Time),公开行情历史快照
600519.SH,贵州茅台,2025-07-08,1416.11,0.3835,2643302.691,有行情,日线,Asia/Shanghai,2025-12-30T15:00:00+08:00,close为不复权；风险收益使用pct_chg÷100,千元,TuSharePro.daily,https://tushare.pro/document/1?doc_id=27,Fri Sep 04 2026 20:02:33 GMT+0800 (China Standard Time),公开行情历史快照
601318.SH,中国平安,2025-07-08,56.45,0.0354,1939149.952,有行情,日线,Asia/Shanghai,2025-12-30T15:00:00+08:00,close为不复权；风险收益使用pct_chg÷100,千元,TuSharePro.daily,https://tushare.pro/document/1?doc_id=27,Fri Sep 04 2026 20:02:33 GMT+0800 (China Standard Time),公开行情历史快照
000333.SZ,美的集团,2025-07-09,71.8,-0.5816,1958489.42,有行情,日线,Asia/Shanghai,2025-12-30T15:00:00+08:00,close为不复权；风险收益使用pct_chg÷100,千元,TuSharePro.daily,https://tushare.pro/document/1?doc_id=27,Fri Sep 04 2026 20:02:33 GMT+0800 (China Standard Time),公开行情历史快照
000858.SZ,五粮液,2025-07-09,121.6,0.6789,2482658.941,有行情,日线,Asia/Shanghai,2025-12-30T15:00:00+08:00,close为不复权；风险收益使用pct_chg÷100,千元,TuSharePro.daily,https://tushare.pro/document/1?doc_id=27,Fri Sep 04 2026 20:02:33 GMT+0800 (China Standard Time),公开行情历史快照
002594.SZ,比亚迪,2025-07-09,325.8,-0.3304,3969384.13,有行情,日线,Asia/Shanghai,2025-12-30T15:00:00+08:00,close为不复权；风险收益使用pct_chg÷100,千元,TuSharePro.daily,https://tushare.pro/document/1?doc_id=27,Fri Sep 04 2026 20:02:33 GMT+0800 (China Standard Time),公开行情历史快照
300750.SZ,宁德时代,2025-07-09,270.8,2.8446,7948423.739,有行情,日线,Asia/Shanghai,2025-12-30T15:00:00+08:00,close为不复权；风险收益使用pct_chg÷100,千元,TuSharePro.daily,https://tushare.pro/document/1?doc_id=27,Fri Sep 04 2026 20:02:33 GMT+0800 (China Standard Time),公开行情历史快照
600519.SH,贵州茅台,2025-07-09,1418.88,0.1956,3950810.723,有行情,日线,Asia/Shanghai,2025-12-30T15:00:00+08:00,close为不复权；风险收益使用pct_chg÷100,千元,TuSharePro.daily,https://tushare.pro/document/1?doc_id=27,Fri Sep 04 2026 20:02:33 GMT+0800 (China Standard Time),公开行情历史快照
601318.SH,中国平安,2025-07-09,55.9,-0.9743,2223715.808,有行情,日线,Asia/Shanghai,2025-12-30T15:00:00+08:00,close为不复权；风险收益使用pct_chg÷100,千元,TuSharePro.daily,https://tushare.pro/document/1?doc_id=27,Fri Sep 04 2026 20:02:33 GMT+0800 (China Standard Time),公开行情历史快照
000333.SZ,美的集团,2025-07-10,71.68,-0.1671,1656983.409,有行情,日线,Asia/Shanghai,2025-12-30T15:00:00+08:00,close为不复权；风险收益使用pct_chg÷100,千元,TuSharePro.daily,https://tushare.pro/document/1?doc_id=27,Fri Sep 04 2026 20:02:33 GMT+0800 (China Standard Time),公开行情历史快照
000858.SZ,五粮液,2025-07-10,122.58,0.8059,1983620.004,有行情,日线,Asia/Shanghai,2025-12-30T15:00:00+08:00,close为不复权；风险收益使用pct_chg÷100,千元,TuSharePro.daily,https://tushare.pro/document/1?doc_id=27,Fri Sep 04 2026 20:02:33 GMT+0800 (China Standard Time),公开行情历史快照
002594.SZ,比亚迪,2025-07-10,321.23,-1.4027,6741345.468,有行情,日线,Asia/Shanghai,2025-12-30T15:00:00+08:00,close为不复权；风险收益使用pct_chg÷100,千元,TuSharePro.daily,https://tushare.pro/document/1?doc_id=27,Fri Sep 04 2026 20:02:33 GMT+0800 (China Standard Time),公开行情历史快照
300750.SZ,宁德时代,2025-07-10,272.0,0.4431,6594201.202,有行情,日线,Asia/Shanghai,2025-12-30T15:00:00+08:00,close为不复权；风险收益使用pct_chg÷100,千元,TuSharePro.daily,https://tushare.pro/document/1?doc_id=27,Fri Sep 04 2026 20:02:33 GMT+0800 (China Standard Time),公开行情历史快照
600519.SH,贵州茅台,2025-07-10,1426.5,0.537,5503329.754,有行情,日线,Asia/Shanghai,2025-12-30T15:00:00+08:00,close为不复权；风险收益使用pct_chg÷100,千元,TuSharePro.daily,https://tushare.pro/document/1?doc_id=27,Fri Sep 04 2026 20:02:33 GMT+0800 (China Standard Time),公开行情历史快照
601318.SH,中国平安,2025-07-10,57.13,2.2004,4726621.457,有行情,日线,Asia/Shanghai,2025-12-30T15:00:00+08:00,close为不复权；风险收益使用pct_chg÷100,千元,TuSharePro.daily,https://tushare.pro/document/1?doc_id=27,Fri Sep 04 2026 20:02:33 GMT+0800 (China Standard Time),公开行情历史快照
000333.SZ,美的集团,2025-07-11,72.48,1.1161,2324470.998,有行情,日线,Asia/Shanghai,2025-12-30T15:00:00+08:00,close为不复权；风险收益使用pct_chg÷100,千元,TuSharePro.daily,https://tushare.pro/document/1?doc_id=27,Fri Sep 04 2026 20:02:33 GMT+0800 (China Standard Time),公开行情历史快照
000858.SZ,五粮液,2025-07-11,124.3,1.4032,3562808.114,有行情,日线,Asia/Shanghai,2025-12-30T15:00:00+08:00,close为不复权；风险收益使用pct_chg÷100,千元,TuSharePro.daily,https://tushare.pro/document/1?doc_id=27,Fri Sep 04 2026 20:02:33 GMT+0800 (China Standard Time),公开行情历史快照
002594.SZ,比亚迪,2025-07-11,323.91,0.8343,5456832.018,有行情,日线,Asia/Shanghai,2025-12-30T15:00:00+08:00,close为不复权；风险收益使用pct_chg÷100,千元,TuSharePro.daily,https://tushare.pro/document/1?doc_id=27,Fri Sep 04 2026 20:02:33 GMT+0800 (China Standard Time),公开行情历史快照
300750.SZ,宁德时代,2025-07-11,271.5,-0.1838,5798544.034,有行情,日线,Asia/Shanghai,2025-12-30T15:00:00+08:00,close为不复权；风险收益使用pct_chg÷100,千元,TuSharePro.daily,https://tushare.pro/document/1?doc_id=27,Fri Sep 04 2026 20:02:33 GMT+0800 (China Standard Time),公开行情历史快照
600519.SH,贵州茅台,2025-07-11,1427.0,0.0351,8239010.39,有行情,日线,Asia/Shanghai,2025-12-30T15:00:00+08:00,close为不复权；风险收益使用pct_chg÷100,千元,TuSharePro.daily,https://tushare.pro/document/1?doc_id=27,Fri Sep 04 2026 20:02:33 GMT+0800 (China Standard Time),公开行情历史快照
601318.SH,中国平安,2025-07-11,57.71,1.0152,6269330.973,有行情,日线,Asia/Shanghai,2025-12-30T15:00:00+08:00,close为不复权；风险收益使用pct_chg÷100,千元,TuSharePro.daily,https://tushare.pro/document/1?doc_id=27,Fri Sep 04 2026 20:02:33 GMT+0800 (China Standard Time),公开行情历史快照
000333.SZ,美的集团,2025-07-14,73.1,0.8554,1702246.964,有行情,日线,Asia/Shanghai,2025-12-30T15:00:00+08:00,close为不复权；风险收益使用pct_chg÷100,千元,TuSharePro.daily,https://tushare.pro/document/1?doc_id=27,Fri Sep 04 2026 20:02:33 GMT+0800 (China Standard Time),公开行情历史快照
000858.SZ,五粮液,2025-07-14,125.41,0.893,2734366.851,有行情,日线,Asia/Shanghai,2025-12-30T15:00:00+08:00,close为不复权；风险收益使用pct_chg÷100,千元,TuSharePro.daily,https://tushare.pro/document/1?doc_id=27,Fri Sep 04 2026 20:02:33 GMT+0800 (China Standard Time),公开行情历史快照
002594.SZ,比亚迪,2025-07-14,318.49,-1.6733,5502331.854,有行情,日线,Asia/Shanghai,2025-12-30T15:00:00+08:00,close为不复权；风险收益使用pct_chg÷100,千元,TuSharePro.daily,https://tushare.pro/document/1?doc_id=27,Fri Sep 04 2026 20:02:33 GMT+0800 (China Standard Time),公开行情历史快照
300750.SZ,宁德时代,2025-07-14,268.5,-1.105,4013693.003,有行情,日线,Asia/Shanghai,2025-12-30T15:00:00+08:00,close为不复权；风险收益使用pct_chg÷100,千元,TuSharePro.daily,https://tushare.pro/document/1?doc_id=27,Fri Sep 04 2026 20:02:33 GMT+0800 (China Standard Time),公开行情历史快照
600519.SH,贵州茅台,2025-07-14,1423.6,-0.2383,3961736.006,有行情,日线,Asia/Shanghai,2025-12-30T15:00:00+08:00,close为不复权；风险收益使用pct_chg÷100,千元,TuSharePro.daily,https://tushare.pro/document/1?doc_id=27,Fri Sep 04 2026 20:02:33 GMT+0800 (China Standard Time),公开行情历史快照
601318.SH,中国平安,2025-07-14,57.57,-0.2426,2598863.547,有行情,日线,Asia/Shanghai,2025-12-30T15:00:00+08:00,close为不复权；风险收益使用pct_chg÷100,千元,TuSharePro.daily,https://tushare.pro/document/1?doc_id=27,Fri Sep 04 2026 20:02:33 GMT+0800 (China Standard Time),公开行情历史快照
000333.SZ,美的集团,2025-07-15,73.21,0.1505,1821265.543,有行情,日线,Asia/Shanghai,2025-12-30T15:00:00+08:00,close为不复权；风险收益使用pct_chg÷100,千元,TuSharePro.daily,https://tushare.pro/document/1?doc_id=27,Fri Sep 04 2026 20:02:33 GMT+0800 (China Standard Time),公开行情历史快照
000858.SZ,五粮液,2025-07-15,125.0,-0.3269,2415360.2,有行情,日线,Asia/Shanghai,2025-12-30T15:00:00+08:00,close为不复权；风险收益使用pct_chg÷100,千元,TuSharePro.daily,https://tushare.pro/document/1?doc_id=27,Fri Sep 04 2026 20:02:33 GMT+0800 (China Standard Time),公开行情历史快照
002594.SZ,比亚迪,2025-07-15,323.05,1.4318,5252631.322,有行情,日线,Asia/Shanghai,2025-12-30T15:00:00+08:00,close为不复权；风险收益使用pct_chg÷100,千元,TuSharePro.daily,https://tushare.pro/document/1?doc_id=27,Fri Sep 04 2026 20:02:33 GMT+0800 (China Standard Time),公开行情历史快照
300750.SZ,宁德时代,2025-07-15,267.75,-0.2793,4553827.628,有行情,日线,Asia/Shanghai,2025-12-30T15:00:00+08:00,close为不复权；风险收益使用pct_chg÷100,千元,TuSharePro.daily,https://tushare.pro/document/1?doc_id=27,Fri Sep 04 2026 20:02:33 GMT+0800 (China Standard Time),公开行情历史快照
600519.SH,贵州茅台,2025-07-15,1411.0,-0.8851,5005150.165,有行情,日线,Asia/Shanghai,2025-12-30T15:00:00+08:00,close为不复权；风险收益使用pct_chg÷100,千元,TuSharePro.daily,https://tushare.pro/document/1?doc_id=27,Fri Sep 04 2026 20:02:33 GMT+0800 (China Standard Time),公开行情历史快照
601318.SH,中国平安,2025-07-15,57.1,-0.8164,2535144.762,有行情,日线,Asia/Shanghai,2025-12-30T15:00:00+08:00,close为不复权；风险收益使用pct_chg÷100,千元,TuSharePro.daily,https://tushare.pro/document/1?doc_id=27,Fri Sep 04 2026 20:02:33 GMT+0800 (China Standard Time),公开行情历史快照
000333.SZ,美的集团,2025-07-16,72.89,-0.4371,1514278.424,有行情,日线,Asia/Shanghai,2025-12-30T15:00:00+08:00,close为不复权；风险收益使用pct_chg÷100,千元,TuSharePro.daily,https://tushare.pro/document/1?doc_id=27,Fri Sep 04 2026 20:02:33 GMT+0800 (China Standard Time),公开行情历史快照
000858.SZ,五粮液,2025-07-16,125.28,0.224,2237883.046,有行情,日线,Asia/Shanghai,2025-12-30T15:00:00+08:00,close为不复权；风险收益使用pct_chg÷100,千元,TuSharePro.daily,https://tushare.pro/document/1?doc_id=27,Fri Sep 04 2026 20:02:33 GMT+0800 (China Standard Time),公开行情历史快照
002594.SZ,比亚迪,2025-07-16,323.72,0.2074,3594544.238,有行情,日线,Asia/Shanghai,2025-12-30T15:00:00+08:00,close为不复权；风险收益使用pct_chg÷100,千元,TuSharePro.daily,https://tushare.pro/document/1?doc_id=27,Fri Sep 04 2026 20:02:33 GMT+0800 (China Standard Time),公开行情历史快照
300750.SZ,宁德时代,2025-07-16,264.4,-1.2512,4135841.242,有行情,日线,Asia/Shanghai,2025-12-30T15:00:00+08:00,close为不复权；风险收益使用pct_chg÷100,千元,TuSharePro.daily,https://tushare.pro/document/1?doc_id=27,Fri Sep 04 2026 20:02:33 GMT+0800 (China Standard Time),公开行情历史快照
600519.SH,贵州茅台,2025-07-16,1411.03,0.0021,3006882.579,有行情,日线,Asia/Shanghai,2025-12-30T15:00:00+08:00,close为不复权；风险收益使用pct_chg÷100,千元,TuSharePro.daily,https://tushare.pro/document/1?doc_id=27,Fri Sep 04 2026 20:02:33 GMT+0800 (China Standard Time),公开行情历史快照
601318.SH,中国平安,2025-07-16,56.83,-0.4729,2728239.344,有行情,日线,Asia/Shanghai,2025-12-30T15:00:00+08:00,close为不复权；风险收益使用pct_chg÷100,千元,TuSharePro.daily,https://tushare.pro/document/1?doc_id=27,Fri Sep 04 2026 20:02:33 GMT+0800 (China Standard Time),公开行情历史快照
000333.SZ,美的集团,2025-07-17,72.63,-0.3567,1804135.157,有行情,日线,Asia/Shanghai,2025-12-30T15:00:00+08:00,close为不复权；风险收益使用pct_chg÷100,千元,TuSharePro.daily,https://tushare.pro/document/1?doc_id=27,Fri Sep 04 2026 20:02:33 GMT+0800 (China Standard Time),公开行情历史快照
000858.SZ,五粮液,2025-07-17,125.82,0.431,2171582.212,有行情,日线,Asia/Shanghai,2025-12-30T15:00:00+08:00,close为不复权；风险收益使用pct_chg÷100,千元,TuSharePro.daily,https://tushare.pro/document/1?doc_id=27,Fri Sep 04 2026 20:02:33 GMT+0800 (China Standard Time),公开行情历史快照
002594.SZ,比亚迪,2025-07-17,328.02,1.3283,5138610.961,有行情,日线,Asia/Shanghai,2025-12-30T15:00:00+08:00,close为不复权；风险收益使用pct_chg÷100,千元,TuSharePro.daily,https://tushare.pro/document/1?doc_id=27,Fri Sep 04 2026 20:02:33 GMT+0800 (China Standard Time),公开行情历史快照
300750.SZ,宁德时代,2025-07-17,265.5,0.416,3852746.251,有行情,日线,Asia/Shanghai,2025-12-30T15:00:00+08:00,close为不复权；风险收益使用pct_chg÷100,千元,TuSharePro.daily,https://tushare.pro/document/1?doc_id=27,Fri Sep 04 2026 20:02:33 GMT+0800 (China Standard Time),公开行情历史快照
600519.SH,贵州茅台,2025-07-17,1416.35,0.377,3273100.406,有行情,日线,Asia/Shanghai,2025-12-30T15:00:00+08:00,close为不复权；风险收益使用pct_chg÷100,千元,TuSharePro.daily,https://tushare.pro/document/1?doc_id=27,Fri Sep 04 2026 20:02:33 GMT+0800 (China Standard Time),公开行情历史快照
601318.SH,中国平安,2025-07-17,56.81,-0.0352,1575012.87,有行情,日线,Asia/Shanghai,2025-12-30T15:00:00+08:00,close为不复权；风险收益使用pct_chg÷100,千元,TuSharePro.daily,https://tushare.pro/document/1?doc_id=27,Fri Sep 04 2026 20:02:33 GMT+0800 (China Standard Time),公开行情历史快照
000333.SZ,美的集团,2025-07-18,72.83,0.2754,1596482.224,有行情,日线,Asia/Shanghai,2025-12-30T15:00:00+08:00,close为不复权；风险收益使用pct_chg÷100,千元,TuSharePro.daily,https://tushare.pro/document/1?doc_id=27,Fri Sep 04 2026 20:02:33 GMT+0800 (China Standard Time),公开行情历史快照
000858.SZ,五粮液,2025-07-18,123.78,0.9213,2597764.485,有行情,日线,Asia/Shanghai,2025-12-30T15:00:00+08:00,close为不复权；风险收益使用pct_chg÷100,千元,TuSharePro.daily,https://tushare.pro/document/1?doc_id=27,Fri Sep 04 2026 20:02:33 GMT+0800 (China Standard Time),公开行情历史快照
002594.SZ,比亚迪,2025-07-18,329.11,0.3323,4482466.755,有行情,日线,Asia/Shanghai,2025-12-30T15:00:00+08:00,close为不复权；风险收益使用pct_chg÷100,千元,TuSharePro.daily,https://tushare.pro/document/1?doc_id=27,Fri Sep 04 2026 20:02:33 GMT+0800 (China Standard Time),公开行情历史快照
300750.SZ,宁德时代,2025-07-18,271.2,2.1469,5981601.235,有行情,日线,Asia/Shanghai,2025-12-30T15:00:00+08:00,close为不复权；风险收益使用pct_chg÷100,千元,TuSharePro.daily,https://tushare.pro/document/1?doc_id=27,Fri Sep 04 2026 20:02:33 GMT+0800 (China Standard Time),公开行情历史快照
600519.SH,贵州茅台,2025-07-18,1437.0,1.458,5984949.774,有行情,日线,Asia/Shanghai,2025-12-30T15:00:00+08:00,close为不复权；风险收益使用pct_chg÷100,千元,TuSharePro.daily,https://tushare.pro/document/1?doc_id=27,Fri Sep 04 2026 20:02:33 GMT+0800 (China Standard Time),公开行情历史快照
601318.SH,中国平安,2025-07-18,57.07,0.4577,2492884.493,有行情,日线,Asia/Shanghai,2025-12-30T15:00:00+08:00,close为不复权；风险收益使用pct_chg÷100,千元,TuSharePro.daily,https://tushare.pro/document/1?doc_id=27,Fri Sep 04 2026 20:02:33 GMT+0800 (China Standard Time),公开行情历史快照
000333.SZ,美的集团,2025-07-21,72.55,-0.3845,2244011.063,有行情,日线,Asia/Shanghai,2025-12-30T15:00:00+08:00,close为不复权；风险收益使用pct_chg÷100,千元,TuSharePro.daily,https://tushare.pro/document/1?doc_id=27,Fri Sep 04 2026 20:02:33 GMT+0800 (China Standard Time),公开行情历史快照
000858.SZ,五粮液,2025-07-21,122.56,-0.9856,2304021.397,有行情,日线,Asia/Shanghai,2025-12-30T15:00:00+08:00,close为不复权；风险收益使用pct_chg÷100,千元,TuSharePro.daily,https://tushare.pro/document/1?doc_id=27,Fri Sep 04 2026 20:02:33 GMT+0800 (China Standard Time),公开行情历史快照
002594.SZ,比亚迪,2025-07-21,334.12,1.5223,5102459.146,有行情,日线,Asia/Shanghai,2025-12-30T15:00:00+08:00,close为不复权；风险收益使用pct_chg÷100,千元,TuSharePro.daily,https://tushare.pro/document/1?doc_id=27,Fri Sep 04 2026 20:02:33 GMT+0800 (China Standard Time),公开行情历史快照
300750.SZ,宁德时代,2025-07-21,279.66,3.1195,9047295.149,有行情,日线,Asia/Shanghai,2025-12-30T15:00:00+08:00,close为不复权；风险收益使用pct_chg÷100,千元,TuSharePro.daily,https://tushare.pro/document/1?doc_id=27,Fri Sep 04 2026 20:02:33 GMT+0800 (China Standard Time),公开行情历史快照
600519.SH,贵州茅台,2025-07-21,1443.0,0.4175,3779891.829,有行情,日线,Asia/Shanghai,2025-12-30T15:00:00+08:00,close为不复权；风险收益使用pct_chg÷100,千元,TuSharePro.daily,https://tushare.pro/document/1?doc_id=27,Fri Sep 04 2026 20:02:33 GMT+0800 (China Standard Time),公开行情历史快照
601318.SH,中国平安,2025-07-21,57.19,0.2103,2671242.929,有行情,日线,Asia/Shanghai,2025-12-30T15:00:00+08:00,close为不复权；风险收益使用pct_chg÷100,千元,TuSharePro.daily,https://tushare.pro/document/1?doc_id=27,Fri Sep 04 2026 20:02:33 GMT+0800 (China Standard Time),公开行情历史快照
000333.SZ,美的集团,2025-07-22,73.19,0.8822,2602924.271,有行情,日线,Asia/Shanghai,2025-12-30T15:00:00+08:00,close为不复权；风险收益使用pct_chg÷100,千元,TuSharePro.daily,https://tushare.pro/document/1?doc_id=27,Fri Sep 04 2026 20:02:33 GMT+0800 (China Standard Time),公开行情历史快照
000858.SZ,五粮液,2025-07-22,125.53,2.4233,3784887.03,有行情,日线,Asia/Shanghai,2025-12-30T15:00:00+08:00,close为不复权；风险收益使用pct_chg÷100,千元,TuSharePro.daily,https://tushare.pro/document/1?doc_id=27,Fri Sep 04 2026 20:02:33 GMT+0800 (China Standard Time),公开行情历史快照
002594.SZ,比亚迪,2025-07-22,341.69,2.2657,7227731.007,有行情,日线,Asia/Shanghai,2025-12-30T15:00:00+08:00,close为不复权；风险收益使用pct_chg÷100,千元,TuSharePro.daily,https://tushare.pro/document/1?doc_id=27,Fri Sep 04 2026 20:02:33 GMT+0800 (China Standard Time),公开行情历史快照
300750.SZ,宁德时代,2025-07-22,286.66,2.503,9468912.161,有行情,日线,Asia/Shanghai,2025-12-30T15:00:00+08:00,close为不复权；风险收益使用pct_chg÷100,千元,TuSharePro.daily,https://tushare.pro/document/1?doc_id=27,Fri Sep 04 2026 20:02:33 GMT+0800 (China Standard Time),公开行情历史快照
600519.SH,贵州茅台,2025-07-22,1464.98,1.5232,6127636.851,有行情,日线,Asia/Shanghai,2025-12-30T15:00:00+08:00,close为不复权；风险收益使用pct_chg÷100,千元,TuSharePro.daily,https://tushare.pro/document/1?doc_id=27,Fri Sep 04 2026 20:02:33 GMT+0800 (China Standard Time),公开行情历史快照
601318.SH,中国平安,2025-07-22,56.7,-0.8568,3930402.694,有行情,日线,Asia/Shanghai,2025-12-30T15:00:00+08:00,close为不复权；风险收益使用pct_chg÷100,千元,TuSharePro.daily,https://tushare.pro/document/1?doc_id=27,Fri Sep 04 2026 20:02:33 GMT+0800 (China Standard Time),公开行情历史快照
000333.SZ,美的集团,2025-07-23,73.5,0.4236,2718700.8,有行情,日线,Asia/Shanghai,2025-12-30T15:00:00+08:00,close为不复权；风险收益使用pct_chg÷100,千元,TuSharePro.daily,https://tushare.pro/document/1?doc_id=27,Fri Sep 04 2026 20:02:33 GMT+0800 (China Standard Time),公开行情历史快照
000858.SZ,五粮液,2025-07-23,125.2,-0.2629,2887980.079,有行情,日线,Asia/Shanghai,2025-12-30T15:00:00+08:00,close为不复权；风险收益使用pct_chg÷100,千元,TuSharePro.daily,https://tushare.pro/document/1?doc_id=27,Fri Sep 04 2026 20:02:33 GMT+0800 (China Standard Time),公开行情历史快照
002594.SZ,比亚迪,2025-07-23,338.07,-1.0594,5395840.274,有行情,日线,Asia/Shanghai,2025-12-30T15:00:00+08:00,close为不复权；风险收益使用pct_chg÷100,千元,TuSharePro.daily,https://tushare.pro/document/1?doc_id=27,Fri Sep 04 2026 20:02:33 GMT+0800 (China Standard Time),公开行情历史快照
300750.SZ,宁德时代,2025-07-23,287.02,0.1256,5772653.126,有行情,日线,Asia/Shanghai,2025-12-30T15:00:00+08:00,close为不复权；风险收益使用pct_chg÷100,千元,TuSharePro.daily,https://tushare.pro/document/1?doc_id=27,Fri Sep 04 2026 20:02:33 GMT+0800 (China Standard Time),公开行情历史快照
600519.SH,贵州茅台,2025-07-23,1475.5,0.7181,6676301.462,有行情,日线,Asia/Shanghai,2025-12-30T15:00:00+08:00,close为不复权；风险收益使用pct_chg÷100,千元,TuSharePro.daily,https://tushare.pro/document/1?doc_id=27,Fri Sep 04 2026 20:02:33 GMT+0800 (China Standard Time),公开行情历史快照
601318.SH,中国平安,2025-07-23,58.0,2.2928,5020698.335,有行情,日线,Asia/Shanghai,2025-12-30T15:00:00+08:00,close为不复权；风险收益使用pct_chg÷100,千元,TuSharePro.daily,https://tushare.pro/document/1?doc_id=27,Fri Sep 04 2026 20:02:33 GMT+0800 (China Standard Time),公开行情历史快照
000333.SZ,美的集团,2025-07-24,73.51,0.0136,2134051.794,有行情,日线,Asia/Shanghai,2025-12-30T15:00:00+08:00,close为不复权；风险收益使用pct_chg÷100,千元,TuSharePro.daily,https://tushare.pro/document/1?doc_id=27,Fri Sep 04 2026 20:02:33 GMT+0800 (China Standard Time),公开行情历史快照
000858.SZ,五粮液,2025-07-24,125.55,0.2796,1955643.592,有行情,日线,Asia/Shanghai,2025-12-30T15:00:00+08:00,close为不复权；风险收益使用pct_chg÷100,千元,TuSharePro.daily,https://tushare.pro/document/1?doc_id=27,Fri Sep 04 2026 20:02:33 GMT+0800 (China Standard Time),公开行情历史快照
002594.SZ,比亚迪,2025-07-24,342.72,1.3755,6489370.096,有行情,日线,Asia/Shanghai,2025-12-30T15:00:00+08:00,close为不复权；风险收益使用pct_chg÷100,千元,TuSharePro.daily,https://tushare.pro/document/1?doc_id=27,Fri Sep 04 2026 20:02:33 GMT+0800 (China Standard Time),公开行情历史快照
300750.SZ,宁德时代,2025-07-24,285.2,-0.6341,6394082.072,有行情,日线,Asia/Shanghai,2025-12-30T15:00:00+08:00,close为不复权；风险收益使用pct_chg÷100,千元,TuSharePro.daily,https://tushare.pro/document/1?doc_id=27,Fri Sep 04 2026 20:02:33 GMT+0800 (China Standard Time),公开行情历史快照
600519.SH,贵州茅台,2025-07-24,1491.5,1.0844,5786337.377,有行情,日线,Asia/Shanghai,2025-12-30T15:00:00+08:00,close为不复权；风险收益使用pct_chg÷100,千元,TuSharePro.daily,https://tushare.pro/document/1?doc_id=27,Fri Sep 04 2026 20:02:33 GMT+0800 (China Standard Time),公开行情历史快照
601318.SH,中国平安,2025-07-24,58.64,1.1034,4142271.385,有行情,日线,Asia/Shanghai,2025-12-30T15:00:00+08:00,close为不复权；风险收益使用pct_chg÷100,千元,TuSharePro.daily,https://tushare.pro/document/1?doc_id=27,Fri Sep 04 2026 20:02:33 GMT+0800 (China Standard Time),公开行情历史快照
000333.SZ,美的集团,2025-07-25,72.76,-1.0203,1780421.843,有行情,日线,Asia/Shanghai,2025-12-30T15:00:00+08:00,close为不复权；风险收益使用pct_chg÷100,千元,TuSharePro.daily,https://tushare.pro/document/1?doc_id=27,Fri Sep 04 2026 20:02:33 GMT+0800 (China Standard Time),公开行情历史快照
000858.SZ,五粮液,2025-07-25,123.54,-1.601,2284994.445,有行情,日线,Asia/Shanghai,2025-12-30T15:00:00+08:00,close为不复权；风险收益使用pct_chg÷100,千元,TuSharePro.daily,https://tushare.pro/document/1?doc_id=27,Fri Sep 04 2026 20:02:33 GMT+0800 (China Standard Time),公开行情历史快照
002594.SZ,比亚迪,2025-07-25,337.93,-1.3976,5307866.611,有行情,日线,Asia/Shanghai,2025-12-30T15:00:00+08:00,close为不复权；风险收益使用pct_chg÷100,千元,TuSharePro.daily,https://tushare.pro/document/1?doc_id=27,Fri Sep 04 2026 20:02:33 GMT+0800 (China Standard Time),公开行情历史快照
300750.SZ,宁德时代,2025-07-25,282.8,-0.8415,3802835.26,有行情,日线,Asia/Shanghai,2025-12-30T15:00:00+08:00,close为不复权；风险收益使用pct_chg÷100,千元,TuSharePro.daily,https://tushare.pro/document/1?doc_id=27,Fri Sep 04 2026 20:02:33 GMT+0800 (China Standard Time),公开行情历史快照
600519.SH,贵州茅台,2025-07-25,1455.0,-2.4472,6140078.741,有行情,日线,Asia/Shanghai,2025-12-30T15:00:00+08:00,close为不复权；风险收益使用pct_chg÷100,千元,TuSharePro.daily,https://tushare.pro/document/1?doc_id=27,Fri Sep 04 2026 20:02:33 GMT+0800 (China Standard Time),公开行情历史快照
601318.SH,中国平安,2025-07-25,58.08,-0.955,2958837.44,有行情,日线,Asia/Shanghai,2025-12-30T15:00:00+08:00,close为不复权；风险收益使用pct_chg÷100,千元,TuSharePro.daily,https://tushare.pro/document/1?doc_id=27,Fri Sep 04 2026 20:02:33 GMT+0800 (China Standard Time),公开行情历史快照
000333.SZ,美的集团,2025-07-28,71.94,-1.127,2725637.108,有行情,日线,Asia/Shanghai,2025-12-30T15:00:00+08:00,close为不复权；风险收益使用pct_chg÷100,千元,TuSharePro.daily,https://tushare.pro/document/1?doc_id=27,Fri Sep 04 2026 20:02:33 GMT+0800 (China Standard Time),公开行情历史快照
000858.SZ,五粮液,2025-07-28,124.06,0.4209,2196293.738,有行情,日线,Asia/Shanghai,2025-12-30T15:00:00+08:00,close为不复权；风险收益使用pct_chg÷100,千元,TuSharePro.daily,https://tushare.pro/document/1?doc_id=27,Fri Sep 04 2026 20:02:33 GMT+0800 (China Standard Time),公开行情历史快照
002594.SZ,比亚迪,2025-07-28,337.0,-0.2752,3947000.994,有行情,日线,Asia/Shanghai,2025-12-30T15:00:00+08:00,close为不复权；风险收益使用pct_chg÷100,千元,TuSharePro.daily,https://tushare.pro/document/1?doc_id=27,Fri Sep 04 2026 20:02:33 GMT+0800 (China Standard Time),公开行情历史快照
300750.SZ,宁德时代,2025-07-28,286.3,1.2376,6830867.029,有行情,日线,Asia/Shanghai,2025-12-30T15:00:00+08:00,close为不复权；风险收益使用pct_chg÷100,千元,TuSharePro.daily,https://tushare.pro/document/1?doc_id=27,Fri Sep 04 2026 20:02:33 GMT+0800 (China Standard Time),公开行情历史快照
600519.SH,贵州茅台,2025-07-28,1438.66,-1.123,5560966.386,有行情,日线,Asia/Shanghai,2025-12-30T15:00:00+08:00,close为不复权；风险收益使用pct_chg÷100,千元,TuSharePro.daily,https://tushare.pro/document/1?doc_id=27,Fri Sep 04 2026 20:02:33 GMT+0800 (China Standard Time),公开行情历史快照
601318.SH,中国平安,2025-07-28,60.09,3.4607,7297531.197,有行情,日线,Asia/Shanghai,2025-12-30T15:00:00+08:00,close为不复权；风险收益使用pct_chg÷100,千元,TuSharePro.daily,https://tushare.pro/document/1?doc_id=27,Fri Sep 04 2026 20:02:33 GMT+0800 (China Standard Time),公开行情历史快照
000333.SZ,美的集团,2025-07-29,71.24,-0.973,2843589.788,有行情,日线,Asia/Shanghai,2025-12-30T15:00:00+08:00,close为不复权；风险收益使用pct_chg÷100,千元,TuSharePro.daily,https://tushare.pro/document/1?doc_id=27,Fri Sep 04 2026 20:02:33 GMT+0800 (China Standard Time),公开行情历史快照
000858.SZ,五粮液,2025-07-29,123.52,-0.4353,2276717.869,有行情,日线,Asia/Shanghai,2025-12-30T15:00:00+08:00,close为不复权；风险收益使用pct_chg÷100,千元,TuSharePro.daily,https://tushare.pro/document/1?doc_id=27,Fri Sep 04 2026 20:02:33 GMT+0800 (China Standard Time),公开行情历史快照
002594.SZ,比亚迪,2025-07-29,111.42,0.3693,4322742.015,有行情,日线,Asia/Shanghai,2025-12-30T15:00:00+08:00,close为不复权；风险收益使用pct_chg÷100,千元,TuSharePro.daily,https://tushare.pro/document/1?doc_id=27,Fri Sep 04 2026 20:02:33 GMT+0800 (China Standard Time),公开行情历史快照
300750.SZ,宁德时代,2025-07-29,291.82,1.928,6785427.583,有行情,日线,Asia/Shanghai,2025-12-30T15:00:00+08:00,close为不复权；风险收益使用pct_chg÷100,千元,TuSharePro.daily,https://tushare.pro/document/1?doc_id=27,Fri Sep 04 2026 20:02:33 GMT+0800 (China Standard Time),公开行情历史快照
600519.SH,贵州茅台,2025-07-29,1439.0,0.0236,3785848.102,有行情,日线,Asia/Shanghai,2025-12-30T15:00:00+08:00,close为不复权；风险收益使用pct_chg÷100,千元,TuSharePro.daily,https://tushare.pro/document/1?doc_id=27,Fri Sep 04 2026 20:02:33 GMT+0800 (China Standard Time),公开行情历史快照
601318.SH,中国平安,2025-07-29,59.49,-0.9985,3380012.575,有行情,日线,Asia/Shanghai,2025-12-30T15:00:00+08:00,close为不复权；风险收益使用pct_chg÷100,千元,TuSharePro.daily,https://tushare.pro/document/1?doc_id=27,Fri Sep 04 2026 20:02:33 GMT+0800 (China Standard Time),公开行情历史快照
000333.SZ,美的集团,2025-07-30,72.11,1.2212,2964849.148,有行情,日线,Asia/Shanghai,2025-12-30T15:00:00+08:00,close为不复权；风险收益使用pct_chg÷100,千元,TuSharePro.daily,https://tushare.pro/document/1?doc_id=27,Fri Sep 04 2026 20:02:33 GMT+0800 (China Standard Time),公开行情历史快照
000858.SZ,五粮液,2025-07-30,124.52,0.8096,2789922.636,有行情,日线,Asia/Shanghai,2025-12-30T15:00:00+08:00,close为不复权；风险收益使用pct_chg÷100,千元,TuSharePro.daily,https://tushare.pro/document/1?doc_id=27,Fri Sep 04 2026 20:02:33 GMT+0800 (China Standard Time),公开行情历史快照
002594.SZ,比亚迪,2025-07-30,108.7,-2.4412,5743878.668,有行情,日线,Asia/Shanghai,2025-12-30T15:00:00+08:00,close为不复权；风险收益使用pct_chg÷100,千元,TuSharePro.daily,https://tushare.pro/document/1?doc_id=27,Fri Sep 04 2026 20:02:33 GMT+0800 (China Standard Time),公开行情历史快照
300750.SZ,宁德时代,2025-07-30,277.09,-5.0476,11712764.593,有行情,日线,Asia/Shanghai,2025-12-30T15:00:00+08:00,close为不复权；风险收益使用pct_chg÷100,千元,TuSharePro.daily,https://tushare.pro/document/1?doc_id=27,Fri Sep 04 2026 20:02:33 GMT+0800 (China Standard Time),公开行情历史快照
600519.SH,贵州茅台,2025-07-30,1449.44,0.7255,4612883.04,有行情,日线,Asia/Shanghai,2025-12-30T15:00:00+08:00,close为不复权；风险收益使用pct_chg÷100,千元,TuSharePro.daily,https://tushare.pro/document/1?doc_id=27,Fri Sep 04 2026 20:02:33 GMT+0800 (China Standard Time),公开行情历史快照
601318.SH,中国平安,2025-07-30,60.71,2.0508,5600001.966,有行情,日线,Asia/Shanghai,2025-12-30T15:00:00+08:00,close为不复权；风险收益使用pct_chg÷100,千元,TuSharePro.daily,https://tushare.pro/document/1?doc_id=27,Fri Sep 04 2026 20:02:33 GMT+0800 (China Standard Time),公开行情历史快照
000333.SZ,美的集团,2025-07-31,70.19,-2.6626,4895784.25,有行情,日线,Asia/Shanghai,2025-12-30T15:00:00+08:00,close为不复权；风险收益使用pct_chg÷100,千元,TuSharePro.daily,https://tushare.pro/document/1?doc_id=27,Fri Sep 04 2026 20:02:33 GMT+0800 (China Standard Time),公开行情历史快照
000858.SZ,五粮液,2025-07-31,121.15,-2.7064,3717607.979,有行情,日线,Asia/Shanghai,2025-12-30T15:00:00+08:00,close为不复权；风险收益使用pct_chg÷100,千元,TuSharePro.daily,https://tushare.pro/document/1?doc_id=27,Fri Sep 04 2026 20:02:33 GMT+0800 (China Standard Time),公开行情历史快照
002594.SZ,比亚迪,2025-07-31,105.24,-3.1831,6344900.791,有行情,日线,Asia/Shanghai,2025-12-30T15:00:00+08:00,close为不复权；风险收益使用pct_chg÷100,千元,TuSharePro.daily,https://tushare.pro/document/1?doc_id=27,Fri Sep 04 2026 20:02:33 GMT+0800 (China Standard Time),公开行情历史快照
300750.SZ,宁德时代,2025-07-31,264.62,-4.5003,12088514.551,有行情,日线,Asia/Shanghai,2025-12-30T15:00:00+08:00,close为不复权；风险收益使用pct_chg÷100,千元,TuSharePro.daily,https://tushare.pro/document/1?doc_id=27,Fri Sep 04 2026 20:02:33 GMT+0800 (China Standard Time),公开行情历史快照
600519.SH,贵州茅台,2025-07-31,1421.67,-1.9159,7386302.758,有行情,日线,Asia/Shanghai,2025-12-30T15:00:00+08:00,close为不复权；风险收益使用pct_chg÷100,千元,TuSharePro.daily,https://tushare.pro/document/1?doc_id=27,Fri Sep 04 2026 20:02:33 GMT+0800 (China Standard Time),公开行情历史快照
601318.SH,中国平安,2025-07-31,58.69,-3.3273,4910516.274,有行情,日线,Asia/Shanghai,2025-12-30T15:00:00+08:00,close为不复权；风险收益使用pct_chg÷100,千元,TuSharePro.daily,https://tushare.pro/document/1?doc_id=27,Fri Sep 04 2026 20:02:33 GMT+0800 (China Standard Time),公开行情历史快照
000333.SZ,美的集团,2025-08-01,70.79,0.8548,2019147.913,有行情,日线,Asia/Shanghai,2025-12-30T15:00:00+08:00,close为不复权；风险收益使用pct_chg÷100,千元,TuSharePro.daily,https://tushare.pro/document/1?doc_id=27,Fri Sep 04 2026 20:02:33 GMT+0800 (China Standard Time),公开行情历史快照
000858.SZ,五粮液,2025-08-01,121.0,-0.1238,1491109.255,有行情,日线,Asia/Shanghai,2025-12-30T15:00:00+08:00,close为不复权；风险收益使用pct_chg÷100,千元,TuSharePro.daily,https://tushare.pro/document/1?doc_id=27,Fri Sep 04 2026 20:02:33 GMT+0800 (China Standard Time),公开行情历史快照
002594.SZ,比亚迪,2025-08-01,105.8,0.5321,3816659.558,有行情,日线,Asia/Shanghai,2025-12-30T15:00:00+08:00,close为不复权；风险收益使用pct_chg÷100,千元,TuSharePro.daily,https://tushare.pro/document/1?doc_id=27,Fri Sep 04 2026 20:02:33 GMT+0800 (China Standard Time),公开行情历史快照
300750.SZ,宁德时代,2025-08-01,263.07,-0.5857,6682814.646,有行情,日线,Asia/Shanghai,2025-12-30T15:00:00+08:00,close为不复权；风险收益使用pct_chg÷100,千元,TuSharePro.daily,https://tushare.pro/document/1?doc_id=27,Fri Sep 04 2026 20:02:33 GMT+0800 (China Standard Time),公开行情历史快照
600519.SH,贵州茅台,2025-08-01,1417.0,-0.3285,4200850.79,有行情,日线,Asia/Shanghai,2025-12-30T15:00:00+08:00,close为不复权；风险收益使用pct_chg÷100,千元,TuSharePro.daily,https://tushare.pro/document/1?doc_id=27,Fri Sep 04 2026 20:02:33 GMT+0800 (China Standard Time),公开行情历史快照
601318.SH,中国平安,2025-08-01,58.2,-0.8349,2860162.236,有行情,日线,Asia/Shanghai,2025-12-30T15:00:00+08:00,close为不复权；风险收益使用pct_chg÷100,千元,TuSharePro.daily,https://tushare.pro/document/1?doc_id=27,Fri Sep 04 2026 20:02:33 GMT+0800 (China Standard Time),公开行情历史快照
000333.SZ,美的集团,2025-08-04,70.94,0.2119,1398398.728,有行情,日线,Asia/Shanghai,2025-12-30T15:00:00+08:00,close为不复权；风险收益使用pct_chg÷100,千元,TuSharePro.daily,https://tushare.pro/document/1?doc_id=27,Fri Sep 04 2026 20:02:33 GMT+0800 (China Standard Time),公开行情历史快照
000858.SZ,五粮液,2025-08-04,120.92,-0.0661,1038364.798,有行情,日线,Asia/Shanghai,2025-12-30T15:00:00+08:00,close为不复权；风险收益使用pct_chg÷100,千元,TuSharePro.daily,https://tushare.pro/document/1?doc_id=27,Fri Sep 04 2026 20:02:33 GMT+0800 (China Standard Time),公开行情历史快照
002594.SZ,比亚迪,2025-08-04,104.88,-0.8696,4293903.59,有行情,日线,Asia/Shanghai,2025-12-30T15:00:00+08:00,close为不复权；风险收益使用pct_chg÷100,千元,TuSharePro.daily,https://tushare.pro/document/1?doc_id=27,Fri Sep 04 2026 20:02:33 GMT+0800 (China Standard Time),公开行情历史快照
300750.SZ,宁德时代,2025-08-04,266.48,1.2962,6286238.371,有行情,日线,Asia/Shanghai,2025-12-30T15:00:00+08:00,close为不复权；风险收益使用pct_chg÷100,千元,TuSharePro.daily,https://tushare.pro/document/1?doc_id=27,Fri Sep 04 2026 20:02:33 GMT+0800 (China Standard Time),公开行情历史快照
600519.SH,贵州茅台,2025-08-04,1419.0,0.1411,2647105.74,有行情,日线,Asia/Shanghai,2025-12-30T15:00:00+08:00,close为不复权；风险收益使用pct_chg÷100,千元,TuSharePro.daily,https://tushare.pro/document/1?doc_id=27,Fri Sep 04 2026 20:02:33 GMT+0800 (China Standard Time),公开行情历史快照
601318.SH,中国平安,2025-08-04,58.21,0.0172,2092312.969,有行情,日线,Asia/Shanghai,2025-12-30T15:00:00+08:00,close为不复权；风险收益使用pct_chg÷100,千元,TuSharePro.daily,https://tushare.pro/document/1?doc_id=27,Fri Sep 04 2026 20:02:33 GMT+0800 (China Standard Time),公开行情历史快照
000333.SZ,美的集团,2025-08-05,71.38,0.6202,1365340.86,有行情,日线,Asia/Shanghai,2025-12-30T15:00:00+08:00,close为不复权；风险收益使用pct_chg÷100,千元,TuSharePro.daily,https://tushare.pro/document/1?doc_id=27,Fri Sep 04 2026 20:02:33 GMT+0800 (China Standard Time),公开行情历史快照
000858.SZ,五粮液,2025-08-05,121.95,0.8518,1698256.512,有行情,日线,Asia/Shanghai,2025-12-30T15:00:00+08:00,close为不复权；风险收益使用pct_chg÷100,千元,TuSharePro.daily,https://tushare.pro/document/1?doc_id=27,Fri Sep 04 2026 20:02:33 GMT+0800 (China Standard Time),公开行情历史快照
002594.SZ,比亚迪,2025-08-05,104.86,-0.0191,3539636.64,有行情,日线,Asia/Shanghai,2025-12-30T15:00:00+08:00,close为不复权；风险收益使用pct_chg÷100,千元,TuSharePro.daily,https://tushare.pro/document/1?doc_id=27,Fri Sep 04 2026 20:02:33 GMT+0800 (China Standard Time),公开行情历史快照
300750.SZ,宁德时代,2025-08-05,265.7,-0.2927,5844478.67,有行情,日线,Asia/Shanghai,2025-12-30T15:00:00+08:00,close为不复权；风险收益使用pct_chg÷100,千元,TuSharePro.daily,https://tushare.pro/document/1?doc_id=27,Fri Sep 04 2026 20:02:33 GMT+0800 (China Standard Time),公开行情历史快照
600519.SH,贵州茅台,2025-08-05,1427.74,0.6159,3607931.488,有行情,日线,Asia/Shanghai,2025-12-30T15:00:00+08:00,close为不复权；风险收益使用pct_chg÷100,千元,TuSharePro.daily,https://tushare.pro/document/1?doc_id=27,Fri Sep 04 2026 20:02:33 GMT+0800 (China Standard Time),公开行情历史快照
601318.SH,中国平安,2025-08-05,59.14,1.5977,2837798.909,有行情,日线,Asia/Shanghai,2025-12-30T15:00:00+08:00,close为不复权；风险收益使用pct_chg÷100,千元,TuSharePro.daily,https://tushare.pro/document/1?doc_id=27,Fri Sep 04 2026 20:02:33 GMT+0800 (China Standard Time),公开行情历史快照
000333.SZ,美的集团,2025-08-06,71.7,0.4483,1583549.584,有行情,日线,Asia/Shanghai,2025-12-30T15:00:00+08:00,close为不复权；风险收益使用pct_chg÷100,千元,TuSharePro.daily,https://tushare.pro/document/1?doc_id=27,Fri Sep 04 2026 20:02:33 GMT+0800 (China Standard Time),公开行情历史快照
000858.SZ,五粮液,2025-08-06,122.16,0.1722,1460865.583,有行情,日线,Asia/Shanghai,2025-12-30T15:00:00+08:00,close为不复权；风险收益使用pct_chg÷100,千元,TuSharePro.daily,https://tushare.pro/document/1?doc_id=27,Fri Sep 04 2026 20:02:33 GMT+0800 (China Standard Time),公开行情历史快照
002594.SZ,比亚迪,2025-08-06,104.35,-0.4864,3184784.993,有行情,日线,Asia/Shanghai,2025-12-30T15:00:00+08:00,close为不复权；风险收益使用pct_chg÷100,千元,TuSharePro.daily,https://tushare.pro/document/1?doc_id=27,Fri Sep 04 2026 20:02:33 GMT+0800 (China Standard Time),公开行情历史快照
300750.SZ,宁德时代,2025-08-06,265.0,-0.2635,4058482.396,有行情,日线,Asia/Shanghai,2025-12-30T15:00:00+08:00,close为不复权；风险收益使用pct_chg÷100,千元,TuSharePro.daily,https://tushare.pro/document/1?doc_id=27,Fri Sep 04 2026 20:02:33 GMT+0800 (China Standard Time),公开行情历史快照
600519.SH,贵州茅台,2025-08-06,1423.88,-0.2704,3372334.94,有行情,日线,Asia/Shanghai,2025-12-30T15:00:00+08:00,close为不复权；风险收益使用pct_chg÷100,千元,TuSharePro.daily,https://tushare.pro/document/1?doc_id=27,Fri Sep 04 2026 20:02:33 GMT+0800 (China Standard Time),公开行情历史快照
601318.SH,中国平安,2025-08-06,59.06,-0.1353,1916931.441,有行情,日线,Asia/Shanghai,2025-12-30T15:00:00+08:00,close为不复权；风险收益使用pct_chg÷100,千元,TuSharePro.daily,https://tushare.pro/document/1?doc_id=27,Fri Sep 04 2026 20:02:33 GMT+0800 (China Standard Time),公开行情历史快照
000333.SZ,美的集团,2025-08-07,71.48,-0.3068,1456650.769,有行情,日线,Asia/Shanghai,2025-12-30T15:00:00+08:00,close为不复权；风险收益使用pct_chg÷100,千元,TuSharePro.daily,https://tushare.pro/document/1?doc_id=27,Fri Sep 04 2026 20:02:33 GMT+0800 (China Standard Time),公开行情历史快照
000858.SZ,五粮液,2025-08-07,122.55,0.3193,1419842.885,有行情,日线,Asia/Shanghai,2025-12-30T15:00:00+08:00,close为不复权；风险收益使用pct_chg÷100,千元,TuSharePro.daily,https://tushare.pro/document/1?doc_id=27,Fri Sep 04 2026 20:02:33 GMT+0800 (China Standard Time),公开行情历史快照
002594.SZ,比亚迪,2025-08-07,105.33,0.9391,4526612.773,有行情,日线,Asia/Shanghai,2025-12-30T15:00:00+08:00,close为不复权；风险收益使用pct_chg÷100,千元,TuSharePro.daily,https://tushare.pro/document/1?doc_id=27,Fri Sep 04 2026 20:02:33 GMT+0800 (China Standard Time),公开行情历史快照
300750.SZ,宁德时代,2025-08-07,263.05,-0.7358,4363462.114,有行情,日线,Asia/Shanghai,2025-12-30T15:00:00+08:00,close为不复权；风险收益使用pct_chg÷100,千元,TuSharePro.daily,https://tushare.pro/document/1?doc_id=27,Fri Sep 04 2026 20:02:33 GMT+0800 (China Standard Time),公开行情历史快照
600519.SH,贵州茅台,2025-08-07,1422.35,-0.1075,3988765.795,有行情,日线,Asia/Shanghai,2025-12-30T15:00:00+08:00,close为不复权；风险收益使用pct_chg÷100,千元,TuSharePro.daily,https://tushare.pro/document/1?doc_id=27,Fri Sep 04 2026 20:02:33 GMT+0800 (China Standard Time),公开行情历史快照
601318.SH,中国平安,2025-08-07,58.88,-0.3048,1932522.823,有行情,日线,Asia/Shanghai,2025-12-30T15:00:00+08:00,close为不复权；风险收益使用pct_chg÷100,千元,TuSharePro.daily,https://tushare.pro/document/1?doc_id=27,Fri Sep 04 2026 20:02:33 GMT+0800 (China Standard Time),公开行情历史快照
000333.SZ,美的集团,2025-08-08,71.58,0.1399,1439938.213,有行情,日线,Asia/Shanghai,2025-12-30T15:00:00+08:00,close为不复权；风险收益使用pct_chg÷100,千元,TuSharePro.daily,https://tushare.pro/document/1?doc_id=27,Fri Sep 04 2026 20:02:33 GMT+0800 (China Standard Time),公开行情历史快照
000858.SZ,五粮液,2025-08-08,122.22,-0.2693,1008572.356,有行情,日线,Asia/Shanghai,2025-12-30T15:00:00+08:00,close为不复权；风险收益使用pct_chg÷100,千元,TuSharePro.daily,https://tushare.pro/document/1?doc_id=27,Fri Sep 04 2026 20:02:33 GMT+0800 (China Standard Time),公开行情历史快照
002594.SZ,比亚迪,2025-08-08,103.93,-1.3292,3405317.252,有行情,日线,Asia/Shanghai,2025-12-30T15:00:00+08:00,close为不复权；风险收益使用pct_chg÷100,千元,TuSharePro.daily,https://tushare.pro/document/1?doc_id=27,Fri Sep 04 2026 20:02:33 GMT+0800 (China Standard Time),公开行情历史快照
300750.SZ,宁德时代,2025-08-08,263.48,0.1635,4604736.203,有行情,日线,Asia/Shanghai,2025-12-30T15:00:00+08:00,close为不复权；风险收益使用pct_chg÷100,千元,TuSharePro.daily,https://tushare.pro/document/1?doc_id=27,Fri Sep 04 2026 20:02:33 GMT+0800 (China Standard Time),公开行情历史快照
600519.SH,贵州茅台,2025-08-08,1420.97,-0.097,2651478.118,有行情,日线,Asia/Shanghai,2025-12-30T15:00:00+08:00,close为不复权；风险收益使用pct_chg÷100,千元,TuSharePro.daily,https://tushare.pro/document/1?doc_id=27,Fri Sep 04 2026 20:02:33 GMT+0800 (China Standard Time),公开行情历史快照
601318.SH,中国平安,2025-08-08,58.54,-0.5774,2331643.86,有行情,日线,Asia/Shanghai,2025-12-30T15:00:00+08:00,close为不复权；风险收益使用pct_chg÷100,千元,TuSharePro.daily,https://tushare.pro/document/1?doc_id=27,Fri Sep 04 2026 20:02:33 GMT+0800 (China Standard Time),公开行情历史快照
000333.SZ,美的集团,2025-08-11,71.76,0.2515,1282650.77,有行情,日线,Asia/Shanghai,2025-12-30T15:00:00+08:00,close为不复权；风险收益使用pct_chg÷100,千元,TuSharePro.daily,https://tushare.pro/document/1?doc_id=27,Fri Sep 04 2026 20:02:33 GMT+0800 (China Standard Time),公开行情历史快照
000858.SZ,五粮液,2025-08-11,123.94,1.4073,2257903.784,有行情,日线,Asia/Shanghai,2025-12-30T15:00:00+08:00,close为不复权；风险收益使用pct_chg÷100,千元,TuSharePro.daily,https://tushare.pro/document/1?doc_id=27,Fri Sep 04 2026 20:02:33 GMT+0800 (China Standard Time),公开行情历史快照
002594.SZ,比亚迪,2025-08-11,105.52,1.5299,3741329.572,有行情,日线,Asia/Shanghai,2025-12-30T15:00:00+08:00,close为不复权；风险收益使用pct_chg÷100,千元,TuSharePro.daily,https://tushare.pro/document/1?doc_id=27,Fri Sep 04 2026 20:02:33 GMT+0800 (China Standard Time),公开行情历史快照
300750.SZ,宁德时代,2025-08-11,263.66,0.0683,5627553.11,有行情,日线,Asia/Shanghai,2025-12-30T15:00:00+08:00,close为不复权；风险收益使用pct_chg÷100,千元,TuSharePro.daily,https://tushare.pro/document/1?doc_id=27,Fri Sep 04 2026 20:02:33 GMT+0800 (China Standard Time),公开行情历史快照
600519.SH,贵州茅台,2025-08-11,1445.0,1.6911,6794034.09,有行情,日线,Asia/Shanghai,2025-12-30T15:00:00+08:00,close为不复权；风险收益使用pct_chg÷100,千元,TuSharePro.daily,https://tushare.pro/document/1?doc_id=27,Fri Sep 04 2026 20:02:33 GMT+0800 (China Standard Time),公开行情历史快照
601318.SH,中国平安,2025-08-11,58.47,-0.1196,2535939.661,有行情,日线,Asia/Shanghai,2025-12-30T15:00:00+08:00,close为不复权；风险收益使用pct_chg÷100,千元,TuSharePro.daily,https://tushare.pro/document/1?doc_id=27,Fri Sep 04 2026 20:02:33 GMT+0800 (China Standard Time),公开行情历史快照
000333.SZ,美的集团,2025-08-12,71.93,0.2369,1734351.324,有行情,日线,Asia/Shanghai,2025-12-30T15:00:00+08:00,close为不复权；风险收益使用pct_chg÷100,千元,TuSharePro.daily,https://tushare.pro/document/1?doc_id=27,Fri Sep 04 2026 20:02:33 GMT+0800 (China Standard Time),公开行情历史快照
000858.SZ,五粮液,2025-08-12,123.19,-0.6051,2625229.654,有行情,日线,Asia/Shanghai,2025-12-30T15:00:00+08:00,close为不复权；风险收益使用pct_chg÷100,千元,TuSharePro.daily,https://tushare.pro/document/1?doc_id=27,Fri Sep 04 2026 20:02:33 GMT+0800 (China Standard Time),公开行情历史快照
002594.SZ,比亚迪,2025-08-12,105.67,0.1422,3302639.096,有行情,日线,Asia/Shanghai,2025-12-30T15:00:00+08:00,close为不复权；风险收益使用pct_chg÷100,千元,TuSharePro.daily,https://tushare.pro/document/1?doc_id=27,Fri Sep 04 2026 20:02:33 GMT+0800 (China Standard Time),公开行情历史快照
300750.SZ,宁德时代,2025-08-12,263.25,-0.1555,5829140.856,有行情,日线,Asia/Shanghai,2025-12-30T15:00:00+08:00,close为不复权；风险收益使用pct_chg÷100,千元,TuSharePro.daily,https://tushare.pro/document/1?doc_id=27,Fri Sep 04 2026 20:02:33 GMT+0800 (China Standard Time),公开行情历史快照
600519.SH,贵州茅台,2025-08-12,1437.04,-0.5509,6095342.036,有行情,日线,Asia/Shanghai,2025-12-30T15:00:00+08:00,close为不复权；风险收益使用pct_chg÷100,千元,TuSharePro.daily,https://tushare.pro/document/1?doc_id=27,Fri Sep 04 2026 20:02:33 GMT+0800 (China Standard Time),公开行情历史快照
601318.SH,中国平安,2025-08-12,58.75,0.4789,2507882.892,有行情,日线,Asia/Shanghai,2025-12-30T15:00:00+08:00,close为不复权；风险收益使用pct_chg÷100,千元,TuSharePro.daily,https://tushare.pro/document/1?doc_id=27,Fri Sep 04 2026 20:02:33 GMT+0800 (China Standard Time),公开行情历史快照
000333.SZ,美的集团,2025-08-13,71.82,-0.1529,1827058.28,有行情,日线,Asia/Shanghai,2025-12-30T15:00:00+08:00,close为不复权；风险收益使用pct_chg÷100,千元,TuSharePro.daily,https://tushare.pro/document/1?doc_id=27,Fri Sep 04 2026 20:02:33 GMT+0800 (China Standard Time),公开行情历史快照
000858.SZ,五粮液,2025-08-13,123.19,0.0,1916294.686,有行情,日线,Asia/Shanghai,2025-12-30T15:00:00+08:00,close为不复权；风险收益使用pct_chg÷100,千元,TuSharePro.daily,https://tushare.pro/document/1?doc_id=27,Fri Sep 04 2026 20:02:33 GMT+0800 (China Standard Time),公开行情历史快照
002594.SZ,比亚迪,2025-08-13,106.83,1.0978,4908744.877,有行情,日线,Asia/Shanghai,2025-12-30T15:00:00+08:00,close为不复权；风险收益使用pct_chg÷100,千元,TuSharePro.daily,https://tushare.pro/document/1?doc_id=27,Fri Sep 04 2026 20:02:33 GMT+0800 (China Standard Time),公开行情历史快照
300750.SZ,宁德时代,2025-08-13,273.6,3.9316,10661084.797,有行情,日线,Asia/Shanghai,2025-12-30T15:00:00+08:00,close为不复权；风险收益使用pct_chg÷100,千元,TuSharePro.daily,https://tushare.pro/document/1?doc_id=27,Fri Sep 04 2026 20:02:33 GMT+0800 (China Standard Time),公开行情历史快照
600519.SH,贵州茅台,2025-08-13,1420.05,-1.1823,9325460.101,有行情,日线,Asia/Shanghai,2025-12-30T15:00:00+08:00,close为不复权；风险收益使用pct_chg÷100,千元,TuSharePro.daily,https://tushare.pro/document/1?doc_id=27,Fri Sep 04 2026 20:02:33 GMT+0800 (China Standard Time),公开行情历史快照
601318.SH,中国平安,2025-08-13,58.61,-0.2383,4285477.115,有行情,日线,Asia/Shanghai,2025-12-30T15:00:00+08:00,close为不复权；风险收益使用pct_chg÷100,千元,TuSharePro.daily,https://tushare.pro/document/1?doc_id=27,Fri Sep 04 2026 20:02:33 GMT+0800 (China Standard Time),公开行情历史快照
000333.SZ,美的集团,2025-08-14,72.33,0.7101,3301054.398,有行情,日线,Asia/Shanghai,2025-12-30T15:00:00+08:00,close为不复权；风险收益使用pct_chg÷100,千元,TuSharePro.daily,https://tushare.pro/document/1?doc_id=27,Fri Sep 04 2026 20:02:33 GMT+0800 (China Standard Time),公开行情历史快照
000858.SZ,五粮液,2025-08-14,122.84,-0.2841,2461442.362,有行情,日线,Asia/Shanghai,2025-12-30T15:00:00+08:00,close为不复权；风险收益使用pct_chg÷100,千元,TuSharePro.daily,https://tushare.pro/document/1?doc_id=27,Fri Sep 04 2026 20:02:33 GMT+0800 (China Standard Time),公开行情历史快照
002594.SZ,比亚迪,2025-08-14,106.37,-0.4306,4478119.017,有行情,日线,Asia/Shanghai,2025-12-30T15:00:00+08:00,close为不复权；风险收益使用pct_chg÷100,千元,TuSharePro.daily,https://tushare.pro/document/1?doc_id=27,Fri Sep 04 2026 20:02:33 GMT+0800 (China Standard Time),公开行情历史快照
300750.SZ,宁德时代,2025-08-14,279.89,2.299,10378442.059,有行情,日线,Asia/Shanghai,2025-12-30T15:00:00+08:00,close为不复权；风险收益使用pct_chg÷100,千元,TuSharePro.daily,https://tushare.pro/document/1?doc_id=27,Fri Sep 04 2026 20:02:33 GMT+0800 (China Standard Time),公开行情历史快照
600519.SH,贵州茅台,2025-08-14,1426.99,0.4887,6897535.33,有行情,日线,Asia/Shanghai,2025-12-30T15:00:00+08:00,close为不复权；风险收益使用pct_chg÷100,千元,TuSharePro.daily,https://tushare.pro/document/1?doc_id=27,Fri Sep 04 2026 20:02:33 GMT+0800 (China Standard Time),公开行情历史快照
601318.SH,中国平安,2025-08-14,59.62,1.7233,6132887.145,有行情,日线,Asia/Shanghai,2025-12-30T15:00:00+08:00,close为不复权；风险收益使用pct_chg÷100,千元,TuSharePro.daily,https://tushare.pro/document/1?doc_id=27,Fri Sep 04 2026 20:02:33 GMT+0800 (China Standard Time),公开行情历史快照
000333.SZ,美的集团,2025-08-15,72.3,-0.0415,1980637.245,有行情,日线,Asia/Shanghai,2025-12-30T15:00:00+08:00,close为不复权；风险收益使用pct_chg÷100,千元,TuSharePro.daily,https://tushare.pro/document/1?doc_id=27,Fri Sep 04 2026 20:02:33 GMT+0800 (China Standard Time),公开行情历史快照
000858.SZ,五粮液,2025-08-15,123.1,0.2117,2376497.642,有行情,日线,Asia/Shanghai,2025-12-30T15:00:00+08:00,close为不复权；风险收益使用pct_chg÷100,千元,TuSharePro.daily,https://tushare.pro/document/1?doc_id=27,Fri Sep 04 2026 20:02:33 GMT+0800 (China Standard Time),公开行情历史快照
002594.SZ,比亚迪,2025-08-15,106.07,-0.282,3831047.052,有行情,日线,Asia/Shanghai,2025-12-30T15:00:00+08:00,close为不复权；风险收益使用pct_chg÷100,千元,TuSharePro.daily,https://tushare.pro/document/1?doc_id=27,Fri Sep 04 2026 20:02:33 GMT+0800 (China Standard Time),公开行情历史快照
300750.SZ,宁德时代,2025-08-15,280.67,0.2787,6735591.187,有行情,日线,Asia/Shanghai,2025-12-30T15:00:00+08:00,close为不复权；风险收益使用pct_chg÷100,千元,TuSharePro.daily,https://tushare.pro/document/1?doc_id=27,Fri Sep 04 2026 20:02:33 GMT+0800 (China Standard Time),公开行情历史快照
600519.SH,贵州茅台,2025-08-15,1422.08,-0.3441,6772436.997,有行情,日线,Asia/Shanghai,2025-12-30T15:00:00+08:00,close为不复权；风险收益使用pct_chg÷100,千元,TuSharePro.daily,https://tushare.pro/document/1?doc_id=27,Fri Sep 04 2026 20:02:33 GMT+0800 (China Standard Time),公开行情历史快照
601318.SH,中国平安,2025-08-15,59.8,0.3019,5342602.447,有行情,日线,Asia/Shanghai,2025-12-30T15:00:00+08:00,close为不复权；风险收益使用pct_chg÷100,千元,TuSharePro.daily,https://tushare.pro/document/1?doc_id=27,Fri Sep 04 2026 20:02:33 GMT+0800 (China Standard Time),公开行情历史快照
000333.SZ,美的集团,2025-08-18,71.84,-0.6362,3906936.963,有行情,日线,Asia/Shanghai,2025-12-30T15:00:00+08:00,close为不复权；风险收益使用pct_chg÷100,千元,TuSharePro.daily,https://tushare.pro/document/1?doc_id=27,Fri Sep 04 2026 20:02:33 GMT+0800 (China Standard Time),公开行情历史快照
000858.SZ,五粮液,2025-08-18,123.75,0.528,3163846.038,有行情,日线,Asia/Shanghai,2025-12-30T15:00:00+08:00,close为不复权；风险收益使用pct_chg÷100,千元,TuSharePro.daily,https://tushare.pro/document/1?doc_id=27,Fri Sep 04 2026 20:02:33 GMT+0800 (China Standard Time),公开行情历史快照
002594.SZ,比亚迪,2025-08-18,108.37,2.1684,6680761.816,有行情,日线,Asia/Shanghai,2025-12-30T15:00:00+08:00,close为不复权；风险收益使用pct_chg÷100,千元,TuSharePro.daily,https://tushare.pro/document/1?doc_id=27,Fri Sep 04 2026 20:02:33 GMT+0800 (China Standard Time),公开行情历史快照
300750.SZ,宁德时代,2025-08-18,283.0,0.8302,8056186.542,有行情,日线,Asia/Shanghai,2025-12-30T15:00:00+08:00,close为不复权；风险收益使用pct_chg÷100,千元,TuSharePro.daily,https://tushare.pro/document/1?doc_id=27,Fri Sep 04 2026 20:02:33 GMT+0800 (China Standard Time),公开行情历史快照
600519.SH,贵州茅台,2025-08-18,1428.5,0.4515,6773477.871,有行情,日线,Asia/Shanghai,2025-12-30T15:00:00+08:00,close为不复权；风险收益使用pct_chg÷100,千元,TuSharePro.daily,https://tushare.pro/document/1?doc_id=27,Fri Sep 04 2026 20:02:33 GMT+0800 (China Standard Time),公开行情历史快照
601318.SH,中国平安,2025-08-18,59.34,-0.7692,5730767.23,有行情,日线,Asia/Shanghai,2025-12-30T15:00:00+08:00,close为不复权；风险收益使用pct_chg÷100,千元,TuSharePro.daily,https://tushare.pro/document/1?doc_id=27,Fri Sep 04 2026 20:02:33 GMT+0800 (China Standard Time),公开行情历史快照
000333.SZ,美的集团,2025-08-19,72.68,1.1693,3916336.802,有行情,日线,Asia/Shanghai,2025-12-30T15:00:00+08:00,close为不复权；风险收益使用pct_chg÷100,千元,TuSharePro.daily,https://tushare.pro/document/1?doc_id=27,Fri Sep 04 2026 20:02:33 GMT+0800 (China Standard Time),公开行情历史快照
000858.SZ,五粮液,2025-08-19,124.41,0.5333,4087820.978,有行情,日线,Asia/Shanghai,2025-12-30T15:00:00+08:00,close为不复权；风险收益使用pct_chg÷100,千元,TuSharePro.daily,https://tushare.pro/document/1?doc_id=27,Fri Sep 04 2026 20:02:33 GMT+0800 (China Standard Time),公开行情历史快照
002594.SZ,比亚迪,2025-08-19,107.63,-0.6828,4205349.329,有行情,日线,Asia/Shanghai,2025-12-30T15:00:00+08:00,close为不复权；风险收益使用pct_chg÷100,千元,TuSharePro.daily,https://tushare.pro/document/1?doc_id=27,Fri Sep 04 2026 20:02:33 GMT+0800 (China Standard Time),公开行情历史快照
300750.SZ,宁德时代,2025-08-19,277.8,-1.8375,6816442.573,有行情,日线,Asia/Shanghai,2025-12-30T15:00:00+08:00,close为不复权；风险收益使用pct_chg÷100,千元,TuSharePro.daily,https://tushare.pro/document/1?doc_id=27,Fri Sep 04 2026 20:02:33 GMT+0800 (China Standard Time),公开行情历史快照
600519.SH,贵州茅台,2025-08-19,1438.0,0.665,6678541.001,有行情,日线,Asia/Shanghai,2025-12-30T15:00:00+08:00,close为不复权；风险收益使用pct_chg÷100,千元,TuSharePro.daily,https://tushare.pro/document/1?doc_id=27,Fri Sep 04 2026 20:02:33 GMT+0800 (China Standard Time),公开行情历史快照
601318.SH,中国平安,2025-08-19,58.2,-1.9211,5626016.6,有行情,日线,Asia/Shanghai,2025-12-30T15:00:00+08:00,close为不复权；风险收益使用pct_chg÷100,千元,TuSharePro.daily,https://tushare.pro/document/1?doc_id=27,Fri Sep 04 2026 20:02:33 GMT+0800 (China Standard Time),公开行情历史快照
000333.SZ,美的集团,2025-08-20,72.22,-0.6329,2901846.346,有行情,日线,Asia/Shanghai,2025-12-30T15:00:00+08:00,close为不复权；风险收益使用pct_chg÷100,千元,TuSharePro.daily,https://tushare.pro/document/1?doc_id=27,Fri Sep 04 2026 20:02:33 GMT+0800 (China Standard Time),公开行情历史快照
000858.SZ,五粮液,2025-08-20,125.78,1.1012,5083056.591,有行情,日线,Asia/Shanghai,2025-12-30T15:00:00+08:00,close为不复权；风险收益使用pct_chg÷100,千元,TuSharePro.daily,https://tushare.pro/document/1?doc_id=27,Fri Sep 04 2026 20:02:33 GMT+0800 (China Standard Time),公开行情历史快照
002594.SZ,比亚迪,2025-08-20,108.25,0.576,4130459.252,有行情,日线,Asia/Shanghai,2025-12-30T15:00:00+08:00,close为不复权；风险收益使用pct_chg÷100,千元,TuSharePro.daily,https://tushare.pro/document/1?doc_id=27,Fri Sep 04 2026 20:02:33 GMT+0800 (China Standard Time),公开行情历史快照
300750.SZ,宁德时代,2025-08-20,279.2,0.8671,6414344.337,有行情,日线,Asia/Shanghai,2025-12-30T15:00:00+08:00,close为不复权；风险收益使用pct_chg÷100,千元,TuSharePro.daily,https://tushare.pro/document/1?doc_id=27,Fri Sep 04 2026 20:02:33 GMT+0800 (China Standard Time),公开行情历史快照
600519.SH,贵州茅台,2025-08-20,1450.0,0.8345,6623095.725,有行情,日线,Asia/Shanghai,2025-12-30T15:00:00+08:00,close为不复权；风险收益使用pct_chg÷100,千元,TuSharePro.daily,https://tushare.pro/document/1?doc_id=27,Fri Sep 04 2026 20:02:33 GMT+0800 (China Standard Time),公开行情历史快照
601318.SH,中国平安,2025-08-20,59.2,1.7182,4453267.555,有行情,日线,Asia/Shanghai,2025-12-30T15:00:00+08:00,close为不复权；风险收益使用pct_chg÷100,千元,TuSharePro.daily,https://tushare.pro/document/1?doc_id=27,Fri Sep 04 2026 20:02:33 GMT+0800 (China Standard Time),公开行情历史快照
000333.SZ,美的集团,2025-08-21,71.92,-0.4154,2436115.382,有行情,日线,Asia/Shanghai,2025-12-30T15:00:00+08:00,close为不复权；风险收益使用pct_chg÷100,千元,TuSharePro.daily,https://tushare.pro/document/1?doc_id=27,Fri Sep 04 2026 20:02:33 GMT+0800 (China Standard Time),公开行情历史快照
000858.SZ,五粮液,2025-08-21,125.45,-0.2624,2908492.491,有行情,日线,Asia/Shanghai,2025-12-30T15:00:00+08:00,close为不复权；风险收益使用pct_chg÷100,千元,TuSharePro.daily,https://tushare.pro/document/1?doc_id=27,Fri Sep 04 2026 20:02:33 GMT+0800 (China Standard Time),公开行情历史快照
002594.SZ,比亚迪,2025-08-21,107.1,-1.0624,4843670.255,有行情,日线,Asia/Shanghai,2025-12-30T15:00:00+08:00,close为不复权；风险收益使用pct_chg÷100,千元,TuSharePro.daily,https://tushare.pro/document/1?doc_id=27,Fri Sep 04 2026 20:02:33 GMT+0800 (China Standard Time),公开行情历史快照
300750.SZ,宁德时代,2025-08-21,279.0,-0.0716,5103914.721,有行情,日线,Asia/Shanghai,2025-12-30T15:00:00+08:00,close为不复权；风险收益使用pct_chg÷100,千元,TuSharePro.daily,https://tushare.pro/document/1?doc_id=27,Fri Sep 04 2026 20:02:33 GMT+0800 (China Standard Time),公开行情历史快照
600519.SH,贵州茅台,2025-08-21,1448.25,-0.1207,4470441.662,有行情,日线,Asia/Shanghai,2025-12-30T15:00:00+08:00,close为不复权；风险收益使用pct_chg÷100,千元,TuSharePro.daily,https://tushare.pro/document/1?doc_id=27,Fri Sep 04 2026 20:02:33 GMT+0800 (China Standard Time),公开行情历史快照
601318.SH,中国平安,2025-08-21,59.62,0.7095,3420554.066,有行情,日线,Asia/Shanghai,2025-12-30T15:00:00+08:00,close为不复权；风险收益使用pct_chg÷100,千元,TuSharePro.daily,https://tushare.pro/document/1?doc_id=27,Fri Sep 04 2026 20:02:33 GMT+0800 (China Standard Time),公开行情历史快照
000333.SZ,美的集团,2025-08-22,72.09,0.2364,2814332.706,有行情,日线,Asia/Shanghai,2025-12-30T15:00:00+08:00,close为不复权；风险收益使用pct_chg÷100,千元,TuSharePro.daily,https://tushare.pro/document/1?doc_id=27,Fri Sep 04 2026 20:02:33 GMT+0800 (China Standard Time),公开行情历史快照
000858.SZ,五粮液,2025-08-22,125.79,0.271,2567683.361,有行情,日线,Asia/Shanghai,2025-12-30T15:00:00+08:00,close为不复权；风险收益使用pct_chg÷100,千元,TuSharePro.daily,https://tushare.pro/document/1?doc_id=27,Fri Sep 04 2026 20:02:33 GMT+0800 (China Standard Time),公开行情历史快照
002594.SZ,比亚迪,2025-08-22,110.66,3.324,8351469.726,有行情,日线,Asia/Shanghai,2025-12-30T15:00:00+08:00,close为不复权；风险收益使用pct_chg÷100,千元,TuSharePro.daily,https://tushare.pro/document/1?doc_id=27,Fri Sep 04 2026 20:02:33 GMT+0800 (China Standard Time),公开行情历史快照
300750.SZ,宁德时代,2025-08-22,287.18,2.9319,7543698.628,有行情,日线,Asia/Shanghai,2025-12-30T15:00:00+08:00,close为不复权；风险收益使用pct_chg÷100,千元,TuSharePro.daily,https://tushare.pro/document/1?doc_id=27,Fri Sep 04 2026 20:02:33 GMT+0800 (China Standard Time),公开行情历史快照
600519.SH,贵州茅台,2025-08-22,1463.95,1.0841,6544867.368,有行情,日线,Asia/Shanghai,2025-12-30T15:00:00+08:00,close为不复权；风险收益使用pct_chg÷100,千元,TuSharePro.daily,https://tushare.pro/document/1?doc_id=27,Fri Sep 04 2026 20:02:33 GMT+0800 (China Standard Time),公开行情历史快照
601318.SH,中国平安,2025-08-22,60.5,1.476,4689312.103,有行情,日线,Asia/Shanghai,2025-12-30T15:00:00+08:00,close为不复权；风险收益使用pct_chg÷100,千元,TuSharePro.daily,https://tushare.pro/document/1?doc_id=27,Fri Sep 04 2026 20:02:33 GMT+0800 (China Standard Time),公开行情历史快照
000333.SZ,美的集团,2025-08-25,73.52,1.9836,5110086.586,有行情,日线,Asia/Shanghai,2025-12-30T15:00:00+08:00,close为不复权；风险收益使用pct_chg÷100,千元,TuSharePro.daily,https://tushare.pro/document/1?doc_id=27,Fri Sep 04 2026 20:02:33 GMT+0800 (China Standard Time),公开行情历史快照
000858.SZ,五粮液,2025-08-25,129.93,3.2912,6165955.081,有行情,日线,Asia/Shanghai,2025-12-30T15:00:00+08:00,close为不复权；风险收益使用pct_chg÷100,千元,TuSharePro.daily,https://tushare.pro/document/1?doc_id=27,Fri Sep 04 2026 20:02:33 GMT+0800 (China Standard Time),公开行情历史快照
002594.SZ,比亚迪,2025-08-25,111.61,0.8585,6803182.883,有行情,日线,Asia/Shanghai,2025-12-30T15:00:00+08:00,close为不复权；风险收益使用pct_chg÷100,千元,TuSharePro.daily,https://tushare.pro/document/1?doc_id=27,Fri Sep 04 2026 20:02:33 GMT+0800 (China Standard Time),公开行情历史快照
300750.SZ,宁德时代,2025-08-25,290.28,1.0795,9046692.965,有行情,日线,Asia/Shanghai,2025-12-30T15:00:00+08:00,close为不复权；风险收益使用pct_chg÷100,千元,TuSharePro.daily,https://tushare.pro/document/1?doc_id=27,Fri Sep 04 2026 20:02:33 GMT+0800 (China Standard Time),公开行情历史快照
600519.SH,贵州茅台,2025-08-25,1490.33,1.802,9676719.498,有行情,日线,Asia/Shanghai,2025-12-30T15:00:00+08:00,close为不复权；风险收益使用pct_chg÷100,千元,TuSharePro.daily,https://tushare.pro/document/1?doc_id=27,Fri Sep 04 2026 20:02:33 GMT+0800 (China Standard Time),公开行情历史快照
601318.SH,中国平安,2025-08-25,61.0,0.8264,4065994.394,有行情,日线,Asia/Shanghai,2025-12-30T15:00:00+08:00,close为不复权；风险收益使用pct_chg÷100,千元,TuSharePro.daily,https://tushare.pro/document/1?doc_id=27,Fri Sep 04 2026 20:02:33 GMT+0800 (China Standard Time),公开行情历史快照
000333.SZ,美的集团,2025-08-26,73.8,0.3808,3417986.336,有行情,日线,Asia/Shanghai,2025-12-30T15:00:00+08:00,close为不复权；风险收益使用pct_chg÷100,千元,TuSharePro.daily,https://tushare.pro/document/1?doc_id=27,Fri Sep 04 2026 20:02:33 GMT+0800 (China Standard Time),公开行情历史快照
000858.SZ,五粮液,2025-08-26,129.74,-0.1462,4552425.053,有行情,日线,Asia/Shanghai,2025-12-30T15:00:00+08:00,close为不复权；风险收益使用pct_chg÷100,千元,TuSharePro.daily,https://tushare.pro/document/1?doc_id=27,Fri Sep 04 2026 20:02:33 GMT+0800 (China Standard Time),公开行情历史快照
002594.SZ,比亚迪,2025-08-26,113.75,1.9174,7850511.029,有行情,日线,Asia/Shanghai,2025-12-30T15:00:00+08:00,close为不复权；风险收益使用pct_chg÷100,千元,TuSharePro.daily,https://tushare.pro/document/1?doc_id=27,Fri Sep 04 2026 20:02:33 GMT+0800 (China Standard Time),公开行情历史快照
300750.SZ,宁德时代,2025-08-26,289.5,-0.2687,6648848.315,有行情,日线,Asia/Shanghai,2025-12-30T15:00:00+08:00,close为不复权；风险收益使用pct_chg÷100,千元,TuSharePro.daily,https://tushare.pro/document/1?doc_id=27,Fri Sep 04 2026 20:02:33 GMT+0800 (China Standard Time),公开行情历史快照
600519.SH,贵州茅台,2025-08-26,1481.61,-0.5851,5883917.0,有行情,日线,Asia/Shanghai,2025-12-30T15:00:00+08:00,close为不复权；风险收益使用pct_chg÷100,千元,TuSharePro.daily,https://tushare.pro/document/1?doc_id=27,Fri Sep 04 2026 20:02:33 GMT+0800 (China Standard Time),公开行情历史快照
601318.SH,中国平安,2025-08-26,60.52,-0.7869,2984830.238,有行情,日线,Asia/Shanghai,2025-12-30T15:00:00+08:00,close为不复权；风险收益使用pct_chg÷100,千元,TuSharePro.daily,https://tushare.pro/document/1?doc_id=27,Fri Sep 04 2026 20:02:33 GMT+0800 (China Standard Time),公开行情历史快照
000333.SZ,美的集团,2025-08-27,72.71,-1.477,3605612.81,有行情,日线,Asia/Shanghai,2025-12-30T15:00:00+08:00,close为不复权；风险收益使用pct_chg÷100,千元,TuSharePro.daily,https://tushare.pro/document/1?doc_id=27,Fri Sep 04 2026 20:02:33 GMT+0800 (China Standard Time),公开行情历史快照
000858.SZ,五粮液,2025-08-27,126.62,-2.4048,4441325.744,有行情,日线,Asia/Shanghai,2025-12-30T15:00:00+08:00,close为不复权；风险收益使用pct_chg÷100,千元,TuSharePro.daily,https://tushare.pro/document/1?doc_id=27,Fri Sep 04 2026 20:02:33 GMT+0800 (China Standard Time),公开行情历史快照
002594.SZ,比亚迪,2025-08-27,110.68,-2.6989,7761766.931,有行情,日线,Asia/Shanghai,2025-12-30T15:00:00+08:00,close为不复权；风险收益使用pct_chg÷100,千元,TuSharePro.daily,https://tushare.pro/document/1?doc_id=27,Fri Sep 04 2026 20:02:33 GMT+0800 (China Standard Time),公开行情历史快照
300750.SZ,宁德时代,2025-08-27,278.3,-3.8687,10859010.3,有行情,日线,Asia/Shanghai,2025-12-30T15:00:00+08:00,close为不复权；风险收益使用pct_chg÷100,千元,TuSharePro.daily,https://tushare.pro/document/1?doc_id=27,Fri Sep 04 2026 20:02:33 GMT+0800 (China Standard Time),公开行情历史快照
600519.SH,贵州茅台,2025-08-27,1448.0,-2.2685,8184169.113,有行情,日线,Asia/Shanghai,2025-12-30T15:00:00+08:00,close为不复权；风险收益使用pct_chg÷100,千元,TuSharePro.daily,https://tushare.pro/document/1?doc_id=27,Fri Sep 04 2026 20:02:33 GMT+0800 (China Standard Time),公开行情历史快照
601318.SH,中国平安,2025-08-27,58.69,-3.0238,6325335.934,有行情,日线,Asia/Shanghai,2025-12-30T15:00:00+08:00,close为不复权；风险收益使用pct_chg÷100,千元,TuSharePro.daily,https://tushare.pro/document/1?doc_id=27,Fri Sep 04 2026 20:02:33 GMT+0800 (China Standard Time),公开行情历史快照
000333.SZ,美的集团,2025-08-28,73.5,1.0865,3171280.84,有行情,日线,Asia/Shanghai,2025-12-30T15:00:00+08:00,close为不复权；风险收益使用pct_chg÷100,千元,TuSharePro.daily,https://tushare.pro/document/1?doc_id=27,Fri Sep 04 2026 20:02:33 GMT+0800 (China Standard Time),公开行情历史快照
000858.SZ,五粮液,2025-08-28,125.47,-0.9082,4340085.829,有行情,日线,Asia/Shanghai,2025-12-30T15:00:00+08:00,close为不复权；风险收益使用pct_chg÷100,千元,TuSharePro.daily,https://tushare.pro/document/1?doc_id=27,Fri Sep 04 2026 20:02:33 GMT+0800 (China Standard Time),公开行情历史快照
002594.SZ,比亚迪,2025-08-28,109.32,-1.2288,8278465.956,有行情,日线,Asia/Shanghai,2025-12-30T15:00:00+08:00,close为不复权；风险收益使用pct_chg÷100,千元,TuSharePro.daily,https://tushare.pro/document/1?doc_id=27,Fri Sep 04 2026 20:02:33 GMT+0800 (China Standard Time),公开行情历史快照
300750.SZ,宁德时代,2025-08-28,277.41,-0.3198,8407974.991,有行情,日线,Asia/Shanghai,2025-12-30T15:00:00+08:00,close为不复权；风险收益使用pct_chg÷100,千元,TuSharePro.daily,https://tushare.pro/document/1?doc_id=27,Fri Sep 04 2026 20:02:33 GMT+0800 (China Standard Time),公开行情历史快照
600519.SH,贵州茅台,2025-08-28,1446.1,-0.1312,5683673.273,有行情,日线,Asia/Shanghai,2025-12-30T15:00:00+08:00,close为不复权；风险收益使用pct_chg÷100,千元,TuSharePro.daily,https://tushare.pro/document/1?doc_id=27,Fri Sep 04 2026 20:02:33 GMT+0800 (China Standard Time),公开行情历史快照
601318.SH,中国平安,2025-08-28,58.84,0.2556,3734301.053,有行情,日线,Asia/Shanghai,2025-12-30T15:00:00+08:00,close为不复权；风险收益使用pct_chg÷100,千元,TuSharePro.daily,https://tushare.pro/document/1?doc_id=27,Fri Sep 04 2026 20:02:33 GMT+0800 (China Standard Time),公开行情历史快照
000333.SZ,美的集团,2025-08-29,73.71,0.2857,4210933.505,有行情,日线,Asia/Shanghai,2025-12-30T15:00:00+08:00,close为不复权；风险收益使用pct_chg÷100,千元,TuSharePro.daily,https://tushare.pro/document/1?doc_id=27,Fri Sep 04 2026 20:02:33 GMT+0800 (China Standard Time),公开行情历史快照
000858.SZ,五粮液,2025-08-29,129.53,3.2358,5610236.643,有行情,日线,Asia/Shanghai,2025-12-30T15:00:00+08:00,close为不复权；风险收益使用pct_chg÷100,千元,TuSharePro.daily,https://tushare.pro/document/1?doc_id=27,Fri Sep 04 2026 20:02:33 GMT+0800 (China Standard Time),公开行情历史快照
002594.SZ,比亚迪,2025-08-29,114.06,4.3359,12973326.091,有行情,日线,Asia/Shanghai,2025-12-30T15:00:00+08:00,close为不复权；风险收益使用pct_chg÷100,千元,TuSharePro.daily,https://tushare.pro/document/1?doc_id=27,Fri Sep 04 2026 20:02:33 GMT+0800 (China Standard Time),公开行情历史快照
300750.SZ,宁德时代,2025-08-29,306.18,10.3709,23482893.637,有行情,日线,Asia/Shanghai,2025-12-30T15:00:00+08:00,close为不复权；风险收益使用pct_chg÷100,千元,TuSharePro.daily,https://tushare.pro/document/1?doc_id=27,Fri Sep 04 2026 20:02:33 GMT+0800 (China Standard Time),公开行情历史快照
600519.SH,贵州茅台,2025-08-29,1480.0,2.3442,9159701.454,有行情,日线,Asia/Shanghai,2025-12-30T15:00:00+08:00,close为不复权；风险收益使用pct_chg÷100,千元,TuSharePro.daily,https://tushare.pro/document/1?doc_id=27,Fri Sep 04 2026 20:02:33 GMT+0800 (China Standard Time),公开行情历史快照
601318.SH,中国平安,2025-08-29,59.88,1.7675,6488619.82,有行情,日线,Asia/Shanghai,2025-12-30T15:00:00+08:00,close为不复权；风险收益使用pct_chg÷100,千元,TuSharePro.daily,https://tushare.pro/document/1?doc_id=27,Fri Sep 04 2026 20:02:33 GMT+0800 (China Standard Time),公开行情历史快照
000333.SZ,美的集团,2025-09-01,74.03,0.4341,5792738.594,有行情,日线,Asia/Shanghai,2025-12-30T15:00:00+08:00,close为不复权；风险收益使用pct_chg÷100,千元,TuSharePro.daily,https://tushare.pro/document/1?doc_id=27,Fri Sep 04 2026 20:02:33 GMT+0800 (China Standard Time),公开行情历史快照
000858.SZ,五粮液,2025-09-01,128.87,-0.5095,4074402.941,有行情,日线,Asia/Shanghai,2025-12-30T15:00:00+08:00,close为不复权；风险收益使用pct_chg÷100,千元,TuSharePro.daily,https://tushare.pro/document/1?doc_id=27,Fri Sep 04 2026 20:02:33 GMT+0800 (China Standard Time),公开行情历史快照
002594.SZ,比亚迪,2025-09-01,109.7,-3.8225,14546890.247,有行情,日线,Asia/Shanghai,2025-12-30T15:00:00+08:00,close为不复权；风险收益使用pct_chg÷100,千元,TuSharePro.daily,https://tushare.pro/document/1?doc_id=27,Fri Sep 04 2026 20:02:33 GMT+0800 (China Standard Time),公开行情历史快照
300750.SZ,宁德时代,2025-09-01,304.0,-0.712,13012795.663,有行情,日线,Asia/Shanghai,2025-12-30T15:00:00+08:00,close为不复权；风险收益使用pct_chg÷100,千元,TuSharePro.daily,https://tushare.pro/document/1?doc_id=27,Fri Sep 04 2026 20:02:33 GMT+0800 (China Standard Time),公开行情历史快照
600519.SH,贵州茅台,2025-09-01,1476.1,-0.2635,6658918.555,有行情,日线,Asia/Shanghai,2025-12-30T15:00:00+08:00,close为不复权；风险收益使用pct_chg÷100,千元,TuSharePro.daily,https://tushare.pro/document/1?doc_id=27,Fri Sep 04 2026 20:02:33 GMT+0800 (China Standard Time),公开行情历史快照
601318.SH,中国平安,2025-09-01,58.51,-2.2879,5566516.443,有行情,日线,Asia/Shanghai,2025-12-30T15:00:00+08:00,close为不复权；风险收益使用pct_chg÷100,千元,TuSharePro.daily,https://tushare.pro/document/1?doc_id=27,Fri Sep 04 2026 20:02:33 GMT+0800 (China Standard Time),公开行情历史快照
000333.SZ,美的集团,2025-09-02,76.16,2.8772,6106472.167,有行情,日线,Asia/Shanghai,2025-12-30T15:00:00+08:00,close为不复权；风险收益使用pct_chg÷100,千元,TuSharePro.daily,https://tushare.pro/document/1?doc_id=27,Fri Sep 04 2026 20:02:33 GMT+0800 (China Standard Time),公开行情历史快照
000858.SZ,五粮液,2025-09-02,128.56,-0.2406,4522779.365,有行情,日线,Asia/Shanghai,2025-12-30T15:00:00+08:00,close为不复权；风险收益使用pct_chg÷100,千元,TuSharePro.daily,https://tushare.pro/document/1?doc_id=27,Fri Sep 04 2026 20:02:33 GMT+0800 (China Standard Time),公开行情历史快照
002594.SZ,比亚迪,2025-09-02,110.02,0.2917,8495472.755,有行情,日线,Asia/Shanghai,2025-12-30T15:00:00+08:00,close为不复权；风险收益使用pct_chg÷100,千元,TuSharePro.daily,https://tushare.pro/document/1?doc_id=27,Fri Sep 04 2026 20:02:33 GMT+0800 (China Standard Time),公开行情历史快照
300750.SZ,宁德时代,2025-09-02,302.87,-0.3717,11289093.083,有行情,日线,Asia/Shanghai,2025-12-30T15:00:00+08:00,close为不复权；风险收益使用pct_chg÷100,千元,TuSharePro.daily,https://tushare.pro/document/1?doc_id=27,Fri Sep 04 2026 20:02:33 GMT+0800 (China Standard Time),公开行情历史快照
600519.SH,贵州茅台,2025-09-02,1491.3,1.0297,8470012.816,有行情,日线,Asia/Shanghai,2025-12-30T15:00:00+08:00,close为不复权；风险收益使用pct_chg÷100,千元,TuSharePro.daily,https://tushare.pro/document/1?doc_id=27,Fri Sep 04 2026 20:02:33 GMT+0800 (China Standard Time),公开行情历史快照
601318.SH,中国平安,2025-09-02,58.66,0.2564,3797585.375,有行情,日线,Asia/Shanghai,2025-12-30T15:00:00+08:00,close为不复权；风险收益使用pct_chg÷100,千元,TuSharePro.daily,https://tushare.pro/document/1?doc_id=27,Fri Sep 04 2026 20:02:33 GMT+0800 (China Standard Time),公开行情历史快照
000333.SZ,美的集团,2025-09-03,75.62,-0.709,3826685.2,有行情,日线,Asia/Shanghai,2025-12-30T15:00:00+08:00,close为不复权；风险收益使用pct_chg÷100,千元,TuSharePro.daily,https://tushare.pro/document/1?doc_id=27,Fri Sep 04 2026 20:02:33 GMT+0800 (China Standard Time),公开行情历史快照
000858.SZ,五粮液,2025-09-03,126.62,-1.509,3883434.402,有行情,日线,Asia/Shanghai,2025-12-30T15:00:00+08:00,close为不复权；风险收益使用pct_chg÷100,千元,TuSharePro.daily,https://tushare.pro/document/1?doc_id=27,Fri Sep 04 2026 20:02:33 GMT+0800 (China Standard Time),公开行情历史快照
002594.SZ,比亚迪,2025-09-03,107.21,-2.5541,7975948.716,有行情,日线,Asia/Shanghai,2025-12-30T15:00:00+08:00,close为不复权；风险收益使用pct_chg÷100,千元,TuSharePro.daily,https://tushare.pro/document/1?doc_id=27,Fri Sep 04 2026 20:02:33 GMT+0800 (China Standard Time),公开行情历史快照
300750.SZ,宁德时代,2025-09-03,309.0,2.024,15640548.986,有行情,日线,Asia/Shanghai,2025-12-30T15:00:00+08:00,close为不复权；风险收益使用pct_chg÷100,千元,TuSharePro.daily,https://tushare.pro/document/1?doc_id=27,Fri Sep 04 2026 20:02:33 GMT+0800 (China Standard Time),公开行情历史快照
600519.SH,贵州茅台,2025-09-03,1480.55,-0.7208,6656011.145,有行情,日线,Asia/Shanghai,2025-12-30T15:00:00+08:00,close为不复权；风险收益使用pct_chg÷100,千元,TuSharePro.daily,https://tushare.pro/document/1?doc_id=27,Fri Sep 04 2026 20:02:33 GMT+0800 (China Standard Time),公开行情历史快照
601318.SH,中国平安,2025-09-03,57.78,-1.5002,4150607.723,有行情,日线,Asia/Shanghai,2025-12-30T15:00:00+08:00,close为不复权；风险收益使用pct_chg÷100,千元,TuSharePro.daily,https://tushare.pro/document/1?doc_id=27,Fri Sep 04 2026 20:02:33 GMT+0800 (China Standard Time),公开行情历史快照
000333.SZ,美的集团,2025-09-04,75.59,-0.0397,3328858.3,有行情,日线,Asia/Shanghai,2025-12-30T15:00:00+08:00,close为不复权；风险收益使用pct_chg÷100,千元,TuSharePro.daily,https://tushare.pro/document/1?doc_id=27,Fri Sep 04 2026 20:02:33 GMT+0800 (China Standard Time),公开行情历史快照
000858.SZ,五粮液,2025-09-04,125.51,-0.8766,3286629.625,有行情,日线,Asia/Shanghai,2025-12-30T15:00:00+08:00,close为不复权；风险收益使用pct_chg÷100,千元,TuSharePro.daily,https://tushare.pro/document/1?doc_id=27,Fri Sep 04 2026 20:02:33 GMT+0800 (China Standard Time),公开行情历史快照
002594.SZ,比亚迪,2025-09-04,104.0,-2.9941,8588835.881,有行情,日线,Asia/Shanghai,2025-12-30T15:00:00+08:00,close为不复权；风险收益使用pct_chg÷100,千元,TuSharePro.daily,https://tushare.pro/document/1?doc_id=27,Fri Sep 04 2026 20:02:33 GMT+0800 (China Standard Time),公开行情历史快照
300750.SZ,宁德时代,2025-09-04,304.03,-1.6084,20442631.453,有行情,日线,Asia/Shanghai,2025-12-30T15:00:00+08:00,close为不复权；风险收益使用pct_chg÷100,千元,TuSharePro.daily,https://tushare.pro/document/1?doc_id=27,Fri Sep 04 2026 20:02:33 GMT+0800 (China Standard Time),公开行情历史快照
600519.SH,贵州茅台,2025-09-04,1472.66,-0.5329,7017084.75,有行情,日线,Asia/Shanghai,2025-12-30T15:00:00+08:00,close为不复权；风险收益使用pct_chg÷100,千元,TuSharePro.daily,https://tushare.pro/document/1?doc_id=27,Fri Sep 04 2026 20:02:33 GMT+0800 (China Standard Time),公开行情历史快照
601318.SH,中国平安,2025-09-04,57.5,-0.4846,4183559.781,有行情,日线,Asia/Shanghai,2025-12-30T15:00:00+08:00,close为不复权；风险收益使用pct_chg÷100,千元,TuSharePro.daily,https://tushare.pro/document/1?doc_id=27,Fri Sep 04 2026 20:02:33 GMT+0800 (China Standard Time),公开行情历史快照
000333.SZ,美的集团,2025-09-05,76.22,0.8334,3530971.109,有行情,日线,Asia/Shanghai,2025-12-30T15:00:00+08:00,close为不复权；风险收益使用pct_chg÷100,千元,TuSharePro.daily,https://tushare.pro/document/1?doc_id=27,Fri Sep 04 2026 20:02:33 GMT+0800 (China Standard Time),公开行情历史快照
000858.SZ,五粮液,2025-09-05,126.81,1.0358,2537085.185,有行情,日线,Asia/Shanghai,2025-12-30T15:00:00+08:00,close为不复权；风险收益使用pct_chg÷100,千元,TuSharePro.daily,https://tushare.pro/document/1?doc_id=27,Fri Sep 04 2026 20:02:33 GMT+0800 (China Standard Time),公开行情历史快照
002594.SZ,比亚迪,2025-09-05,107.26,3.1346,8307907.948,有行情,日线,Asia/Shanghai,2025-12-30T15:00:00+08:00,close为不复权；风险收益使用pct_chg÷100,千元,TuSharePro.daily,https://tushare.pro/document/1?doc_id=27,Fri Sep 04 2026 20:02:33 GMT+0800 (China Standard Time),公开行情历史快照
300750.SZ,宁德时代,2025-09-05,325.11,6.9335,22440211.716,有行情,日线,Asia/Shanghai,2025-12-30T15:00:00+08:00,close为不复权；风险收益使用pct_chg÷100,千元,TuSharePro.daily,https://tushare.pro/document/1?doc_id=27,Fri Sep 04 2026 20:02:33 GMT+0800 (China Standard Time),公开行情历史快照
600519.SH,贵州茅台,2025-09-05,1483.0,0.7021,5519312.163,有行情,日线,Asia/Shanghai,2025-12-30T15:00:00+08:00,close为不复权；风险收益使用pct_chg÷100,千元,TuSharePro.daily,https://tushare.pro/document/1?doc_id=27,Fri Sep 04 2026 20:02:33 GMT+0800 (China Standard Time),公开行情历史快照
601318.SH,中国平安,2025-09-05,57.9,0.6957,3207319.735,有行情,日线,Asia/Shanghai,2025-12-30T15:00:00+08:00,close为不复权；风险收益使用pct_chg÷100,千元,TuSharePro.daily,https://tushare.pro/document/1?doc_id=27,Fri Sep 04 2026 20:02:33 GMT+0800 (China Standard Time),公开行情历史快照
000333.SZ,美的集团,2025-09-08,77.03,1.0627,4245832.274,有行情,日线,Asia/Shanghai,2025-12-30T15:00:00+08:00,close为不复权；风险收益使用pct_chg÷100,千元,TuSharePro.daily,https://tushare.pro/document/1?doc_id=27,Fri Sep 04 2026 20:02:33 GMT+0800 (China Standard Time),公开行情历史快照
000858.SZ,五粮液,2025-09-08,129.09,1.798,3923785.754,有行情,日线,Asia/Shanghai,2025-12-30T15:00:00+08:00,close为不复权；风险收益使用pct_chg÷100,千元,TuSharePro.daily,https://tushare.pro/document/1?doc_id=27,Fri Sep 04 2026 20:02:33 GMT+0800 (China Standard Time),公开行情历史快照
002594.SZ,比亚迪,2025-09-08,106.25,-0.9416,5910440.232,有行情,日线,Asia/Shanghai,2025-12-30T15:00:00+08:00,close为不复权；风险收益使用pct_chg÷100,千元,TuSharePro.daily,https://tushare.pro/document/1?doc_id=27,Fri Sep 04 2026 20:02:33 GMT+0800 (China Standard Time),公开行情历史快照
300750.SZ,宁德时代,2025-09-08,325.37,0.08,19349632.049,有行情,日线,Asia/Shanghai,2025-12-30T15:00:00+08:00,close为不复权；风险收益使用pct_chg÷100,千元,TuSharePro.daily,https://tushare.pro/document/1?doc_id=27,Fri Sep 04 2026 20:02:33 GMT+0800 (China Standard Time),公开行情历史快照
600519.SH,贵州茅台,2025-09-08,1501.23,1.2293,7682065.696,有行情,日线,Asia/Shanghai,2025-12-30T15:00:00+08:00,close为不复权；风险收益使用pct_chg÷100,千元,TuSharePro.daily,https://tushare.pro/document/1?doc_id=27,Fri Sep 04 2026 20:02:33 GMT+0800 (China Standard Time),公开行情历史快照
601318.SH,中国平安,2025-09-08,57.7,-0.3454,2814135.142,有行情,日线,Asia/Shanghai,2025-12-30T15:00:00+08:00,close为不复权；风险收益使用pct_chg÷100,千元,TuSharePro.daily,https://tushare.pro/document/1?doc_id=27,Fri Sep 04 2026 20:02:33 GMT+0800 (China Standard Time),公开行情历史快照
000333.SZ,美的集团,2025-09-09,77.18,0.1947,2947171.767,有行情,日线,Asia/Shanghai,2025-12-30T15:00:00+08:00,close为不复权；风险收益使用pct_chg÷100,千元,TuSharePro.daily,https://tushare.pro/document/1?doc_id=27,Fri Sep 04 2026 20:02:33 GMT+0800 (China Standard Time),公开行情历史快照
000858.SZ,五粮液,2025-09-09,128.8,-0.2246,2368186.108,有行情,日线,Asia/Shanghai,2025-12-30T15:00:00+08:00,close为不复权；风险收益使用pct_chg÷100,千元,TuSharePro.daily,https://tushare.pro/document/1?doc_id=27,Fri Sep 04 2026 20:02:33 GMT+0800 (China Standard Time),公开行情历史快照
002594.SZ,比亚迪,2025-09-09,105.49,-0.7153,4049249.507,有行情,日线,Asia/Shanghai,2025-12-30T15:00:00+08:00,close为不复权；风险收益使用pct_chg÷100,千元,TuSharePro.daily,https://tushare.pro/document/1?doc_id=27,Fri Sep 04 2026 20:02:33 GMT+0800 (China Standard Time),公开行情历史快照
300750.SZ,宁德时代,2025-09-09,320.0,-1.6504,14085497.658,有行情,日线,Asia/Shanghai,2025-12-30T15:00:00+08:00,close为不复权；风险收益使用pct_chg÷100,千元,TuSharePro.daily,https://tushare.pro/document/1?doc_id=27,Fri Sep 04 2026 20:02:33 GMT+0800 (China Standard Time),公开行情历史快照
600519.SH,贵州茅台,2025-09-09,1505.0,0.2511,5366650.005,有行情,日线,Asia/Shanghai,2025-12-30T15:00:00+08:00,close为不复权；风险收益使用pct_chg÷100,千元,TuSharePro.daily,https://tushare.pro/document/1?doc_id=27,Fri Sep 04 2026 20:02:33 GMT+0800 (China Standard Time),公开行情历史快照
601318.SH,中国平安,2025-09-09,58.0,0.5199,3004298.501,有行情,日线,Asia/Shanghai,2025-12-30T15:00:00+08:00,close为不复权；风险收益使用pct_chg÷100,千元,TuSharePro.daily,https://tushare.pro/document/1?doc_id=27,Fri Sep 04 2026 20:02:33 GMT+0800 (China Standard Time),公开行情历史快照
000333.SZ,美的集团,2025-09-10,77.02,-0.2073,2087580.321,有行情,日线,Asia/Shanghai,2025-12-30T15:00:00+08:00,close为不复权；风险收益使用pct_chg÷100,千元,TuSharePro.daily,https://tushare.pro/document/1?doc_id=27,Fri Sep 04 2026 20:02:33 GMT+0800 (China Standard Time),公开行情历史快照
000858.SZ,五粮液,2025-09-10,128.06,-0.5745,2565580.225,有行情,日线,Asia/Shanghai,2025-12-30T15:00:00+08:00,close为不复权；风险收益使用pct_chg÷100,千元,TuSharePro.daily,https://tushare.pro/document/1?doc_id=27,Fri Sep 04 2026 20:02:33 GMT+0800 (China Standard Time),公开行情历史快照
002594.SZ,比亚迪,2025-09-10,105.2,-0.2749,3401353.898,有行情,日线,Asia/Shanghai,2025-12-30T15:00:00+08:00,close为不复权；风险收益使用pct_chg÷100,千元,TuSharePro.daily,https://tushare.pro/document/1?doc_id=27,Fri Sep 04 2026 20:02:33 GMT+0800 (China Standard Time),公开行情历史快照
300750.SZ,宁德时代,2025-09-10,316.04,-1.2375,11649703.595,有行情,日线,Asia/Shanghai,2025-12-30T15:00:00+08:00,close为不复权；风险收益使用pct_chg÷100,千元,TuSharePro.daily,https://tushare.pro/document/1?doc_id=27,Fri Sep 04 2026 20:02:33 GMT+0800 (China Standard Time),公开行情历史快照
600519.SH,贵州茅台,2025-09-10,1522.01,1.1302,7541460.049,有行情,日线,Asia/Shanghai,2025-12-30T15:00:00+08:00,close为不复权；风险收益使用pct_chg÷100,千元,TuSharePro.daily,https://tushare.pro/document/1?doc_id=27,Fri Sep 04 2026 20:02:33 GMT+0800 (China Standard Time),公开行情历史快照
601318.SH,中国平安,2025-09-10,57.87,-0.2241,1786675.715,有行情,日线,Asia/Shanghai,2025-12-30T15:00:00+08:00,close为不复权；风险收益使用pct_chg÷100,千元,TuSharePro.daily,https://tushare.pro/document/1?doc_id=27,Fri Sep 04 2026 20:02:33 GMT+0800 (China Standard Time),公开行情历史快照
000333.SZ,美的集团,2025-09-11,77.02,0.0,3515566.425,有行情,日线,Asia/Shanghai,2025-12-30T15:00:00+08:00,close为不复权；风险收益使用pct_chg÷100,千元,TuSharePro.daily,https://tushare.pro/document/1?doc_id=27,Fri Sep 04 2026 20:02:33 GMT+0800 (China Standard Time),公开行情历史快照
000858.SZ,五粮液,2025-09-11,128.52,0.3592,2932816.233,有行情,日线,Asia/Shanghai,2025-12-30T15:00:00+08:00,close为不复权；风险收益使用pct_chg÷100,千元,TuSharePro.daily,https://tushare.pro/document/1?doc_id=27,Fri Sep 04 2026 20:02:33 GMT+0800 (China Standard Time),公开行情历史快照
002594.SZ,比亚迪,2025-09-11,106.59,1.3213,5683446.689,有行情,日线,Asia/Shanghai,2025-12-30T15:00:00+08:00,close为不复权；风险收益使用pct_chg÷100,千元,TuSharePro.daily,https://tushare.pro/document/1?doc_id=27,Fri Sep 04 2026 20:02:33 GMT+0800 (China Standard Time),公开行情历史快照
300750.SZ,宁德时代,2025-09-11,322.55,2.0599,12060756.827,有行情,日线,Asia/Shanghai,2025-12-30T15:00:00+08:00,close为不复权；风险收益使用pct_chg÷100,千元,TuSharePro.daily,https://tushare.pro/document/1?doc_id=27,Fri Sep 04 2026 20:02:33 GMT+0800 (China Standard Time),公开行情历史快照
600519.SH,贵州茅台,2025-09-11,1523.5,0.0979,5642778.456,有行情,日线,Asia/Shanghai,2025-12-30T15:00:00+08:00,close为不复权；风险收益使用pct_chg÷100,千元,TuSharePro.daily,https://tushare.pro/document/1?doc_id=27,Fri Sep 04 2026 20:02:33 GMT+0800 (China Standard Time),公开行情历史快照
601318.SH,中国平安,2025-09-11,58.69,1.417,3464480.19,有行情,日线,Asia/Shanghai,2025-12-30T15:00:00+08:00,close为不复权；风险收益使用pct_chg÷100,千元,TuSharePro.daily,https://tushare.pro/document/1?doc_id=27,Fri Sep 04 2026 20:02:33 GMT+0800 (China Standard Time),公开行情历史快照
000333.SZ,美的集团,2025-09-12,75.57,-1.8826,4507931.249,有行情,日线,Asia/Shanghai,2025-12-30T15:00:00+08:00,close为不复权；风险收益使用pct_chg÷100,千元,TuSharePro.daily,https://tushare.pro/document/1?doc_id=27,Fri Sep 04 2026 20:02:33 GMT+0800 (China Standard Time),公开行情历史快照
000858.SZ,五粮液,2025-09-12,127.19,-1.0349,3359522.974,有行情,日线,Asia/Shanghai,2025-12-30T15:00:00+08:00,close为不复权；风险收益使用pct_chg÷100,千元,TuSharePro.daily,https://tushare.pro/document/1?doc_id=27,Fri Sep 04 2026 20:02:33 GMT+0800 (China Standard Time),公开行情历史快照
002594.SZ,比亚迪,2025-09-12,105.91,-0.638,4859782.579,有行情,日线,Asia/Shanghai,2025-12-30T15:00:00+08:00,close为不复权；风险收益使用pct_chg÷100,千元,TuSharePro.daily,https://tushare.pro/document/1?doc_id=27,Fri Sep 04 2026 20:02:33 GMT+0800 (China Standard Time),公开行情历史快照
300750.SZ,宁德时代,2025-09-12,325.0,0.7596,11031032.653,有行情,日线,Asia/Shanghai,2025-12-30T15:00:00+08:00,close为不复权；风险收益使用pct_chg÷100,千元,TuSharePro.daily,https://tushare.pro/document/1?doc_id=27,Fri Sep 04 2026 20:02:33 GMT+0800 (China Standard Time),公开行情历史快照
600519.SH,贵州茅台,2025-09-12,1516.0,-0.4923,5132184.935,有行情,日线,Asia/Shanghai,2025-12-30T15:00:00+08:00,close为不复权；风险收益使用pct_chg÷100,千元,TuSharePro.daily,https://tushare.pro/document/1?doc_id=27,Fri Sep 04 2026 20:02:33 GMT+0800 (China Standard Time),公开行情历史快照
601318.SH,中国平安,2025-09-12,57.68,-1.7209,4277497.749,有行情,日线,Asia/Shanghai,2025-12-30T15:00:00+08:00,close为不复权；风险收益使用pct_chg÷100,千元,TuSharePro.daily,https://tushare.pro/document/1?doc_id=27,Fri Sep 04 2026 20:02:33 GMT+0800 (China Standard Time),公开行情历史快照
000333.SZ,美的集团,2025-09-15,75.17,-0.5293,3614905.666,有行情,日线,Asia/Shanghai,2025-12-30T15:00:00+08:00,close为不复权；风险收益使用pct_chg÷100,千元,TuSharePro.daily,https://tushare.pro/document/1?doc_id=27,Fri Sep 04 2026 20:02:33 GMT+0800 (China Standard Time),公开行情历史快照
000858.SZ,五粮液,2025-09-15,126.65,-0.4246,2109473.46,有行情,日线,Asia/Shanghai,2025-12-30T15:00:00+08:00,close为不复权；风险收益使用pct_chg÷100,千元,TuSharePro.daily,https://tushare.pro/document/1?doc_id=27,Fri Sep 04 2026 20:02:33 GMT+0800 (China Standard Time),公开行情历史快照
002594.SZ,比亚迪,2025-09-15,108.7,2.6343,10620465.041,有行情,日线,Asia/Shanghai,2025-12-30T15:00:00+08:00,close为不复权；风险收益使用pct_chg÷100,千元,TuSharePro.daily,https://tushare.pro/document/1?doc_id=27,Fri Sep 04 2026 20:02:33 GMT+0800 (China Standard Time),公开行情历史快照
300750.SZ,宁德时代,2025-09-15,354.7,9.1385,25586615.241,有行情,日线,Asia/Shanghai,2025-12-30T15:00:00+08:00,close为不复权；风险收益使用pct_chg÷100,千元,TuSharePro.daily,https://tushare.pro/document/1?doc_id=27,Fri Sep 04 2026 20:02:33 GMT+0800 (China Standard Time),公开行情历史快照
600519.SH,贵州茅台,2025-09-15,1515.1,-0.0594,3901929.718,有行情,日线,Asia/Shanghai,2025-12-30T15:00:00+08:00,close为不复权；风险收益使用pct_chg÷100,千元,TuSharePro.daily,https://tushare.pro/document/1?doc_id=27,Fri Sep 04 2026 20:02:33 GMT+0800 (China Standard Time),公开行情历史快照
601318.SH,中国平安,2025-09-15,57.33,-0.6068,3147658.745,有行情,日线,Asia/Shanghai,2025-12-30T15:00:00+08:00,close为不复权；风险收益使用pct_chg÷100,千元,TuSharePro.daily,https://tushare.pro/document/1?doc_id=27,Fri Sep 04 2026 20:02:33 GMT+0800 (China Standard Time),公开行情历史快照
000333.SZ,美的集团,2025-09-16,74.46,-0.9445,3396155.196,有行情,日线,Asia/Shanghai,2025-12-30T15:00:00+08:00,close为不复权；风险收益使用pct_chg÷100,千元,TuSharePro.daily,https://tushare.pro/document/1?doc_id=27,Fri Sep 04 2026 20:02:33 GMT+0800 (China Standard Time),公开行情历史快照
000858.SZ,五粮液,2025-09-16,125.8,-0.6711,2405374.663,有行情,日线,Asia/Shanghai,2025-12-30T15:00:00+08:00,close为不复权；风险收益使用pct_chg÷100,千元,TuSharePro.daily,https://tushare.pro/document/1?doc_id=27,Fri Sep 04 2026 20:02:33 GMT+0800 (China Standard Time),公开行情历史快照
002594.SZ,比亚迪,2025-09-16,107.8,-0.828,5753437.964,有行情,日线,Asia/Shanghai,2025-12-30T15:00:00+08:00,close为不复权；风险收益使用pct_chg÷100,千元,TuSharePro.daily,https://tushare.pro/document/1?doc_id=27,Fri Sep 04 2026 20:02:33 GMT+0800 (China Standard Time),公开行情历史快照
300750.SZ,宁德时代,2025-09-16,353.42,-0.3609,13325722.242,有行情,日线,Asia/Shanghai,2025-12-30T15:00:00+08:00,close为不复权；风险收益使用pct_chg÷100,千元,TuSharePro.daily,https://tushare.pro/document/1?doc_id=27,Fri Sep 04 2026 20:02:33 GMT+0800 (China Standard Time),公开行情历史快照
600519.SH,贵州茅台,2025-09-16,1499.98,-0.998,4928374.478,有行情,日线,Asia/Shanghai,2025-12-30T15:00:00+08:00,close为不复权；风险收益使用pct_chg÷100,千元,TuSharePro.daily,https://tushare.pro/document/1?doc_id=27,Fri Sep 04 2026 20:02:33 GMT+0800 (China Standard Time),公开行情历史快照
601318.SH,中国平安,2025-09-16,56.62,-1.2384,3894056.719,有行情,日线,Asia/Shanghai,2025-12-30T15:00:00+08:00,close为不复权；风险收益使用pct_chg÷100,千元,TuSharePro.daily,https://tushare.pro/document/1?doc_id=27,Fri Sep 04 2026 20:02:33 GMT+0800 (China Standard Time),公开行情历史快照
000333.SZ,美的集团,2025-09-17,74.35,-0.1477,4303710.294,有行情,日线,Asia/Shanghai,2025-12-30T15:00:00+08:00,close为不复权；风险收益使用pct_chg÷100,千元,TuSharePro.daily,https://tushare.pro/document/1?doc_id=27,Fri Sep 04 2026 20:02:33 GMT+0800 (China Standard Time),公开行情历史快照
000858.SZ,五粮液,2025-09-17,125.96,0.1272,2276167.36,有行情,日线,Asia/Shanghai,2025-12-30T15:00:00+08:00,close为不复权；风险收益使用pct_chg÷100,千元,TuSharePro.daily,https://tushare.pro/document/1?doc_id=27,Fri Sep 04 2026 20:02:33 GMT+0800 (China Standard Time),公开行情历史快照
002594.SZ,比亚迪,2025-09-17,110.99,2.9592,10827682.692,有行情,日线,Asia/Shanghai,2025-12-30T15:00:00+08:00,close为不复权；风险收益使用pct_chg÷100,千元,TuSharePro.daily,https://tushare.pro/document/1?doc_id=27,Fri Sep 04 2026 20:02:33 GMT+0800 (China Standard Time),公开行情历史快照
300750.SZ,宁德时代,2025-09-17,377.1,6.7002,20113064.234,有行情,日线,Asia/Shanghai,2025-12-30T15:00:00+08:00,close为不复权；风险收益使用pct_chg÷100,千元,TuSharePro.daily,https://tushare.pro/document/1?doc_id=27,Fri Sep 04 2026 20:02:33 GMT+0800 (China Standard Time),公开行情历史快照
600519.SH,贵州茅台,2025-09-17,1493.0,-0.4653,4534770.634,有行情,日线,Asia/Shanghai,2025-12-30T15:00:00+08:00,close为不复权；风险收益使用pct_chg÷100,千元,TuSharePro.daily,https://tushare.pro/document/1?doc_id=27,Fri Sep 04 2026 20:02:33 GMT+0800 (China Standard Time),公开行情历史快照
601318.SH,中国平安,2025-09-17,56.57,-0.0883,3878151.157,有行情,日线,Asia/Shanghai,2025-12-30T15:00:00+08:00,close为不复权；风险收益使用pct_chg÷100,千元,TuSharePro.daily,https://tushare.pro/document/1?doc_id=27,Fri Sep 04 2026 20:02:33 GMT+0800 (China Standard Time),公开行情历史快照
000333.SZ,美的集团,2025-09-18,73.74,-0.8204,4452255.641,有行情,日线,Asia/Shanghai,2025-12-30T15:00:00+08:00,close为不复权；风险收益使用pct_chg÷100,千元,TuSharePro.daily,https://tushare.pro/document/1?doc_id=27,Fri Sep 04 2026 20:02:33 GMT+0800 (China Standard Time),公开行情历史快照
000858.SZ,五粮液,2025-09-18,123.94,-1.6037,3434002.463,有行情,日线,Asia/Shanghai,2025-12-30T15:00:00+08:00,close为不复权；风险收益使用pct_chg÷100,千元,TuSharePro.daily,https://tushare.pro/document/1?doc_id=27,Fri Sep 04 2026 20:02:33 GMT+0800 (China Standard Time),公开行情历史快照
002594.SZ,比亚迪,2025-09-18,109.71,-1.1533,10362193.293,有行情,日线,Asia/Shanghai,2025-12-30T15:00:00+08:00,close为不复权；风险收益使用pct_chg÷100,千元,TuSharePro.daily,https://tushare.pro/document/1?doc_id=27,Fri Sep 04 2026 20:02:33 GMT+0800 (China Standard Time),公开行情历史快照
300750.SZ,宁德时代,2025-09-18,366.89,-2.7075,19308545.614,有行情,日线,Asia/Shanghai,2025-12-30T15:00:00+08:00,close为不复权；风险收益使用pct_chg÷100,千元,TuSharePro.daily,https://tushare.pro/document/1?doc_id=27,Fri Sep 04 2026 20:02:33 GMT+0800 (China Standard Time),公开行情历史快照
600519.SH,贵州茅台,2025-09-18,1467.96,-1.6772,7347477.479,有行情,日线,Asia/Shanghai,2025-12-30T15:00:00+08:00,close为不复权；风险收益使用pct_chg÷100,千元,TuSharePro.daily,https://tushare.pro/document/1?doc_id=27,Fri Sep 04 2026 20:02:33 GMT+0800 (China Standard Time),公开行情历史快照
601318.SH,中国平安,2025-09-18,55.28,-2.2804,5649599.209,有行情,日线,Asia/Shanghai,2025-12-30T15:00:00+08:00,close为不复权；风险收益使用pct_chg÷100,千元,TuSharePro.daily,https://tushare.pro/document/1?doc_id=27,Fri Sep 04 2026 20:02:33 GMT+0800 (China Standard Time),公开行情历史快照
000333.SZ,美的集团,2025-09-19,74.35,0.8272,2879645.243,有行情,日线,Asia/Shanghai,2025-12-30T15:00:00+08:00,close为不复权；风险收益使用pct_chg÷100,千元,TuSharePro.daily,https://tushare.pro/document/1?doc_id=27,Fri Sep 04 2026 20:02:33 GMT+0800 (China Standard Time),公开行情历史快照
000858.SZ,五粮液,2025-09-19,124.08,0.113,2431126.956,有行情,日线,Asia/Shanghai,2025-12-30T15:00:00+08:00,close为不复权；风险收益使用pct_chg÷100,千元,TuSharePro.daily,https://tushare.pro/document/1?doc_id=27,Fri Sep 04 2026 20:02:33 GMT+0800 (China Standard Time),公开行情历史快照
002594.SZ,比亚迪,2025-09-19,109.09,-0.5651,5188176.204,有行情,日线,Asia/Shanghai,2025-12-30T15:00:00+08:00,close为不复权；风险收益使用pct_chg÷100,千元,TuSharePro.daily,https://tushare.pro/document/1?doc_id=27,Fri Sep 04 2026 20:02:33 GMT+0800 (China Standard Time),公开行情历史快照
300750.SZ,宁德时代,2025-09-19,368.49,0.4361,12515443.887,有行情,日线,Asia/Shanghai,2025-12-30T15:00:00+08:00,close为不复权；风险收益使用pct_chg÷100,千元,TuSharePro.daily,https://tushare.pro/document/1?doc_id=27,Fri Sep 04 2026 20:02:33 GMT+0800 (China Standard Time),公开行情历史快照
600519.SH,贵州茅台,2025-09-19,1467.97,0.0007,4784528.851,有行情,日线,Asia/Shanghai,2025-12-30T15:00:00+08:00,close为不复权；风险收益使用pct_chg÷100,千元,TuSharePro.daily,https://tushare.pro/document/1?doc_id=27,Fri Sep 04 2026 20:02:33 GMT+0800 (China Standard Time),公开行情历史快照
601318.SH,中国平安,2025-09-19,55.1,-0.3256,3008279.78,有行情,日线,Asia/Shanghai,2025-12-30T15:00:00+08:00,close为不复权；风险收益使用pct_chg÷100,千元,TuSharePro.daily,https://tushare.pro/document/1?doc_id=27,Fri Sep 04 2026 20:02:33 GMT+0800 (China Standard Time),公开行情历史快照
000333.SZ,美的集团,2025-09-22,73.26,-1.466,3520814.681,有行情,日线,Asia/Shanghai,2025-12-30T15:00:00+08:00,close为不复权；风险收益使用pct_chg÷100,千元,TuSharePro.daily,https://tushare.pro/document/1?doc_id=27,Fri Sep 04 2026 20:02:33 GMT+0800 (China Standard Time),公开行情历史快照
000858.SZ,五粮液,2025-09-22,122.5,-1.2734,2412049.779,有行情,日线,Asia/Shanghai,2025-12-30T15:00:00+08:00,close为不复权；风险收益使用pct_chg÷100,千元,TuSharePro.daily,https://tushare.pro/document/1?doc_id=27,Fri Sep 04 2026 20:02:33 GMT+0800 (China Standard Time),公开行情历史快照
002594.SZ,比亚迪,2025-09-22,107.99,-1.0083,5293961.578,有行情,日线,Asia/Shanghai,2025-12-30T15:00:00+08:00,close为不复权；风险收益使用pct_chg÷100,千元,TuSharePro.daily,https://tushare.pro/document/1?doc_id=27,Fri Sep 04 2026 20:02:33 GMT+0800 (China Standard Time),公开行情历史快照
300750.SZ,宁德时代,2025-09-22,370.05,0.4233,10474484.764,有行情,日线,Asia/Shanghai,2025-12-30T15:00:00+08:00,close为不复权；风险收益使用pct_chg÷100,千元,TuSharePro.daily,https://tushare.pro/document/1?doc_id=27,Fri Sep 04 2026 20:02:33 GMT+0800 (China Standard Time),公开行情历史快照
600519.SH,贵州茅台,2025-09-22,1453.35,-0.9959,5085057.536,有行情,日线,Asia/Shanghai,2025-12-30T15:00:00+08:00,close为不复权；风险收益使用pct_chg÷100,千元,TuSharePro.daily,https://tushare.pro/document/1?doc_id=27,Fri Sep 04 2026 20:02:33 GMT+0800 (China Standard Time),公开行情历史快照
601318.SH,中国平安,2025-09-22,55.15,0.0907,2068811.784,有行情,日线,Asia/Shanghai,2025-12-30T15:00:00+08:00,close为不复权；风险收益使用pct_chg÷100,千元,TuSharePro.daily,https://tushare.pro/document/1?doc_id=27,Fri Sep 04 2026 20:02:33 GMT+0800 (China Standard Time),公开行情历史快照
000333.SZ,美的集团,2025-09-23,73.53,0.3686,3082692.695,有行情,日线,Asia/Shanghai,2025-12-30T15:00:00+08:00,close为不复权；风险收益使用pct_chg÷100,千元,TuSharePro.daily,https://tushare.pro/document/1?doc_id=27,Fri Sep 04 2026 20:02:33 GMT+0800 (China Standard Time),公开行情历史快照
000858.SZ,五粮液,2025-09-23,122.19,-0.2531,2101237.749,有行情,日线,Asia/Shanghai,2025-12-30T15:00:00+08:00,close为不复权；风险收益使用pct_chg÷100,千元,TuSharePro.daily,https://tushare.pro/document/1?doc_id=27,Fri Sep 04 2026 20:02:33 GMT+0800 (China Standard Time),公开行情历史快照
002594.SZ,比亚迪,2025-09-23,105.6,-2.2132,6888232.046,有行情,日线,Asia/Shanghai,2025-12-30T15:00:00+08:00,close为不复权；风险收益使用pct_chg÷100,千元,TuSharePro.daily,https://tushare.pro/document/1?doc_id=27,Fri Sep 04 2026 20:02:33 GMT+0800 (China Standard Time),公开行情历史快照
300750.SZ,宁德时代,2025-09-23,368.15,-0.5134,12813882.35,有行情,日线,Asia/Shanghai,2025-12-30T15:00:00+08:00,close为不复权；风险收益使用pct_chg÷100,千元,TuSharePro.daily,https://tushare.pro/document/1?doc_id=27,Fri Sep 04 2026 20:02:33 GMT+0800 (China Standard Time),公开行情历史快照
600519.SH,贵州茅台,2025-09-23,1447.42,-0.408,5588384.388,有行情,日线,Asia/Shanghai,2025-12-30T15:00:00+08:00,close为不复权；风险收益使用pct_chg÷100,千元,TuSharePro.daily,https://tushare.pro/document/1?doc_id=27,Fri Sep 04 2026 20:02:33 GMT+0800 (China Standard Time),公开行情历史快照
601318.SH,中国平安,2025-09-23,55.02,-0.2357,3385890.145,有行情,日线,Asia/Shanghai,2025-12-30T15:00:00+08:00,close为不复权；风险收益使用pct_chg÷100,千元,TuSharePro.daily,https://tushare.pro/document/1?doc_id=27,Fri Sep 04 2026 20:02:33 GMT+0800 (China Standard Time),公开行情历史快照
000333.SZ,美的集团,2025-09-24,74.1,0.7752,2260146.501,有行情,日线,Asia/Shanghai,2025-12-30T15:00:00+08:00,close为不复权；风险收益使用pct_chg÷100,千元,TuSharePro.daily,https://tushare.pro/document/1?doc_id=27,Fri Sep 04 2026 20:02:33 GMT+0800 (China Standard Time),公开行情历史快照
000858.SZ,五粮液,2025-09-24,122.37,0.1473,1597546.879,有行情,日线,Asia/Shanghai,2025-12-30T15:00:00+08:00,close为不复权；风险收益使用pct_chg÷100,千元,TuSharePro.daily,https://tushare.pro/document/1?doc_id=27,Fri Sep 04 2026 20:02:33 GMT+0800 (China Standard Time),公开行情历史快照
002594.SZ,比亚迪,2025-09-24,105.71,0.1042,5758922.305,有行情,日线,Asia/Shanghai,2025-12-30T15:00:00+08:00,close为不复权；风险收益使用pct_chg÷100,千元,TuSharePro.daily,https://tushare.pro/document/1?doc_id=27,Fri Sep 04 2026 20:02:33 GMT+0800 (China Standard Time),公开行情历史快照
300750.SZ,宁德时代,2025-09-24,379.93,3.1998,14311189.086,有行情,日线,Asia/Shanghai,2025-12-30T15:00:00+08:00,close为不复权；风险收益使用pct_chg÷100,千元,TuSharePro.daily,https://tushare.pro/document/1?doc_id=27,Fri Sep 04 2026 20:02:33 GMT+0800 (China Standard Time),公开行情历史快照
600519.SH,贵州茅台,2025-09-24,1442.0,-0.3745,4443052.872,有行情,日线,Asia/Shanghai,2025-12-30T15:00:00+08:00,close为不复权；风险收益使用pct_chg÷100,千元,TuSharePro.daily,https://tushare.pro/document/1?doc_id=27,Fri Sep 04 2026 20:02:33 GMT+0800 (China Standard Time),公开行情历史快照
601318.SH,中国平安,2025-09-24,55.29,0.4907,2781363.925,有行情,日线,Asia/Shanghai,2025-12-30T15:00:00+08:00,close为不复权；风险收益使用pct_chg÷100,千元,TuSharePro.daily,https://tushare.pro/document/1?doc_id=27,Fri Sep 04 2026 20:02:33 GMT+0800 (China Standard Time),公开行情历史快照
000333.SZ,美的集团,2025-09-25,72.84,-1.7004,3487388.578,有行情,日线,Asia/Shanghai,2025-12-30T15:00:00+08:00,close为不复权；风险收益使用pct_chg÷100,千元,TuSharePro.daily,https://tushare.pro/document/1?doc_id=27,Fri Sep 04 2026 20:02:33 GMT+0800 (China Standard Time),公开行情历史快照
000858.SZ,五粮液,2025-09-25,121.52,-0.6946,2371492.767,有行情,日线,Asia/Shanghai,2025-12-30T15:00:00+08:00,close为不复权；风险收益使用pct_chg÷100,千元,TuSharePro.daily,https://tushare.pro/document/1?doc_id=27,Fri Sep 04 2026 20:02:33 GMT+0800 (China Standard Time),公开行情历史快照
002594.SZ,比亚迪,2025-09-25,107.5,1.6933,7421942.405,有行情,日线,Asia/Shanghai,2025-12-30T15:00:00+08:00,close为不复权；风险收益使用pct_chg÷100,千元,TuSharePro.daily,https://tushare.pro/document/1?doc_id=27,Fri Sep 04 2026 20:02:33 GMT+0800 (China Standard Time),公开行情历史快照
300750.SZ,宁德时代,2025-09-25,392.85,3.4006,18251421.708,有行情,日线,Asia/Shanghai,2025-12-30T15:00:00+08:00,close为不复权；风险收益使用pct_chg÷100,千元,TuSharePro.daily,https://tushare.pro/document/1?doc_id=27,Fri Sep 04 2026 20:02:33 GMT+0800 (China Standard Time),公开行情历史快照
600519.SH,贵州茅台,2025-09-25,1439.0,-0.208,4873274.661,有行情,日线,Asia/Shanghai,2025-12-30T15:00:00+08:00,close为不复权；风险收益使用pct_chg÷100,千元,TuSharePro.daily,https://tushare.pro/document/1?doc_id=27,Fri Sep 04 2026 20:02:33 GMT+0800 (China Standard Time),公开行情历史快照
601318.SH,中国平安,2025-09-25,55.09,-0.3617,2838283.234,有行情,日线,Asia/Shanghai,2025-12-30T15:00:00+08:00,close为不复权；风险收益使用pct_chg÷100,千元,TuSharePro.daily,https://tushare.pro/document/1?doc_id=27,Fri Sep 04 2026 20:02:33 GMT+0800 (China Standard Time),公开行情历史快照
000333.SZ,美的集团,2025-09-26,74.2,1.8671,3524465.566,有行情,日线,Asia/Shanghai,2025-12-30T15:00:00+08:00,close为不复权；风险收益使用pct_chg÷100,千元,TuSharePro.daily,https://tushare.pro/document/1?doc_id=27,Fri Sep 04 2026 20:02:33 GMT+0800 (China Standard Time),公开行情历史快照
000858.SZ,五粮液,2025-09-26,120.17,-1.1109,3154953.964,有行情,日线,Asia/Shanghai,2025-12-30T15:00:00+08:00,close为不复权；风险收益使用pct_chg÷100,千元,TuSharePro.daily,https://tushare.pro/document/1?doc_id=27,Fri Sep 04 2026 20:02:33 GMT+0800 (China Standard Time),公开行情历史快照
002594.SZ,比亚迪,2025-09-26,107.29,-0.1953,8250492.997,有行情,日线,Asia/Shanghai,2025-12-30T15:00:00+08:00,close为不复权；风险收益使用pct_chg÷100,千元,TuSharePro.daily,https://tushare.pro/document/1?doc_id=27,Fri Sep 04 2026 20:02:33 GMT+0800 (China Standard Time),公开行情历史快照
300750.SZ,宁德时代,2025-09-26,380.4,-3.1691,14106499.742,有行情,日线,Asia/Shanghai,2025-12-30T15:00:00+08:00,close为不复权；风险收益使用pct_chg÷100,千元,TuSharePro.daily,https://tushare.pro/document/1?doc_id=27,Fri Sep 04 2026 20:02:33 GMT+0800 (China Standard Time),公开行情历史快照
600519.SH,贵州茅台,2025-09-26,1435.0,-0.278,6480889.597,有行情,日线,Asia/Shanghai,2025-12-30T15:00:00+08:00,close为不复权；风险收益使用pct_chg÷100,千元,TuSharePro.daily,https://tushare.pro/document/1?doc_id=27,Fri Sep 04 2026 20:02:33 GMT+0800 (China Standard Time),公开行情历史快照
601318.SH,中国平安,2025-09-26,55.22,0.236,3021459.544,有行情,日线,Asia/Shanghai,2025-12-30T15:00:00+08:00,close为不复权；风险收益使用pct_chg÷100,千元,TuSharePro.daily,https://tushare.pro/document/1?doc_id=27,Fri Sep 04 2026 20:02:33 GMT+0800 (China Standard Time),公开行情历史快照
000333.SZ,美的集团,2025-09-29,73.73,-0.6334,3431995.413,有行情,日线,Asia/Shanghai,2025-12-30T15:00:00+08:00,close为不复权；风险收益使用pct_chg÷100,千元,TuSharePro.daily,https://tushare.pro/document/1?doc_id=27,Fri Sep 04 2026 20:02:33 GMT+0800 (China Standard Time),公开行情历史快照
000858.SZ,五粮液,2025-09-29,121.92,1.4563,3105049.104,有行情,日线,Asia/Shanghai,2025-12-30T15:00:00+08:00,close为不复权；风险收益使用pct_chg÷100,千元,TuSharePro.daily,https://tushare.pro/document/1?doc_id=27,Fri Sep 04 2026 20:02:33 GMT+0800 (China Standard Time),公开行情历史快照
002594.SZ,比亚迪,2025-09-29,108.61,1.2303,6621874.267,有行情,日线,Asia/Shanghai,2025-12-30T15:00:00+08:00,close为不复权；风险收益使用pct_chg÷100,千元,TuSharePro.daily,https://tushare.pro/document/1?doc_id=27,Fri Sep 04 2026 20:02:33 GMT+0800 (China Standard Time),公开行情历史快照
300750.SZ,宁德时代,2025-09-29,397.37,4.4611,15381134.07,有行情,日线,Asia/Shanghai,2025-12-30T15:00:00+08:00,close为不复权；风险收益使用pct_chg÷100,千元,TuSharePro.daily,https://tushare.pro/document/1?doc_id=27,Fri Sep 04 2026 20:02:33 GMT+0800 (China Standard Time),公开行情历史快照
600519.SH,贵州茅台,2025-09-29,1460.86,1.8021,7798434.586,有行情,日线,Asia/Shanghai,2025-12-30T15:00:00+08:00,close为不复权；风险收益使用pct_chg÷100,千元,TuSharePro.daily,https://tushare.pro/document/1?doc_id=27,Fri Sep 04 2026 20:02:33 GMT+0800 (China Standard Time),公开行情历史快照
601318.SH,中国平安,2025-09-29,56.01,1.4306,5816595.783,有行情,日线,Asia/Shanghai,2025-12-30T15:00:00+08:00,close为不复权；风险收益使用pct_chg÷100,千元,TuSharePro.daily,https://tushare.pro/document/1?doc_id=27,Fri Sep 04 2026 20:02:33 GMT+0800 (China Standard Time),公开行情历史快照
000333.SZ,美的集团,2025-09-30,72.66,-1.4512,3690464.285,有行情,日线,Asia/Shanghai,2025-12-30T15:00:00+08:00,close为不复权；风险收益使用pct_chg÷100,千元,TuSharePro.daily,https://tushare.pro/document/1?doc_id=27,Fri Sep 04 2026 20:02:33 GMT+0800 (China Standard Time),公开行情历史快照
000858.SZ,五粮液,2025-09-30,121.48,-0.3609,1875945.187,有行情,日线,Asia/Shanghai,2025-12-30T15:00:00+08:00,close为不复权；风险收益使用pct_chg÷100,千元,TuSharePro.daily,https://tushare.pro/document/1?doc_id=27,Fri Sep 04 2026 20:02:33 GMT+0800 (China Standard Time),公开行情历史快照
002594.SZ,比亚迪,2025-09-30,109.21,0.5524,6200518.75,有行情,日线,Asia/Shanghai,2025-12-30T15:00:00+08:00,close为不复权；风险收益使用pct_chg÷100,千元,TuSharePro.daily,https://tushare.pro/document/1?doc_id=27,Fri Sep 04 2026 20:02:33 GMT+0800 (China Standard Time),公开行情历史快照
300750.SZ,宁德时代,2025-09-30,402.0,1.1652,13278445.667,有行情,日线,Asia/Shanghai,2025-12-30T15:00:00+08:00,close为不复权；风险收益使用pct_chg÷100,千元,TuSharePro.daily,https://tushare.pro/document/1?doc_id=27,Fri Sep 04 2026 20:02:33 GMT+0800 (China Standard Time),公开行情历史快照
600519.SH,贵州茅台,2025-09-30,1443.99,-1.1548,5687474.876,有行情,日线,Asia/Shanghai,2025-12-30T15:00:00+08:00,close为不复权；风险收益使用pct_chg÷100,千元,TuSharePro.daily,https://tushare.pro/document/1?doc_id=27,Fri Sep 04 2026 20:02:33 GMT+0800 (China Standard Time),公开行情历史快照
601318.SH,中国平安,2025-09-30,55.11,-1.6069,4247640.485,有行情,日线,Asia/Shanghai,2025-12-30T15:00:00+08:00,close为不复权；风险收益使用pct_chg÷100,千元,TuSharePro.daily,https://tushare.pro/document/1?doc_id=27,Fri Sep 04 2026 20:02:33 GMT+0800 (China Standard Time),公开行情历史快照
000333.SZ,美的集团,2025-10-09,72.63,-0.0413,4446685.218,有行情,日线,Asia/Shanghai,2025-12-30T15:00:00+08:00,close为不复权；风险收益使用pct_chg÷100,千元,TuSharePro.daily,https://tushare.pro/document/1?doc_id=27,Fri Sep 04 2026 20:02:33 GMT+0800 (China Standard Time),公开行情历史快照
000858.SZ,五粮液,2025-10-09,121.16,-0.2634,2455273.213,有行情,日线,Asia/Shanghai,2025-12-30T15:00:00+08:00,close为不复权；风险收益使用pct_chg÷100,千元,TuSharePro.daily,https://tushare.pro/document/1?doc_id=27,Fri Sep 04 2026 20:02:33 GMT+0800 (China Standard Time),公开行情历史快照
002594.SZ,比亚迪,2025-10-09,110.6,1.2728,11196004.667,有行情,日线,Asia/Shanghai,2025-12-30T15:00:00+08:00,close为不复权；风险收益使用pct_chg÷100,千元,TuSharePro.daily,https://tushare.pro/document/1?doc_id=27,Fri Sep 04 2026 20:02:33 GMT+0800 (China Standard Time),公开行情历史快照
300750.SZ,宁德时代,2025-10-09,409.89,1.9627,16989122.538,有行情,日线,Asia/Shanghai,2025-12-30T15:00:00+08:00,close为不复权；风险收益使用pct_chg÷100,千元,TuSharePro.daily,https://tushare.pro/document/1?doc_id=27,Fri Sep 04 2026 20:02:33 GMT+0800 (China Standard Time),公开行情历史快照
600519.SH,贵州茅台,2025-10-09,1436.78,-0.4993,7845448.947,有行情,日线,Asia/Shanghai,2025-12-30T15:00:00+08:00,close为不复权；风险收益使用pct_chg÷100,千元,TuSharePro.daily,https://tushare.pro/document/1?doc_id=27,Fri Sep 04 2026 20:02:33 GMT+0800 (China Standard Time),公开行情历史快照
601318.SH,中国平安,2025-10-09,55.04,-0.127,4521397.15,有行情,日线,Asia/Shanghai,2025-12-30T15:00:00+08:00,close为不复权；风险收益使用pct_chg÷100,千元,TuSharePro.daily,https://tushare.pro/document/1?doc_id=27,Fri Sep 04 2026 20:02:33 GMT+0800 (China Standard Time),公开行情历史快照
000333.SZ,美的集团,2025-10-10,72.83,0.2754,3168138.019,有行情,日线,Asia/Shanghai,2025-12-30T15:00:00+08:00,close为不复权；风险收益使用pct_chg÷100,千元,TuSharePro.daily,https://tushare.pro/document/1?doc_id=27,Fri Sep 04 2026 20:02:33 GMT+0800 (China Standard Time),公开行情历史快照
000858.SZ,五粮液,2025-10-10,120.73,-0.3549,2126979.085,有行情,日线,Asia/Shanghai,2025-12-30T15:00:00+08:00,close为不复权；风险收益使用pct_chg÷100,千元,TuSharePro.daily,https://tushare.pro/document/1?doc_id=27,Fri Sep 04 2026 20:02:33 GMT+0800 (China Standard Time),公开行情历史快照
002594.SZ,比亚迪,2025-10-10,107.79,-2.5407,6420415.513,有行情,日线,Asia/Shanghai,2025-12-30T15:00:00+08:00,close为不复权；风险收益使用pct_chg÷100,千元,TuSharePro.daily,https://tushare.pro/document/1?doc_id=27,Fri Sep 04 2026 20:02:33 GMT+0800 (China Standard Time),公开行情历史快照
300750.SZ,宁德时代,2025-10-10,381.95,-6.8165,20684330.795,有行情,日线,Asia/Shanghai,2025-12-30T15:00:00+08:00,close为不复权；风险收益使用pct_chg÷100,千元,TuSharePro.daily,https://tushare.pro/document/1?doc_id=27,Fri Sep 04 2026 20:02:33 GMT+0800 (China Standard Time),公开行情历史快照
600519.SH,贵州茅台,2025-10-10,1430.0,-0.4719,5157459.262,有行情,日线,Asia/Shanghai,2025-12-30T15:00:00+08:00,close为不复权；风险收益使用pct_chg÷100,千元,TuSharePro.daily,https://tushare.pro/document/1?doc_id=27,Fri Sep 04 2026 20:02:33 GMT+0800 (China Standard Time),公开行情历史快照
601318.SH,中国平安,2025-10-10,55.54,0.9084,3560844.773,有行情,日线,Asia/Shanghai,2025-12-30T15:00:00+08:00,close为不复权；风险收益使用pct_chg÷100,千元,TuSharePro.daily,https://tushare.pro/document/1?doc_id=27,Fri Sep 04 2026 20:02:33 GMT+0800 (China Standard Time),公开行情历史快照
000333.SZ,美的集团,2025-10-13,71.81,-1.4005,3450611.7,有行情,日线,Asia/Shanghai,2025-12-30T15:00:00+08:00,close为不复权；风险收益使用pct_chg÷100,千元,TuSharePro.daily,https://tushare.pro/document/1?doc_id=27,Fri Sep 04 2026 20:02:33 GMT+0800 (China Standard Time),公开行情历史快照
000858.SZ,五粮液,2025-10-13,119.85,-0.7289,2345294.276,有行情,日线,Asia/Shanghai,2025-12-30T15:00:00+08:00,close为不复权；风险收益使用pct_chg÷100,千元,TuSharePro.daily,https://tushare.pro/document/1?doc_id=27,Fri Sep 04 2026 20:02:33 GMT+0800 (China Standard Time),公开行情历史快照
002594.SZ,比亚迪,2025-10-13,105.69,-1.9482,7841774.365,有行情,日线,Asia/Shanghai,2025-12-30T15:00:00+08:00,close为不复权；风险收益使用pct_chg÷100,千元,TuSharePro.daily,https://tushare.pro/document/1?doc_id=27,Fri Sep 04 2026 20:02:33 GMT+0800 (China Standard Time),公开行情历史快照
300750.SZ,宁德时代,2025-10-13,374.5,-1.9505,17618650.277,有行情,日线,Asia/Shanghai,2025-12-30T15:00:00+08:00,close为不复权；风险收益使用pct_chg÷100,千元,TuSharePro.daily,https://tushare.pro/document/1?doc_id=27,Fri Sep 04 2026 20:02:33 GMT+0800 (China Standard Time),公开行情历史快照
600519.SH,贵州茅台,2025-10-13,1419.2,-0.7552,6533147.458,有行情,日线,Asia/Shanghai,2025-12-30T15:00:00+08:00,close为不复权；风险收益使用pct_chg÷100,千元,TuSharePro.daily,https://tushare.pro/document/1?doc_id=27,Fri Sep 04 2026 20:02:33 GMT+0800 (China Standard Time),公开行情历史快照
601318.SH,中国平安,2025-10-13,55.1,-0.7922,3353288.998,有行情,日线,Asia/Shanghai,2025-12-30T15:00:00+08:00,close为不复权；风险收益使用pct_chg÷100,千元,TuSharePro.daily,https://tushare.pro/document/1?doc_id=27,Fri Sep 04 2026 20:02:33 GMT+0800 (China Standard Time),公开行情历史快照
000333.SZ,美的集团,2025-10-14,72.6,1.1001,3767793.739,有行情,日线,Asia/Shanghai,2025-12-30T15:00:00+08:00,close为不复权；风险收益使用pct_chg÷100,千元,TuSharePro.daily,https://tushare.pro/document/1?doc_id=27,Fri Sep 04 2026 20:02:33 GMT+0800 (China Standard Time),公开行情历史快照
000858.SZ,五粮液,2025-10-14,122.07,1.8523,3543893.434,有行情,日线,Asia/Shanghai,2025-12-30T15:00:00+08:00,close为不复权；风险收益使用pct_chg÷100,千元,TuSharePro.daily,https://tushare.pro/document/1?doc_id=27,Fri Sep 04 2026 20:02:33 GMT+0800 (China Standard Time),公开行情历史快照
002594.SZ,比亚迪,2025-10-14,105.99,0.2838,8244228.529,有行情,日线,Asia/Shanghai,2025-12-30T15:00:00+08:00,close为不复权；风险收益使用pct_chg÷100,千元,TuSharePro.daily,https://tushare.pro/document/1?doc_id=27,Fri Sep 04 2026 20:02:33 GMT+0800 (China Standard Time),公开行情历史快照
300750.SZ,宁德时代,2025-10-14,358.0,-4.4059,18319370.881,有行情,日线,Asia/Shanghai,2025-12-30T15:00:00+08:00,close为不复权；风险收益使用pct_chg÷100,千元,TuSharePro.daily,https://tushare.pro/document/1?doc_id=27,Fri Sep 04 2026 20:02:33 GMT+0800 (China Standard Time),公开行情历史快照
600519.SH,贵州茅台,2025-10-14,1451.02,2.2421,9639484.605,有行情,日线,Asia/Shanghai,2025-12-30T15:00:00+08:00,close为不复权；风险收益使用pct_chg÷100,千元,TuSharePro.daily,https://tushare.pro/document/1?doc_id=27,Fri Sep 04 2026 20:02:33 GMT+0800 (China Standard Time),公开行情历史快照
601318.SH,中国平安,2025-10-14,56.48,2.5045,5757976.241,有行情,日线,Asia/Shanghai,2025-12-30T15:00:00+08:00,close为不复权；风险收益使用pct_chg÷100,千元,TuSharePro.daily,https://tushare.pro/document/1?doc_id=27,Fri Sep 04 2026 20:02:33 GMT+0800 (China Standard Time),公开行情历史快照
000333.SZ,美的集团,2025-10-15,72.92,0.4408,2753955.979,有行情,日线,Asia/Shanghai,2025-12-30T15:00:00+08:00,close为不复权；风险收益使用pct_chg÷100,千元,TuSharePro.daily,https://tushare.pro/document/1?doc_id=27,Fri Sep 04 2026 20:02:33 GMT+0800 (China Standard Time),公开行情历史快照
000858.SZ,五粮液,2025-10-15,122.07,0.0,2371853.783,有行情,日线,Asia/Shanghai,2025-12-30T15:00:00+08:00,close为不复权；风险收益使用pct_chg÷100,千元,TuSharePro.daily,https://tushare.pro/document/1?doc_id=27,Fri Sep 04 2026 20:02:33 GMT+0800 (China Standard Time),公开行情历史快照
002594.SZ,比亚迪,2025-10-15,107.1,1.0473,5063179.652,有行情,日线,Asia/Shanghai,2025-12-30T15:00:00+08:00,close为不复权；风险收益使用pct_chg÷100,千元,TuSharePro.daily,https://tushare.pro/document/1?doc_id=27,Fri Sep 04 2026 20:02:33 GMT+0800 (China Standard Time),公开行情历史快照
300750.SZ,宁德时代,2025-10-15,369.3,3.1564,13383852.917,有行情,日线,Asia/Shanghai,2025-12-30T15:00:00+08:00,close为不复权；风险收益使用pct_chg÷100,千元,TuSharePro.daily,https://tushare.pro/document/1?doc_id=27,Fri Sep 04 2026 20:02:33 GMT+0800 (China Standard Time),公开行情历史快照
600519.SH,贵州茅台,2025-10-15,1462.0,0.7567,6233407.482,有行情,日线,Asia/Shanghai,2025-12-30T15:00:00+08:00,close为不复权；风险收益使用pct_chg÷100,千元,TuSharePro.daily,https://tushare.pro/document/1?doc_id=27,Fri Sep 04 2026 20:02:33 GMT+0800 (China Standard Time),公开行情历史快照
601318.SH,中国平安,2025-10-15,57.81,2.3548,4793965.559,有行情,日线,Asia/Shanghai,2025-12-30T15:00:00+08:00,close为不复权；风险收益使用pct_chg÷100,千元,TuSharePro.daily,https://tushare.pro/document/1?doc_id=27,Fri Sep 04 2026 20:02:33 GMT+0800 (China Standard Time),公开行情历史快照
000333.SZ,美的集团,2025-10-16,73.18,0.3566,2535057.433,有行情,日线,Asia/Shanghai,2025-12-30T15:00:00+08:00,close为不复权；风险收益使用pct_chg÷100,千元,TuSharePro.daily,https://tushare.pro/document/1?doc_id=27,Fri Sep 04 2026 20:02:33 GMT+0800 (China Standard Time),公开行情历史快照
000858.SZ,五粮液,2025-10-16,122.74,0.5489,2427170.002,有行情,日线,Asia/Shanghai,2025-12-30T15:00:00+08:00,close为不复权；风险收益使用pct_chg÷100,千元,TuSharePro.daily,https://tushare.pro/document/1?doc_id=27,Fri Sep 04 2026 20:02:33 GMT+0800 (China Standard Time),公开行情历史快照
002594.SZ,比亚迪,2025-10-16,106.96,-0.1307,5628738.804,有行情,日线,Asia/Shanghai,2025-12-30T15:00:00+08:00,close为不复权；风险收益使用pct_chg÷100,千元,TuSharePro.daily,https://tushare.pro/document/1?doc_id=27,Fri Sep 04 2026 20:02:33 GMT+0800 (China Standard Time),公开行情历史快照
300750.SZ,宁德时代,2025-10-16,368.5,-0.2166,10185159.269,有行情,日线,Asia/Shanghai,2025-12-30T15:00:00+08:00,close为不复权；风险收益使用pct_chg÷100,千元,TuSharePro.daily,https://tushare.pro/document/1?doc_id=27,Fri Sep 04 2026 20:02:33 GMT+0800 (China Standard Time),公开行情历史快照
600519.SH,贵州茅台,2025-10-16,1484.91,1.567,6749162.949,有行情,日线,Asia/Shanghai,2025-12-30T15:00:00+08:00,close为不复权；风险收益使用pct_chg÷100,千元,TuSharePro.daily,https://tushare.pro/document/1?doc_id=27,Fri Sep 04 2026 20:02:33 GMT+0800 (China Standard Time),公开行情历史快照
601318.SH,中国平安,2025-10-16,58.02,0.3633,3966486.441,有行情,日线,Asia/Shanghai,2025-12-30T15:00:00+08:00,close为不复权；风险收益使用pct_chg÷100,千元,TuSharePro.daily,https://tushare.pro/document/1?doc_id=27,Fri Sep 04 2026 20:02:33 GMT+0800 (China Standard Time),公开行情历史快照
000333.SZ,美的集团,2025-10-17,72.8,-0.5193,2017092.908,有行情,日线,Asia/Shanghai,2025-12-30T15:00:00+08:00,close为不复权；风险收益使用pct_chg÷100,千元,TuSharePro.daily,https://tushare.pro/document/1?doc_id=27,Fri Sep 04 2026 20:02:33 GMT+0800 (China Standard Time),公开行情历史快照
000858.SZ,五粮液,2025-10-17,121.07,-1.3606,2197211.376,有行情,日线,Asia/Shanghai,2025-12-30T15:00:00+08:00,close为不复权；风险收益使用pct_chg÷100,千元,TuSharePro.daily,https://tushare.pro/document/1?doc_id=27,Fri Sep 04 2026 20:02:33 GMT+0800 (China Standard Time),公开行情历史快照
002594.SZ,比亚迪,2025-10-17,104.43,-2.3654,6576614.911,有行情,日线,Asia/Shanghai,2025-12-30T15:00:00+08:00,close为不复权；风险收益使用pct_chg÷100,千元,TuSharePro.daily,https://tushare.pro/document/1?doc_id=27,Fri Sep 04 2026 20:02:33 GMT+0800 (China Standard Time),公开行情历史快照
300750.SZ,宁德时代,2025-10-17,358.14,-2.8114,11588825.855,有行情,日线,Asia/Shanghai,2025-12-30T15:00:00+08:00,close为不复权；风险收益使用pct_chg÷100,千元,TuSharePro.daily,https://tushare.pro/document/1?doc_id=27,Fri Sep 04 2026 20:02:33 GMT+0800 (China Standard Time),公开行情历史快照
600519.SH,贵州茅台,2025-10-17,1455.0,-2.0143,5594724.9,有行情,日线,Asia/Shanghai,2025-12-30T15:00:00+08:00,close为不复权；风险收益使用pct_chg÷100,千元,TuSharePro.daily,https://tushare.pro/document/1?doc_id=27,Fri Sep 04 2026 20:02:33 GMT+0800 (China Standard Time),公开行情历史快照
601318.SH,中国平安,2025-10-17,57.28,-1.2754,3916934.527,有行情,日线,Asia/Shanghai,2025-12-30T15:00:00+08:00,close为不复权；风险收益使用pct_chg÷100,千元,TuSharePro.daily,https://tushare.pro/document/1?doc_id=27,Fri Sep 04 2026 20:02:33 GMT+0800 (China Standard Time),公开行情历史快照
000333.SZ,美的集团,2025-10-20,72.87,0.0962,2166679.568,有行情,日线,Asia/Shanghai,2025-12-30T15:00:00+08:00,close为不复权；风险收益使用pct_chg÷100,千元,TuSharePro.daily,https://tushare.pro/document/1?doc_id=27,Fri Sep 04 2026 20:02:33 GMT+0800 (China Standard Time),公开行情历史快照
000858.SZ,五粮液,2025-10-20,120.46,-0.5038,1589202.775,有行情,日线,Asia/Shanghai,2025-12-30T15:00:00+08:00,close为不复权；风险收益使用pct_chg÷100,千元,TuSharePro.daily,https://tushare.pro/document/1?doc_id=27,Fri Sep 04 2026 20:02:33 GMT+0800 (China Standard Time),公开行情历史快照
002594.SZ,比亚迪,2025-10-20,104.52,0.0862,3721699.722,有行情,日线,Asia/Shanghai,2025-12-30T15:00:00+08:00,close为不复权；风险收益使用pct_chg÷100,千元,TuSharePro.daily,https://tushare.pro/document/1?doc_id=27,Fri Sep 04 2026 20:02:33 GMT+0800 (China Standard Time),公开行情历史快照
300750.SZ,宁德时代,2025-10-20,366.5,2.3343,10372513.059,有行情,日线,Asia/Shanghai,2025-12-30T15:00:00+08:00,close为不复权；风险收益使用pct_chg÷100,千元,TuSharePro.daily,https://tushare.pro/document/1?doc_id=27,Fri Sep 04 2026 20:02:33 GMT+0800 (China Standard Time),公开行情历史快照
600519.SH,贵州茅台,2025-10-20,1457.93,0.2014,3793283.759,有行情,日线,Asia/Shanghai,2025-12-30T15:00:00+08:00,close为不复权；风险收益使用pct_chg÷100,千元,TuSharePro.daily,https://tushare.pro/document/1?doc_id=27,Fri Sep 04 2026 20:02:33 GMT+0800 (China Standard Time),公开行情历史快照
601318.SH,中国平安,2025-10-20,57.9,1.0824,3058431.634,有行情,日线,Asia/Shanghai,2025-12-30T15:00:00+08:00,close为不复权；风险收益使用pct_chg÷100,千元,TuSharePro.daily,https://tushare.pro/document/1?doc_id=27,Fri Sep 04 2026 20:02:33 GMT+0800 (China Standard Time),公开行情历史快照
000333.SZ,美的集团,2025-10-21,72.91,0.0549,2070032.731,有行情,日线,Asia/Shanghai,2025-12-30T15:00:00+08:00,close为不复权；风险收益使用pct_chg÷100,千元,TuSharePro.daily,https://tushare.pro/document/1?doc_id=27,Fri Sep 04 2026 20:02:33 GMT+0800 (China Standard Time),公开行情历史快照
000858.SZ,五粮液,2025-10-21,120.52,0.0498,1780274.211,有行情,日线,Asia/Shanghai,2025-12-30T15:00:00+08:00,close为不复权；风险收益使用pct_chg÷100,千元,TuSharePro.daily,https://tushare.pro/document/1?doc_id=27,Fri Sep 04 2026 20:02:33 GMT+0800 (China Standard Time),公开行情历史快照
002594.SZ,比亚迪,2025-10-21,104.76,0.2296,3133789.475,有行情,日线,Asia/Shanghai,2025-12-30T15:00:00+08:00,close为不复权；风险收益使用pct_chg÷100,千元,TuSharePro.daily,https://tushare.pro/document/1?doc_id=27,Fri Sep 04 2026 20:02:33 GMT+0800 (China Standard Time),公开行情历史快照
300750.SZ,宁德时代,2025-10-21,375.9,2.5648,16784956.526,有行情,日线,Asia/Shanghai,2025-12-30T15:00:00+08:00,close为不复权；风险收益使用pct_chg÷100,千元,TuSharePro.daily,https://tushare.pro/document/1?doc_id=27,Fri Sep 04 2026 20:02:33 GMT+0800 (China Standard Time),公开行情历史快照
600519.SH,贵州茅台,2025-10-21,1462.26,0.297,3727984.13,有行情,日线,Asia/Shanghai,2025-12-30T15:00:00+08:00,close为不复权；风险收益使用pct_chg÷100,千元,TuSharePro.daily,https://tushare.pro/document/1?doc_id=27,Fri Sep 04 2026 20:02:33 GMT+0800 (China Standard Time),公开行情历史快照
601318.SH,中国平安,2025-10-21,58.08,0.3109,4456452.771,有行情,日线,Asia/Shanghai,2025-12-30T15:00:00+08:00,close为不复权；风险收益使用pct_chg÷100,千元,TuSharePro.daily,https://tushare.pro/document/1?doc_id=27,Fri Sep 04 2026 20:02:33 GMT+0800 (China Standard Time),公开行情历史快照
000333.SZ,美的集团,2025-10-22,73.88,1.3304,2894112.406,有行情,日线,Asia/Shanghai,2025-12-30T15:00:00+08:00,close为不复权；风险收益使用pct_chg÷100,千元,TuSharePro.daily,https://tushare.pro/document/1?doc_id=27,Fri Sep 04 2026 20:02:33 GMT+0800 (China Standard Time),公开行情历史快照
000858.SZ,五粮液,2025-10-22,120.1,-0.3485,1536553.8,有行情,日线,Asia/Shanghai,2025-12-30T15:00:00+08:00,close为不复权；风险收益使用pct_chg÷100,千元,TuSharePro.daily,https://tushare.pro/document/1?doc_id=27,Fri Sep 04 2026 20:02:33 GMT+0800 (China Standard Time),公开行情历史快照
002594.SZ,比亚迪,2025-10-22,103.78,-0.9355,3715302.136,有行情,日线,Asia/Shanghai,2025-12-30T15:00:00+08:00,close为不复权；风险收益使用pct_chg÷100,千元,TuSharePro.daily,https://tushare.pro/document/1?doc_id=27,Fri Sep 04 2026 20:02:33 GMT+0800 (China Standard Time),公开行情历史快照
300750.SZ,宁德时代,2025-10-22,372.86,-0.8087,8178934.535,有行情,日线,Asia/Shanghai,2025-12-30T15:00:00+08:00,close为不复权；风险收益使用pct_chg÷100,千元,TuSharePro.daily,https://tushare.pro/document/1?doc_id=27,Fri Sep 04 2026 20:02:33 GMT+0800 (China Standard Time),公开行情历史快照
600519.SH,贵州茅台,2025-10-22,1458.7,-0.2435,2657486.636,有行情,日线,Asia/Shanghai,2025-12-30T15:00:00+08:00,close为不复权；风险收益使用pct_chg÷100,千元,TuSharePro.daily,https://tushare.pro/document/1?doc_id=27,Fri Sep 04 2026 20:02:33 GMT+0800 (China Standard Time),公开行情历史快照
601318.SH,中国平安,2025-10-22,58.21,0.2238,2211002.991,有行情,日线,Asia/Shanghai,2025-12-30T15:00:00+08:00,close为不复权；风险收益使用pct_chg÷100,千元,TuSharePro.daily,https://tushare.pro/document/1?doc_id=27,Fri Sep 04 2026 20:02:33 GMT+0800 (China Standard Time),公开行情历史快照
000333.SZ,美的集团,2025-10-23,74.89,1.3671,2588236.881,有行情,日线,Asia/Shanghai,2025-12-30T15:00:00+08:00,close为不复权；风险收益使用pct_chg÷100,千元,TuSharePro.daily,https://tushare.pro/document/1?doc_id=27,Fri Sep 04 2026 20:02:33 GMT+0800 (China Standard Time),公开行情历史快照
000858.SZ,五粮液,2025-10-23,121.33,1.0241,1879432.996,有行情,日线,Asia/Shanghai,2025-12-30T15:00:00+08:00,close为不复权；风险收益使用pct_chg÷100,千元,TuSharePro.daily,https://tushare.pro/document/1?doc_id=27,Fri Sep 04 2026 20:02:33 GMT+0800 (China Standard Time),公开行情历史快照
002594.SZ,比亚迪,2025-10-23,103.69,-0.0867,3889661.811,有行情,日线,Asia/Shanghai,2025-12-30T15:00:00+08:00,close为不复权；风险收益使用pct_chg÷100,千元,TuSharePro.daily,https://tushare.pro/document/1?doc_id=27,Fri Sep 04 2026 20:02:33 GMT+0800 (China Standard Time),公开行情历史快照
300750.SZ,宁德时代,2025-10-23,376.45,0.9628,8982628.027,有行情,日线,Asia/Shanghai,2025-12-30T15:00:00+08:00,close为不复权；风险收益使用pct_chg÷100,千元,TuSharePro.daily,https://tushare.pro/document/1?doc_id=27,Fri Sep 04 2026 20:02:33 GMT+0800 (China Standard Time),公开行情历史快照
600519.SH,贵州茅台,2025-10-23,1467.98,0.6362,4274652.09,有行情,日线,Asia/Shanghai,2025-12-30T15:00:00+08:00,close为不复权；风险收益使用pct_chg÷100,千元,TuSharePro.daily,https://tushare.pro/document/1?doc_id=27,Fri Sep 04 2026 20:02:33 GMT+0800 (China Standard Time),公开行情历史快照
601318.SH,中国平安,2025-10-23,58.75,0.9277,2943942.596,有行情,日线,Asia/Shanghai,2025-12-30T15:00:00+08:00,close为不复权；风险收益使用pct_chg÷100,千元,TuSharePro.daily,https://tushare.pro/document/1?doc_id=27,Fri Sep 04 2026 20:02:33 GMT+0800 (China Standard Time),公开行情历史快照
000333.SZ,美的集团,2025-10-24,74.61,-0.3739,1829626.026,有行情,日线,Asia/Shanghai,2025-12-30T15:00:00+08:00,close为不复权；风险收益使用pct_chg÷100,千元,TuSharePro.daily,https://tushare.pro/document/1?doc_id=27,Fri Sep 04 2026 20:02:33 GMT+0800 (China Standard Time),公开行情历史快照
000858.SZ,五粮液,2025-10-24,120.29,-0.8572,2099912.711,有行情,日线,Asia/Shanghai,2025-12-30T15:00:00+08:00,close为不复权；风险收益使用pct_chg÷100,千元,TuSharePro.daily,https://tushare.pro/document/1?doc_id=27,Fri Sep 04 2026 20:02:33 GMT+0800 (China Standard Time),公开行情历史快照
002594.SZ,比亚迪,2025-10-24,103.76,0.0675,3173964.302,有行情,日线,Asia/Shanghai,2025-12-30T15:00:00+08:00,close为不复权；风险收益使用pct_chg÷100,千元,TuSharePro.daily,https://tushare.pro/document/1?doc_id=27,Fri Sep 04 2026 20:02:33 GMT+0800 (China Standard Time),公开行情历史快照
300750.SZ,宁德时代,2025-10-24,385.77,2.4758,12276721.104,有行情,日线,Asia/Shanghai,2025-12-30T15:00:00+08:00,close为不复权；风险收益使用pct_chg÷100,千元,TuSharePro.daily,https://tushare.pro/document/1?doc_id=27,Fri Sep 04 2026 20:02:33 GMT+0800 (China Standard Time),公开行情历史快照
600519.SH,贵州茅台,2025-10-24,1450.0,-1.2248,5578603.148,有行情,日线,Asia/Shanghai,2025-12-30T15:00:00+08:00,close为不复权；风险收益使用pct_chg÷100,千元,TuSharePro.daily,https://tushare.pro/document/1?doc_id=27,Fri Sep 04 2026 20:02:33 GMT+0800 (China Standard Time),公开行情历史快照
601318.SH,中国平安,2025-10-24,57.88,0.1384,3240224.545,有行情,日线,Asia/Shanghai,2025-12-30T15:00:00+08:00,close为不复权；风险收益使用pct_chg÷100,千元,TuSharePro.daily,https://tushare.pro/document/1?doc_id=27,Fri Sep 04 2026 20:02:33 GMT+0800 (China Standard Time),公开行情历史快照
000333.SZ,美的集团,2025-10-27,74.88,0.3619,2552508.383,有行情,日线,Asia/Shanghai,2025-12-30T15:00:00+08:00,close为不复权；风险收益使用pct_chg÷100,千元,TuSharePro.daily,https://tushare.pro/document/1?doc_id=27,Fri Sep 04 2026 20:02:33 GMT+0800 (China Standard Time),公开行情历史快照
000858.SZ,五粮液,2025-10-27,120.29,0.0,1729967.257,有行情,日线,Asia/Shanghai,2025-12-30T15:00:00+08:00,close为不复权；风险收益使用pct_chg÷100,千元,TuSharePro.daily,https://tushare.pro/document/1?doc_id=27,Fri Sep 04 2026 20:02:33 GMT+0800 (China Standard Time),公开行情历史快照
002594.SZ,比亚迪,2025-10-27,104.01,0.2409,3607756.848,有行情,日线,Asia/Shanghai,2025-12-30T15:00:00+08:00,close为不复权；风险收益使用pct_chg÷100,千元,TuSharePro.daily,https://tushare.pro/document/1?doc_id=27,Fri Sep 04 2026 20:02:33 GMT+0800 (China Standard Time),公开行情历史快照
300750.SZ,宁德时代,2025-10-27,386.18,0.1063,15542852.577,有行情,日线,Asia/Shanghai,2025-12-30T15:00:00+08:00,close为不复权；风险收益使用pct_chg÷100,千元,TuSharePro.daily,https://tushare.pro/document/1?doc_id=27,Fri Sep 04 2026 20:02:33 GMT+0800 (China Standard Time),公开行情历史快照
600519.SH,贵州茅台,2025-10-27,1440.41,-0.6614,5352667.152,有行情,日线,Asia/Shanghai,2025-12-30T15:00:00+08:00,close为不复权；风险收益使用pct_chg÷100,千元,TuSharePro.daily,https://tushare.pro/document/1?doc_id=27,Fri Sep 04 2026 20:02:33 GMT+0800 (China Standard Time),公开行情历史快照
601318.SH,中国平安,2025-10-27,57.75,-0.2246,3964893.063,有行情,日线,Asia/Shanghai,2025-12-30T15:00:00+08:00,close为不复权；风险收益使用pct_chg÷100,千元,TuSharePro.daily,https://tushare.pro/document/1?doc_id=27,Fri Sep 04 2026 20:02:33 GMT+0800 (China Standard Time),公开行情历史快照
000333.SZ,美的集团,2025-10-28,74.41,-0.6277,1740011.912,有行情,日线,Asia/Shanghai,2025-12-30T15:00:00+08:00,close为不复权；风险收益使用pct_chg÷100,千元,TuSharePro.daily,https://tushare.pro/document/1?doc_id=27,Fri Sep 04 2026 20:02:33 GMT+0800 (China Standard Time),公开行情历史快照
000858.SZ,五粮液,2025-10-28,120.1,-0.158,1686492.048,有行情,日线,Asia/Shanghai,2025-12-30T15:00:00+08:00,close为不复权；风险收益使用pct_chg÷100,千元,TuSharePro.daily,https://tushare.pro/document/1?doc_id=27,Fri Sep 04 2026 20:02:33 GMT+0800 (China Standard Time),公开行情历史快照
002594.SZ,比亚迪,2025-10-28,103.72,-0.2788,2755526.047,有行情,日线,Asia/Shanghai,2025-12-30T15:00:00+08:00,close为不复权；风险收益使用pct_chg÷100,千元,TuSharePro.daily,https://tushare.pro/document/1?doc_id=27,Fri Sep 04 2026 20:02:33 GMT+0800 (China Standard Time),公开行情历史快照
300750.SZ,宁德时代,2025-10-28,386.48,0.0777,11160796.766,有行情,日线,Asia/Shanghai,2025-12-30T15:00:00+08:00,close为不复权；风险收益使用pct_chg÷100,千元,TuSharePro.daily,https://tushare.pro/document/1?doc_id=27,Fri Sep 04 2026 20:02:33 GMT+0800 (China Standard Time),公开行情历史快照
600519.SH,贵州茅台,2025-10-28,1445.0,0.3187,3923817.14,有行情,日线,Asia/Shanghai,2025-12-30T15:00:00+08:00,close为不复权；风险收益使用pct_chg÷100,千元,TuSharePro.daily,https://tushare.pro/document/1?doc_id=27,Fri Sep 04 2026 20:02:33 GMT+0800 (China Standard Time),公开行情历史快照
601318.SH,中国平安,2025-10-28,57.76,0.0173,2842864.953,有行情,日线,Asia/Shanghai,2025-12-30T15:00:00+08:00,close为不复权；风险收益使用pct_chg÷100,千元,TuSharePro.daily,https://tushare.pro/document/1?doc_id=27,Fri Sep 04 2026 20:02:33 GMT+0800 (China Standard Time),公开行情历史快照
000333.SZ,美的集团,2025-10-29,74.4,-0.0134,2025139.821,有行情,日线,Asia/Shanghai,2025-12-30T15:00:00+08:00,close为不复权；风险收益使用pct_chg÷100,千元,TuSharePro.daily,https://tushare.pro/document/1?doc_id=27,Fri Sep 04 2026 20:02:33 GMT+0800 (China Standard Time),公开行情历史快照
000858.SZ,五粮液,2025-10-29,118.83,-1.0575,2910549.08,有行情,日线,Asia/Shanghai,2025-12-30T15:00:00+08:00,close为不复权；风险收益使用pct_chg÷100,千元,TuSharePro.daily,https://tushare.pro/document/1?doc_id=27,Fri Sep 04 2026 20:02:33 GMT+0800 (China Standard Time),公开行情历史快照
002594.SZ,比亚迪,2025-10-29,104.52,0.7713,4128608.369,有行情,日线,Asia/Shanghai,2025-12-30T15:00:00+08:00,close为不复权；风险收益使用pct_chg÷100,千元,TuSharePro.daily,https://tushare.pro/document/1?doc_id=27,Fri Sep 04 2026 20:02:33 GMT+0800 (China Standard Time),公开行情历史快照
300750.SZ,宁德时代,2025-10-29,400.0,3.4982,13644645.226,有行情,日线,Asia/Shanghai,2025-12-30T15:00:00+08:00,close为不复权；风险收益使用pct_chg÷100,千元,TuSharePro.daily,https://tushare.pro/document/1?doc_id=27,Fri Sep 04 2026 20:02:33 GMT+0800 (China Standard Time),公开行情历史快照
600519.SH,贵州茅台,2025-10-29,1431.9,-0.9066,4868780.319,有行情,日线,Asia/Shanghai,2025-12-30T15:00:00+08:00,close为不复权；风险收益使用pct_chg÷100,千元,TuSharePro.daily,https://tushare.pro/document/1?doc_id=27,Fri Sep 04 2026 20:02:33 GMT+0800 (China Standard Time),公开行情历史快照
601318.SH,中国平安,2025-10-29,58.95,2.0602,6172236.795,有行情,日线,Asia/Shanghai,2025-12-30T15:00:00+08:00,close为不复权；风险收益使用pct_chg÷100,千元,TuSharePro.daily,https://tushare.pro/document/1?doc_id=27,Fri Sep 04 2026 20:02:33 GMT+0800 (China Standard Time),公开行情历史快照
000333.SZ,美的集团,2025-10-30,75.3,1.2097,3777679.276,有行情,日线,Asia/Shanghai,2025-12-30T15:00:00+08:00,close为不复权；风险收益使用pct_chg÷100,千元,TuSharePro.daily,https://tushare.pro/document/1?doc_id=27,Fri Sep 04 2026 20:02:33 GMT+0800 (China Standard Time),公开行情历史快照
000858.SZ,五粮液,2025-10-30,118.47,-0.303,2423170.734,有行情,日线,Asia/Shanghai,2025-12-30T15:00:00+08:00,close为不复权；风险收益使用pct_chg÷100,千元,TuSharePro.daily,https://tushare.pro/document/1?doc_id=27,Fri Sep 04 2026 20:02:33 GMT+0800 (China Standard Time),公开行情历史快照
002594.SZ,比亚迪,2025-10-30,103.61,-0.8706,3733925.603,有行情,日线,Asia/Shanghai,2025-12-30T15:00:00+08:00,close为不复权；风险收益使用pct_chg÷100,千元,TuSharePro.daily,https://tushare.pro/document/1?doc_id=27,Fri Sep 04 2026 20:02:33 GMT+0800 (China Standard Time),公开行情历史快照
300750.SZ,宁德时代,2025-10-30,398.29,-0.4275,13797530.229,有行情,日线,Asia/Shanghai,2025-12-30T15:00:00+08:00,close为不复权；风险收益使用pct_chg÷100,千元,TuSharePro.daily,https://tushare.pro/document/1?doc_id=27,Fri Sep 04 2026 20:02:33 GMT+0800 (China Standard Time),公开行情历史快照
600519.SH,贵州茅台,2025-10-30,1426.74,-0.3604,6768821.311,有行情,日线,Asia/Shanghai,2025-12-30T15:00:00+08:00,close为不复权；风险收益使用pct_chg÷100,千元,TuSharePro.daily,https://tushare.pro/document/1?doc_id=27,Fri Sep 04 2026 20:02:33 GMT+0800 (China Standard Time),公开行情历史快照
601318.SH,中国平安,2025-10-30,58.65,-0.5089,4424147.711,有行情,日线,Asia/Shanghai,2025-12-30T15:00:00+08:00,close为不复权；风险收益使用pct_chg÷100,千元,TuSharePro.daily,https://tushare.pro/document/1?doc_id=27,Fri Sep 04 2026 20:02:33 GMT+0800 (China Standard Time),公开行情历史快照
000333.SZ,美的集团,2025-10-31,76.4,1.4608,3888018.216,有行情,日线,Asia/Shanghai,2025-12-30T15:00:00+08:00,close为不复权；风险收益使用pct_chg÷100,千元,TuSharePro.daily,https://tushare.pro/document/1?doc_id=27,Fri Sep 04 2026 20:02:33 GMT+0800 (China Standard Time),公开行情历史快照
000858.SZ,五粮液,2025-10-31,118.99,0.4389,4986642.237,有行情,日线,Asia/Shanghai,2025-12-30T15:00:00+08:00,close为不复权；风险收益使用pct_chg÷100,千元,TuSharePro.daily,https://tushare.pro/document/1?doc_id=27,Fri Sep 04 2026 20:02:33 GMT+0800 (China Standard Time),公开行情历史快照
002594.SZ,比亚迪,2025-10-31,100.79,-2.7217,6418551.106,有行情,日线,Asia/Shanghai,2025-12-30T15:00:00+08:00,close为不复权；风险收益使用pct_chg÷100,千元,TuSharePro.daily,https://tushare.pro/document/1?doc_id=27,Fri Sep 04 2026 20:02:33 GMT+0800 (China Standard Time),公开行情历史快照
300750.SZ,宁德时代,2025-10-31,388.77,-2.3902,13515773.431,有行情,日线,Asia/Shanghai,2025-12-30T15:00:00+08:00,close为不复权；风险收益使用pct_chg÷100,千元,TuSharePro.daily,https://tushare.pro/document/1?doc_id=27,Fri Sep 04 2026 20:02:33 GMT+0800 (China Standard Time),公开行情历史快照
600519.SH,贵州茅台,2025-10-31,1430.01,0.2292,5109623.861,有行情,日线,Asia/Shanghai,2025-12-30T15:00:00+08:00,close为不复权；风险收益使用pct_chg÷100,千元,TuSharePro.daily,https://tushare.pro/document/1?doc_id=27,Fri Sep 04 2026 20:02:33 GMT+0800 (China Standard Time),公开行情历史快照
601318.SH,中国平安,2025-10-31,57.83,-1.3981,3331214.748,有行情,日线,Asia/Shanghai,2025-12-30T15:00:00+08:00,close为不复权；风险收益使用pct_chg÷100,千元,TuSharePro.daily,https://tushare.pro/document/1?doc_id=27,Fri Sep 04 2026 20:02:33 GMT+0800 (China Standard Time),公开行情历史快照
000333.SZ,美的集团,2025-11-03,75.39,-1.322,2132026.191,有行情,日线,Asia/Shanghai,2025-12-30T15:00:00+08:00,close为不复权；风险收益使用pct_chg÷100,千元,TuSharePro.daily,https://tushare.pro/document/1?doc_id=27,Fri Sep 04 2026 20:02:33 GMT+0800 (China Standard Time),公开行情历史快照
000858.SZ,五粮液,2025-11-03,118.98,-0.0084,2646147.018,有行情,日线,Asia/Shanghai,2025-12-30T15:00:00+08:00,close为不复权；风险收益使用pct_chg÷100,千元,TuSharePro.daily,https://tushare.pro/document/1?doc_id=27,Fri Sep 04 2026 20:02:33 GMT+0800 (China Standard Time),公开行情历史快照
002594.SZ,比亚迪,2025-11-03,99.6,-1.1807,5472679.665,有行情,日线,Asia/Shanghai,2025-12-30T15:00:00+08:00,close为不复权；风险收益使用pct_chg÷100,千元,TuSharePro.daily,https://tushare.pro/document/1?doc_id=27,Fri Sep 04 2026 20:02:33 GMT+0800 (China Standard Time),公开行情历史快照
300750.SZ,宁德时代,2025-11-03,386.86,-0.4913,10106566.781,有行情,日线,Asia/Shanghai,2025-12-30T15:00:00+08:00,close为不复权；风险收益使用pct_chg÷100,千元,TuSharePro.daily,https://tushare.pro/document/1?doc_id=27,Fri Sep 04 2026 20:02:33 GMT+0800 (China Standard Time),公开行情历史快照
600519.SH,贵州茅台,2025-11-03,1435.0,0.3489,4945310.83,有行情,日线,Asia/Shanghai,2025-12-30T15:00:00+08:00,close为不复权；风险收益使用pct_chg÷100,千元,TuSharePro.daily,https://tushare.pro/document/1?doc_id=27,Fri Sep 04 2026 20:02:33 GMT+0800 (China Standard Time),公开行情历史快照
601318.SH,中国平安,2025-11-03,58.31,0.83,2399870.47,有行情,日线,Asia/Shanghai,2025-12-30T15:00:00+08:00,close为不复权；风险收益使用pct_chg÷100,千元,TuSharePro.daily,https://tushare.pro/document/1?doc_id=27,Fri Sep 04 2026 20:02:33 GMT+0800 (China Standard Time),公开行情历史快照
000333.SZ,美的集团,2025-11-04,75.16,-0.3051,2282008.18,有行情,日线,Asia/Shanghai,2025-12-30T15:00:00+08:00,close为不复权；风险收益使用pct_chg÷100,千元,TuSharePro.daily,https://tushare.pro/document/1?doc_id=27,Fri Sep 04 2026 20:02:33 GMT+0800 (China Standard Time),公开行情历史快照
000858.SZ,五粮液,2025-11-04,117.16,-1.5297,2034069.113,有行情,日线,Asia/Shanghai,2025-12-30T15:00:00+08:00,close为不复权；风险收益使用pct_chg÷100,千元,TuSharePro.daily,https://tushare.pro/document/1?doc_id=27,Fri Sep 04 2026 20:02:33 GMT+0800 (China Standard Time),公开行情历史快照
002594.SZ,比亚迪,2025-11-04,97.8,-1.8072,4274197.474,有行情,日线,Asia/Shanghai,2025-12-30T15:00:00+08:00,close为不复权；风险收益使用pct_chg÷100,千元,TuSharePro.daily,https://tushare.pro/document/1?doc_id=27,Fri Sep 04 2026 20:02:33 GMT+0800 (China Standard Time),公开行情历史快照
300750.SZ,宁德时代,2025-11-04,378.95,-2.0447,9091842.153,有行情,日线,Asia/Shanghai,2025-12-30T15:00:00+08:00,close为不复权；风险收益使用pct_chg÷100,千元,TuSharePro.daily,https://tushare.pro/document/1?doc_id=27,Fri Sep 04 2026 20:02:33 GMT+0800 (China Standard Time),公开行情历史快照
600519.SH,贵州茅台,2025-11-04,1429.0,-0.4181,3793892.903,有行情,日线,Asia/Shanghai,2025-12-30T15:00:00+08:00,close为不复权；风险收益使用pct_chg÷100,千元,TuSharePro.daily,https://tushare.pro/document/1?doc_id=27,Fri Sep 04 2026 20:02:33 GMT+0800 (China Standard Time),公开行情历史快照
601318.SH,中国平安,2025-11-04,58.94,1.0804,3045009.961,有行情,日线,Asia/Shanghai,2025-12-30T15:00:00+08:00,close为不复权；风险收益使用pct_chg÷100,千元,TuSharePro.daily,https://tushare.pro/document/1?doc_id=27,Fri Sep 04 2026 20:02:33 GMT+0800 (China Standard Time),公开行情历史快照
000333.SZ,美的集团,2025-11-05,75.94,1.0378,2015978.787,有行情,日线,Asia/Shanghai,2025-12-30T15:00:00+08:00,close为不复权；风险收益使用pct_chg÷100,千元,TuSharePro.daily,https://tushare.pro/document/1?doc_id=27,Fri Sep 04 2026 20:02:33 GMT+0800 (China Standard Time),公开行情历史快照
000858.SZ,五粮液,2025-11-05,116.18,-0.8365,1915561.293,有行情,日线,Asia/Shanghai,2025-12-30T15:00:00+08:00,close为不复权；风险收益使用pct_chg÷100,千元,TuSharePro.daily,https://tushare.pro/document/1?doc_id=27,Fri Sep 04 2026 20:02:33 GMT+0800 (China Standard Time),公开行情历史快照
002594.SZ,比亚迪,2025-11-05,95.8,-2.045,5617215.879,有行情,日线,Asia/Shanghai,2025-12-30T15:00:00+08:00,close为不复权；风险收益使用pct_chg÷100,千元,TuSharePro.daily,https://tushare.pro/document/1?doc_id=27,Fri Sep 04 2026 20:02:33 GMT+0800 (China Standard Time),公开行情历史快照
300750.SZ,宁德时代,2025-11-05,388.7,2.5729,11937586.811,有行情,日线,Asia/Shanghai,2025-12-30T15:00:00+08:00,close为不复权；风险收益使用pct_chg÷100,千元,TuSharePro.daily,https://tushare.pro/document/1?doc_id=27,Fri Sep 04 2026 20:02:33 GMT+0800 (China Standard Time),公开行情历史快照
600519.SH,贵州茅台,2025-11-05,1420.08,-0.6242,4908475.373,有行情,日线,Asia/Shanghai,2025-12-30T15:00:00+08:00,close为不复权；风险收益使用pct_chg÷100,千元,TuSharePro.daily,https://tushare.pro/document/1?doc_id=27,Fri Sep 04 2026 20:02:33 GMT+0800 (China Standard Time),公开行情历史快照
601318.SH,中国平安,2025-11-05,58.32,-1.0519,2348603.001,有行情,日线,Asia/Shanghai,2025-12-30T15:00:00+08:00,close为不复权；风险收益使用pct_chg÷100,千元,TuSharePro.daily,https://tushare.pro/document/1?doc_id=27,Fri Sep 04 2026 20:02:33 GMT+0800 (China Standard Time),公开行情历史快照
000333.SZ,美的集团,2025-11-06,77.03,1.4353,2732619.897,有行情,日线,Asia/Shanghai,2025-12-30T15:00:00+08:00,close为不复权；风险收益使用pct_chg÷100,千元,TuSharePro.daily,https://tushare.pro/document/1?doc_id=27,Fri Sep 04 2026 20:02:33 GMT+0800 (China Standard Time),公开行情历史快照
000858.SZ,五粮液,2025-11-06,116.17,-0.0086,1803321.902,有行情,日线,Asia/Shanghai,2025-12-30T15:00:00+08:00,close为不复权；风险收益使用pct_chg÷100,千元,TuSharePro.daily,https://tushare.pro/document/1?doc_id=27,Fri Sep 04 2026 20:02:33 GMT+0800 (China Standard Time),公开行情历史快照
002594.SZ,比亚迪,2025-11-06,97.52,1.7954,3897723.836,有行情,日线,Asia/Shanghai,2025-12-30T15:00:00+08:00,close为不复权；风险收益使用pct_chg÷100,千元,TuSharePro.daily,https://tushare.pro/document/1?doc_id=27,Fri Sep 04 2026 20:02:33 GMT+0800 (China Standard Time),公开行情历史快照
300750.SZ,宁德时代,2025-11-06,394.68,1.5385,9261688.312,有行情,日线,Asia/Shanghai,2025-12-30T15:00:00+08:00,close为不复权；风险收益使用pct_chg÷100,千元,TuSharePro.daily,https://tushare.pro/document/1?doc_id=27,Fri Sep 04 2026 20:02:33 GMT+0800 (China Standard Time),公开行情历史快照
600519.SH,贵州茅台,2025-11-06,1435.13,1.0598,5505960.415,有行情,日线,Asia/Shanghai,2025-12-30T15:00:00+08:00,close为不复权；风险收益使用pct_chg÷100,千元,TuSharePro.daily,https://tushare.pro/document/1?doc_id=27,Fri Sep 04 2026 20:02:33 GMT+0800 (China Standard Time),公开行情历史快照
601318.SH,中国平安,2025-11-06,58.9,0.9945,3224909.538,有行情,日线,Asia/Shanghai,2025-12-30T15:00:00+08:00,close为不复权；风险收益使用pct_chg÷100,千元,TuSharePro.daily,https://tushare.pro/document/1?doc_id=27,Fri Sep 04 2026 20:02:33 GMT+0800 (China Standard Time),公开行情历史快照
000333.SZ,美的集团,2025-11-07,76.2,-1.0775,2021807.28,有行情,日线,Asia/Shanghai,2025-12-30T15:00:00+08:00,close为不复权；风险收益使用pct_chg÷100,千元,TuSharePro.daily,https://tushare.pro/document/1?doc_id=27,Fri Sep 04 2026 20:02:33 GMT+0800 (China Standard Time),公开行情历史快照
000858.SZ,五粮液,2025-11-07,116.75,0.4993,1694831.993,有行情,日线,Asia/Shanghai,2025-12-30T15:00:00+08:00,close为不复权；风险收益使用pct_chg÷100,千元,TuSharePro.daily,https://tushare.pro/document/1?doc_id=27,Fri Sep 04 2026 20:02:33 GMT+0800 (China Standard Time),公开行情历史快照
002594.SZ,比亚迪,2025-11-07,97.2,-0.3281,3145817.991,有行情,日线,Asia/Shanghai,2025-12-30T15:00:00+08:00,close为不复权；风险收益使用pct_chg÷100,千元,TuSharePro.daily,https://tushare.pro/document/1?doc_id=27,Fri Sep 04 2026 20:02:33 GMT+0800 (China Standard Time),公开行情历史快照
300750.SZ,宁德时代,2025-11-07,395.37,0.1748,6516185.371,有行情,日线,Asia/Shanghai,2025-12-30T15:00:00+08:00,close为不复权；风险收益使用pct_chg÷100,千元,TuSharePro.daily,https://tushare.pro/document/1?doc_id=27,Fri Sep 04 2026 20:02:33 GMT+0800 (China Standard Time),公开行情历史快照
600519.SH,贵州茅台,2025-11-07,1433.33,-0.1254,2704995.856,有行情,日线,Asia/Shanghai,2025-12-30T15:00:00+08:00,close为不复权；风险收益使用pct_chg÷100,千元,TuSharePro.daily,https://tushare.pro/document/1?doc_id=27,Fri Sep 04 2026 20:02:33 GMT+0800 (China Standard Time),公开行情历史快照
601318.SH,中国平安,2025-11-07,58.89,-0.017,2191134.861,有行情,日线,Asia/Shanghai,2025-12-30T15:00:00+08:00,close为不复权；风险收益使用pct_chg÷100,千元,TuSharePro.daily,https://tushare.pro/document/1?doc_id=27,Fri Sep 04 2026 20:02:33 GMT+0800 (China Standard Time),公开行情历史快照
000333.SZ,美的集团,2025-11-10,77.33,1.4829,3010493.959,有行情,日线,Asia/Shanghai,2025-12-30T15:00:00+08:00,close为不复权；风险收益使用pct_chg÷100,千元,TuSharePro.daily,https://tushare.pro/document/1?doc_id=27,Fri Sep 04 2026 20:02:33 GMT+0800 (China Standard Time),公开行情历史快照
000858.SZ,五粮液,2025-11-10,120.8,3.469,5132402.569,有行情,日线,Asia/Shanghai,2025-12-30T15:00:00+08:00,close为不复权；风险收益使用pct_chg÷100,千元,TuSharePro.daily,https://tushare.pro/document/1?doc_id=27,Fri Sep 04 2026 20:02:33 GMT+0800 (China Standard Time),公开行情历史快照
002594.SZ,比亚迪,2025-11-10,99.39,2.2531,5513238.813,有行情,日线,Asia/Shanghai,2025-12-30T15:00:00+08:00,close为不复权；风险收益使用pct_chg÷100,千元,TuSharePro.daily,https://tushare.pro/document/1?doc_id=27,Fri Sep 04 2026 20:02:33 GMT+0800 (China Standard Time),公开行情历史快照
300750.SZ,宁德时代,2025-11-10,384.51,-2.7468,9267204.047,有行情,日线,Asia/Shanghai,2025-12-30T15:00:00+08:00,close为不复权；风险收益使用pct_chg÷100,千元,TuSharePro.daily,https://tushare.pro/document/1?doc_id=27,Fri Sep 04 2026 20:02:33 GMT+0800 (China Standard Time),公开行情历史快照
600519.SH,贵州茅台,2025-11-10,1462.3,2.0212,7181246.441,有行情,日线,Asia/Shanghai,2025-12-30T15:00:00+08:00,close为不复权；风险收益使用pct_chg÷100,千元,TuSharePro.daily,https://tushare.pro/document/1?doc_id=27,Fri Sep 04 2026 20:02:33 GMT+0800 (China Standard Time),公开行情历史快照
601318.SH,中国平安,2025-11-10,59.3,0.6962,3132320.906,有行情,日线,Asia/Shanghai,2025-12-30T15:00:00+08:00,close为不复权；风险收益使用pct_chg÷100,千元,TuSharePro.daily,https://tushare.pro/document/1?doc_id=27,Fri Sep 04 2026 20:02:33 GMT+0800 (China Standard Time),公开行情历史快照
000333.SZ,美的集团,2025-11-11,77.23,-0.1293,1755331.384,有行情,日线,Asia/Shanghai,2025-12-30T15:00:00+08:00,close为不复权；风险收益使用pct_chg÷100,千元,TuSharePro.daily,https://tushare.pro/document/1?doc_id=27,Fri Sep 04 2026 20:02:33 GMT+0800 (China Standard Time),公开行情历史快照
000858.SZ,五粮液,2025-11-11,120.78,-0.0166,2754670.11,有行情,日线,Asia/Shanghai,2025-12-30T15:00:00+08:00,close为不复权；风险收益使用pct_chg÷100,千元,TuSharePro.daily,https://tushare.pro/document/1?doc_id=27,Fri Sep 04 2026 20:02:33 GMT+0800 (China Standard Time),公开行情历史快照
002594.SZ,比亚迪,2025-11-11,98.71,-0.6842,3161124.11,有行情,日线,Asia/Shanghai,2025-12-30T15:00:00+08:00,close为不复权；风险收益使用pct_chg÷100,千元,TuSharePro.daily,https://tushare.pro/document/1?doc_id=27,Fri Sep 04 2026 20:02:33 GMT+0800 (China Standard Time),公开行情历史快照
300750.SZ,宁德时代,2025-11-11,385.6,0.2835,7500041.113,有行情,日线,Asia/Shanghai,2025-12-30T15:00:00+08:00,close为不复权；风险收益使用pct_chg÷100,千元,TuSharePro.daily,https://tushare.pro/document/1?doc_id=27,Fri Sep 04 2026 20:02:33 GMT+0800 (China Standard Time),公开行情历史快照
600519.SH,贵州茅台,2025-11-11,1458.99,-0.2264,3882776.772,有行情,日线,Asia/Shanghai,2025-12-30T15:00:00+08:00,close为不复权；风险收益使用pct_chg÷100,千元,TuSharePro.daily,https://tushare.pro/document/1?doc_id=27,Fri Sep 04 2026 20:02:33 GMT+0800 (China Standard Time),公开行情历史快照
601318.SH,中国平安,2025-11-11,59.2,-0.1686,2143772.917,有行情,日线,Asia/Shanghai,2025-12-30T15:00:00+08:00,close为不复权；风险收益使用pct_chg÷100,千元,TuSharePro.daily,https://tushare.pro/document/1?doc_id=27,Fri Sep 04 2026 20:02:33 GMT+0800 (China Standard Time),公开行情历史快照
000333.SZ,美的集团,2025-11-12,79.49,2.9263,5857421.168,有行情,日线,Asia/Shanghai,2025-12-30T15:00:00+08:00,close为不复权；风险收益使用pct_chg÷100,千元,TuSharePro.daily,https://tushare.pro/document/1?doc_id=27,Fri Sep 04 2026 20:02:33 GMT+0800 (China Standard Time),公开行情历史快照
000858.SZ,五粮液,2025-11-12,120.38,-0.3312,2700551.157,有行情,日线,Asia/Shanghai,2025-12-30T15:00:00+08:00,close为不复权；风险收益使用pct_chg÷100,千元,TuSharePro.daily,https://tushare.pro/document/1?doc_id=27,Fri Sep 04 2026 20:02:33 GMT+0800 (China Standard Time),公开行情历史快照
002594.SZ,比亚迪,2025-11-12,97.77,-0.9523,2555847.684,有行情,日线,Asia/Shanghai,2025-12-30T15:00:00+08:00,close为不复权；风险收益使用pct_chg÷100,千元,TuSharePro.daily,https://tushare.pro/document/1?doc_id=27,Fri Sep 04 2026 20:02:33 GMT+0800 (China Standard Time),公开行情历史快照
300750.SZ,宁德时代,2025-11-12,386.38,0.2023,8261238.197,有行情,日线,Asia/Shanghai,2025-12-30T15:00:00+08:00,close为不复权；风险收益使用pct_chg÷100,千元,TuSharePro.daily,https://tushare.pro/document/1?doc_id=27,Fri Sep 04 2026 20:02:33 GMT+0800 (China Standard Time),公开行情历史快照
600519.SH,贵州茅台,2025-11-12,1465.15,0.4222,4849073.051,有行情,日线,Asia/Shanghai,2025-12-30T15:00:00+08:00,close为不复权；风险收益使用pct_chg÷100,千元,TuSharePro.daily,https://tushare.pro/document/1?doc_id=27,Fri Sep 04 2026 20:02:33 GMT+0800 (China Standard Time),公开行情历史快照
601318.SH,中国平安,2025-11-12,60.03,1.402,8994592.304,有行情,日线,Asia/Shanghai,2025-12-30T15:00:00+08:00,close为不复权；风险收益使用pct_chg÷100,千元,TuSharePro.daily,https://tushare.pro/document/1?doc_id=27,Fri Sep 04 2026 20:02:33 GMT+0800 (China Standard Time),公开行情历史快照
000333.SZ,美的集团,2025-11-13,79.6,0.1384,2639881.174,有行情,日线,Asia/Shanghai,2025-12-30T15:00:00+08:00,close为不复权；风险收益使用pct_chg÷100,千元,TuSharePro.daily,https://tushare.pro/document/1?doc_id=27,Fri Sep 04 2026 20:02:33 GMT+0800 (China Standard Time),公开行情历史快照
000858.SZ,五粮液,2025-11-13,121.2,0.6812,1928439.961,有行情,日线,Asia/Shanghai,2025-12-30T15:00:00+08:00,close为不复权；风险收益使用pct_chg÷100,千元,TuSharePro.daily,https://tushare.pro/document/1?doc_id=27,Fri Sep 04 2026 20:02:33 GMT+0800 (China Standard Time),公开行情历史快照
002594.SZ,比亚迪,2025-11-13,99.83,2.107,5759429.264,有行情,日线,Asia/Shanghai,2025-12-30T15:00:00+08:00,close为不复权；风险收益使用pct_chg÷100,千元,TuSharePro.daily,https://tushare.pro/document/1?doc_id=27,Fri Sep 04 2026 20:02:33 GMT+0800 (China Standard Time),公开行情历史快照
300750.SZ,宁德时代,2025-11-13,415.6,7.5625,22945441.956,有行情,日线,Asia/Shanghai,2025-12-30T15:00:00+08:00,close为不复权；风险收益使用pct_chg÷100,千元,TuSharePro.daily,https://tushare.pro/document/1?doc_id=27,Fri Sep 04 2026 20:02:33 GMT+0800 (China Standard Time),公开行情历史快照
600519.SH,贵州茅台,2025-11-13,1470.38,0.357,4569178.269,有行情,日线,Asia/Shanghai,2025-12-30T15:00:00+08:00,close为不复权；风险收益使用pct_chg÷100,千元,TuSharePro.daily,https://tushare.pro/document/1?doc_id=27,Fri Sep 04 2026 20:02:33 GMT+0800 (China Standard Time),公开行情历史快照
601318.SH,中国平安,2025-11-13,60.88,1.416,5421878.882,有行情,日线,Asia/Shanghai,2025-12-30T15:00:00+08:00,close为不复权；风险收益使用pct_chg÷100,千元,TuSharePro.daily,https://tushare.pro/document/1?doc_id=27,Fri Sep 04 2026 20:02:33 GMT+0800 (China Standard Time),公开行情历史快照
000333.SZ,美的集团,2025-11-14,79.23,-0.4648,2181244.56,有行情,日线,Asia/Shanghai,2025-12-30T15:00:00+08:00,close为不复权；风险收益使用pct_chg÷100,千元,TuSharePro.daily,https://tushare.pro/document/1?doc_id=27,Fri Sep 04 2026 20:02:33 GMT+0800 (China Standard Time),公开行情历史快照
000858.SZ,五粮液,2025-11-14,120.21,-0.8168,1683294.872,有行情,日线,Asia/Shanghai,2025-12-30T15:00:00+08:00,close为不复权；风险收益使用pct_chg÷100,千元,TuSharePro.daily,https://tushare.pro/document/1?doc_id=27,Fri Sep 04 2026 20:02:33 GMT+0800 (China Standard Time),公开行情历史快照
002594.SZ,比亚迪,2025-11-14,98.37,-1.4625,3396134.916,有行情,日线,Asia/Shanghai,2025-12-30T15:00:00+08:00,close为不复权；风险收益使用pct_chg÷100,千元,TuSharePro.daily,https://tushare.pro/document/1?doc_id=27,Fri Sep 04 2026 20:02:33 GMT+0800 (China Standard Time),公开行情历史快照
300750.SZ,宁德时代,2025-11-14,404.12,-2.7623,9879119.548,有行情,日线,Asia/Shanghai,2025-12-30T15:00:00+08:00,close为不复权；风险收益使用pct_chg÷100,千元,TuSharePro.daily,https://tushare.pro/document/1?doc_id=27,Fri Sep 04 2026 20:02:33 GMT+0800 (China Standard Time),公开行情历史快照
600519.SH,贵州茅台,2025-11-14,1456.6,-0.9372,4031007.106,有行情,日线,Asia/Shanghai,2025-12-30T15:00:00+08:00,close为不复权；风险收益使用pct_chg÷100,千元,TuSharePro.daily,https://tushare.pro/document/1?doc_id=27,Fri Sep 04 2026 20:02:33 GMT+0800 (China Standard Time),公开行情历史快照
601318.SH,中国平安,2025-11-14,60.65,-0.3778,4630168.806,有行情,日线,Asia/Shanghai,2025-12-30T15:00:00+08:00,close为不复权；风险收益使用pct_chg÷100,千元,TuSharePro.daily,https://tushare.pro/document/1?doc_id=27,Fri Sep 04 2026 20:02:33 GMT+0800 (China Standard Time),公开行情历史快照
000333.SZ,美的集团,2025-11-17,78.42,-1.0223,2050426.784,有行情,日线,Asia/Shanghai,2025-12-30T15:00:00+08:00,close为不复权；风险收益使用pct_chg÷100,千元,TuSharePro.daily,https://tushare.pro/document/1?doc_id=27,Fri Sep 04 2026 20:02:33 GMT+0800 (China Standard Time),公开行情历史快照
000858.SZ,五粮液,2025-11-17,120.15,-0.0499,1406740.312,有行情,日线,Asia/Shanghai,2025-12-30T15:00:00+08:00,close为不复权；风险收益使用pct_chg÷100,千元,TuSharePro.daily,https://tushare.pro/document/1?doc_id=27,Fri Sep 04 2026 20:02:33 GMT+0800 (China Standard Time),公开行情历史快照
002594.SZ,比亚迪,2025-11-17,98.08,-0.2948,2029207.779,有行情,日线,Asia/Shanghai,2025-12-30T15:00:00+08:00,close为不复权；风险收益使用pct_chg÷100,千元,TuSharePro.daily,https://tushare.pro/document/1?doc_id=27,Fri Sep 04 2026 20:02:33 GMT+0800 (China Standard Time),公开行情历史快照
300750.SZ,宁德时代,2025-11-17,390.78,-3.301,18542294.255,有行情,日线,Asia/Shanghai,2025-12-30T15:00:00+08:00,close为不复权；风险收益使用pct_chg÷100,千元,TuSharePro.daily,https://tushare.pro/document/1?doc_id=27,Fri Sep 04 2026 20:02:33 GMT+0800 (China Standard Time),公开行情历史快照
600519.SH,贵州茅台,2025-11-17,1471.0,0.9886,5035780.027,有行情,日线,Asia/Shanghai,2025-12-30T15:00:00+08:00,close为不复权；风险收益使用pct_chg÷100,千元,TuSharePro.daily,https://tushare.pro/document/1?doc_id=27,Fri Sep 04 2026 20:02:33 GMT+0800 (China Standard Time),公开行情历史快照
601318.SH,中国平安,2025-11-17,59.83,-1.352,3354710.745,有行情,日线,Asia/Shanghai,2025-12-30T15:00:00+08:00,close为不复权；风险收益使用pct_chg÷100,千元,TuSharePro.daily,https://tushare.pro/document/1?doc_id=27,Fri Sep 04 2026 20:02:33 GMT+0800 (China Standard Time),公开行情历史快照
000333.SZ,美的集团,2025-11-18,77.4,-0.6801,1833005.28,有行情,日线,Asia/Shanghai,2025-12-30T15:00:00+08:00,close为不复权；风险收益使用pct_chg÷100,千元,TuSharePro.daily,https://tushare.pro/document/1?doc_id=27,Fri Sep 04 2026 20:02:33 GMT+0800 (China Standard Time),公开行情历史快照
000858.SZ,五粮液,2025-11-18,120.36,0.1748,1784778.982,有行情,日线,Asia/Shanghai,2025-12-30T15:00:00+08:00,close为不复权；风险收益使用pct_chg÷100,千元,TuSharePro.daily,https://tushare.pro/document/1?doc_id=27,Fri Sep 04 2026 20:02:33 GMT+0800 (China Standard Time),公开行情历史快照
002594.SZ,比亚迪,2025-11-18,96.49,-1.6211,2949162.765,有行情,日线,Asia/Shanghai,2025-12-30T15:00:00+08:00,close为不复权；风险收益使用pct_chg÷100,千元,TuSharePro.daily,https://tushare.pro/document/1?doc_id=27,Fri Sep 04 2026 20:02:33 GMT+0800 (China Standard Time),公开行情历史快照
300750.SZ,宁德时代,2025-11-18,385.0,-1.4791,15353867.657,有行情,日线,Asia/Shanghai,2025-12-30T15:00:00+08:00,close为不复权；风险收益使用pct_chg÷100,千元,TuSharePro.daily,https://tushare.pro/document/1?doc_id=27,Fri Sep 04 2026 20:02:33 GMT+0800 (China Standard Time),公开行情历史快照
600519.SH,贵州茅台,2025-11-18,1476.0,0.3399,5055675.474,有行情,日线,Asia/Shanghai,2025-12-30T15:00:00+08:00,close为不复权；风险收益使用pct_chg÷100,千元,TuSharePro.daily,https://tushare.pro/document/1?doc_id=27,Fri Sep 04 2026 20:02:33 GMT+0800 (China Standard Time),公开行情历史快照
601318.SH,中国平安,2025-11-18,59.62,-0.351,2663627.684,有行情,日线,Asia/Shanghai,2025-12-30T15:00:00+08:00,close为不复权；风险收益使用pct_chg÷100,千元,TuSharePro.daily,https://tushare.pro/document/1?doc_id=27,Fri Sep 04 2026 20:02:33 GMT+0800 (China Standard Time),公开行情历史快照
000333.SZ,美的集团,2025-11-19,77.4,0.0,1661622.968,有行情,日线,Asia/Shanghai,2025-12-30T15:00:00+08:00,close为不复权；风险收益使用pct_chg÷100,千元,TuSharePro.daily,https://tushare.pro/document/1?doc_id=27,Fri Sep 04 2026 20:02:33 GMT+0800 (China Standard Time),公开行情历史快照
000858.SZ,五粮液,2025-11-19,119.89,-0.3905,1142098.879,有行情,日线,Asia/Shanghai,2025-12-30T15:00:00+08:00,close为不复权；风险收益使用pct_chg÷100,千元,TuSharePro.daily,https://tushare.pro/document/1?doc_id=27,Fri Sep 04 2026 20:02:33 GMT+0800 (China Standard Time),公开行情历史快照
002594.SZ,比亚迪,2025-11-19,95.17,-1.368,3327809.284,有行情,日线,Asia/Shanghai,2025-12-30T15:00:00+08:00,close为不复权；风险收益使用pct_chg÷100,千元,TuSharePro.daily,https://tushare.pro/document/1?doc_id=27,Fri Sep 04 2026 20:02:33 GMT+0800 (China Standard Time),公开行情历史快照
300750.SZ,宁德时代,2025-11-19,391.1,1.5844,11462348.543,有行情,日线,Asia/Shanghai,2025-12-30T15:00:00+08:00,close为不复权；风险收益使用pct_chg÷100,千元,TuSharePro.daily,https://tushare.pro/document/1?doc_id=27,Fri Sep 04 2026 20:02:33 GMT+0800 (China Standard Time),公开行情历史快照
600519.SH,贵州茅台,2025-11-19,1471.01,-0.3381,3249449.214,有行情,日线,Asia/Shanghai,2025-12-30T15:00:00+08:00,close为不复权；风险收益使用pct_chg÷100,千元,TuSharePro.daily,https://tushare.pro/document/1?doc_id=27,Fri Sep 04 2026 20:02:33 GMT+0800 (China Standard Time),公开行情历史快照
601318.SH,中国平安,2025-11-19,60.37,1.258,4268493.624,有行情,日线,Asia/Shanghai,2025-12-30T15:00:00+08:00,close为不复权；风险收益使用pct_chg÷100,千元,TuSharePro.daily,https://tushare.pro/document/1?doc_id=27,Fri Sep 04 2026 20:02:33 GMT+0800 (China Standard Time),公开行情历史快照
000333.SZ,美的集团,2025-11-20,77.94,0.6977,2050174.663,有行情,日线,Asia/Shanghai,2025-12-30T15:00:00+08:00,close为不复权；风险收益使用pct_chg÷100,千元,TuSharePro.daily,https://tushare.pro/document/1?doc_id=27,Fri Sep 04 2026 20:02:33 GMT+0800 (China Standard Time),公开行情历史快照
000858.SZ,五粮液,2025-11-20,120.25,0.3003,1909518.433,有行情,日线,Asia/Shanghai,2025-12-30T15:00:00+08:00,close为不复权；风险收益使用pct_chg÷100,千元,TuSharePro.daily,https://tushare.pro/document/1?doc_id=27,Fri Sep 04 2026 20:02:33 GMT+0800 (China Standard Time),公开行情历史快照
002594.SZ,比亚迪,2025-11-20,93.61,-1.6392,3692348.085,有行情,日线,Asia/Shanghai,2025-12-30T15:00:00+08:00,close为不复权；风险收益使用pct_chg÷100,千元,TuSharePro.daily,https://tushare.pro/document/1?doc_id=27,Fri Sep 04 2026 20:02:33 GMT+0800 (China Standard Time),公开行情历史快照
300750.SZ,宁德时代,2025-11-20,379.39,-2.9941,12895238.923,有行情,日线,Asia/Shanghai,2025-12-30T15:00:00+08:00,close为不复权；风险收益使用pct_chg÷100,千元,TuSharePro.daily,https://tushare.pro/document/1?doc_id=27,Fri Sep 04 2026 20:02:33 GMT+0800 (China Standard Time),公开行情历史快照
600519.SH,贵州茅台,2025-11-20,1467.11,-0.2651,3531653.943,有行情,日线,Asia/Shanghai,2025-12-30T15:00:00+08:00,close为不复权；风险收益使用pct_chg÷100,千元,TuSharePro.daily,https://tushare.pro/document/1?doc_id=27,Fri Sep 04 2026 20:02:33 GMT+0800 (China Standard Time),公开行情历史快照
601318.SH,中国平安,2025-11-20,60.2,-0.2816,2387256.691,有行情,日线,Asia/Shanghai,2025-12-30T15:00:00+08:00,close为不复权；风险收益使用pct_chg÷100,千元,TuSharePro.daily,https://tushare.pro/document/1?doc_id=27,Fri Sep 04 2026 20:02:33 GMT+0800 (China Standard Time),公开行情历史快照
000333.SZ,美的集团,2025-11-21,78.75,1.0393,3442968.265,有行情,日线,Asia/Shanghai,2025-12-30T15:00:00+08:00,close为不复权；风险收益使用pct_chg÷100,千元,TuSharePro.daily,https://tushare.pro/document/1?doc_id=27,Fri Sep 04 2026 20:02:33 GMT+0800 (China Standard Time),公开行情历史快照
000858.SZ,五粮液,2025-11-21,119.68,-0.474,2468277.644,有行情,日线,Asia/Shanghai,2025-12-30T15:00:00+08:00,close为不复权；风险收益使用pct_chg÷100,千元,TuSharePro.daily,https://tushare.pro/document/1?doc_id=27,Fri Sep 04 2026 20:02:33 GMT+0800 (China Standard Time),公开行情历史快照
002594.SZ,比亚迪,2025-11-21,92.7,-0.9721,4182916.493,有行情,日线,Asia/Shanghai,2025-12-30T15:00:00+08:00,close为不复权；风险收益使用pct_chg÷100,千元,TuSharePro.daily,https://tushare.pro/document/1?doc_id=27,Fri Sep 04 2026 20:02:33 GMT+0800 (China Standard Time),公开行情历史快照
300750.SZ,宁德时代,2025-11-21,370.0,-2.475,11850710.342,有行情,日线,Asia/Shanghai,2025-12-30T15:00:00+08:00,close为不复权；风险收益使用pct_chg÷100,千元,TuSharePro.daily,https://tushare.pro/document/1?doc_id=27,Fri Sep 04 2026 20:02:33 GMT+0800 (China Standard Time),公开行情历史快照
600519.SH,贵州茅台,2025-11-21,1466.6,-0.0348,6259873.433,有行情,日线,Asia/Shanghai,2025-12-30T15:00:00+08:00,close为不复权；风险收益使用pct_chg÷100,千元,TuSharePro.daily,https://tushare.pro/document/1?doc_id=27,Fri Sep 04 2026 20:02:33 GMT+0800 (China Standard Time),公开行情历史快照
601318.SH,中国平安,2025-11-21,58.91,-2.1429,4067315.652,有行情,日线,Asia/Shanghai,2025-12-30T15:00:00+08:00,close为不复权；风险收益使用pct_chg÷100,千元,TuSharePro.daily,https://tushare.pro/document/1?doc_id=27,Fri Sep 04 2026 20:02:33 GMT+0800 (China Standard Time),公开行情历史快照
000333.SZ,美的集团,2025-11-24,78.56,-0.2413,2903024.266,有行情,日线,Asia/Shanghai,2025-12-30T15:00:00+08:00,close为不复权；风险收益使用pct_chg÷100,千元,TuSharePro.daily,https://tushare.pro/document/1?doc_id=27,Fri Sep 04 2026 20:02:33 GMT+0800 (China Standard Time),公开行情历史快照
000858.SZ,五粮液,2025-11-24,118.52,-0.9693,2066246.186,有行情,日线,Asia/Shanghai,2025-12-30T15:00:00+08:00,close为不复权；风险收益使用pct_chg÷100,千元,TuSharePro.daily,https://tushare.pro/document/1?doc_id=27,Fri Sep 04 2026 20:02:33 GMT+0800 (China Standard Time),公开行情历史快照
002594.SZ,比亚迪,2025-11-24,93.93,1.3269,3064736.739,有行情,日线,Asia/Shanghai,2025-12-30T15:00:00+08:00,close为不复权；风险收益使用pct_chg÷100,千元,TuSharePro.daily,https://tushare.pro/document/1?doc_id=27,Fri Sep 04 2026 20:02:33 GMT+0800 (China Standard Time),公开行情历史快照
300750.SZ,宁德时代,2025-11-24,370.55,0.1486,8464724.008,有行情,日线,Asia/Shanghai,2025-12-30T15:00:00+08:00,close为不复权；风险收益使用pct_chg÷100,千元,TuSharePro.daily,https://tushare.pro/document/1?doc_id=27,Fri Sep 04 2026 20:02:33 GMT+0800 (China Standard Time),公开行情历史快照
600519.SH,贵州茅台,2025-11-24,1452.0,-0.9955,4901903.705,有行情,日线,Asia/Shanghai,2025-12-30T15:00:00+08:00,close为不复权；风险收益使用pct_chg÷100,千元,TuSharePro.daily,https://tushare.pro/document/1?doc_id=27,Fri Sep 04 2026 20:02:33 GMT+0800 (China Standard Time),公开行情历史快照
601318.SH,中国平安,2025-11-24,58.4,-0.8657,3141756.214,有行情,日线,Asia/Shanghai,2025-12-30T15:00:00+08:00,close为不复权；风险收益使用pct_chg÷100,千元,TuSharePro.daily,https://tushare.pro/document/1?doc_id=27,Fri Sep 04 2026 20:02:33 GMT+0800 (China Standard Time),公开行情历史快照
000333.SZ,美的集团,2025-11-25,78.7,0.1782,2280195.509,有行情,日线,Asia/Shanghai,2025-12-30T15:00:00+08:00,close为不复权；风险收益使用pct_chg÷100,千元,TuSharePro.daily,https://tushare.pro/document/1?doc_id=27,Fri Sep 04 2026 20:02:33 GMT+0800 (China Standard Time),公开行情历史快照
000858.SZ,五粮液,2025-11-25,118.51,-0.0084,1735233.69,有行情,日线,Asia/Shanghai,2025-12-30T15:00:00+08:00,close为不复权；风险收益使用pct_chg÷100,千元,TuSharePro.daily,https://tushare.pro/document/1?doc_id=27,Fri Sep 04 2026 20:02:33 GMT+0800 (China Standard Time),公开行情历史快照
002594.SZ,比亚迪,2025-11-25,93.91,-0.0213,2620855.758,有行情,日线,Asia/Shanghai,2025-12-30T15:00:00+08:00,close为不复权；风险收益使用pct_chg÷100,千元,TuSharePro.daily,https://tushare.pro/document/1?doc_id=27,Fri Sep 04 2026 20:02:33 GMT+0800 (China Standard Time),公开行情历史快照
300750.SZ,宁德时代,2025-11-25,372.36,0.4885,7733117.132,有行情,日线,Asia/Shanghai,2025-12-30T15:00:00+08:00,close为不复权；风险收益使用pct_chg÷100,千元,TuSharePro.daily,https://tushare.pro/document/1?doc_id=27,Fri Sep 04 2026 20:02:33 GMT+0800 (China Standard Time),公开行情历史快照
600519.SH,贵州茅台,2025-11-25,1444.65,-0.5062,4119930.011,有行情,日线,Asia/Shanghai,2025-12-30T15:00:00+08:00,close为不复权；风险收益使用pct_chg÷100,千元,TuSharePro.daily,https://tushare.pro/document/1?doc_id=27,Fri Sep 04 2026 20:02:33 GMT+0800 (China Standard Time),公开行情历史快照
601318.SH,中国平安,2025-11-25,59.47,1.8322,2887514.429,有行情,日线,Asia/Shanghai,2025-12-30T15:00:00+08:00,close为不复权；风险收益使用pct_chg÷100,千元,TuSharePro.daily,https://tushare.pro/document/1?doc_id=27,Fri Sep 04 2026 20:02:33 GMT+0800 (China Standard Time),公开行情历史快照
000333.SZ,美的集团,2025-11-26,79.8,1.3977,2538706.36,有行情,日线,Asia/Shanghai,2025-12-30T15:00:00+08:00,close为不复权；风险收益使用pct_chg÷100,千元,TuSharePro.daily,https://tushare.pro/document/1?doc_id=27,Fri Sep 04 2026 20:02:33 GMT+0800 (China Standard Time),公开行情历史快照
000858.SZ,五粮液,2025-11-26,118.26,-0.211,1085069.921,有行情,日线,Asia/Shanghai,2025-12-30T15:00:00+08:00,close为不复权；风险收益使用pct_chg÷100,千元,TuSharePro.daily,https://tushare.pro/document/1?doc_id=27,Fri Sep 04 2026 20:02:33 GMT+0800 (China Standard Time),公开行情历史快照
002594.SZ,比亚迪,2025-11-26,95.09,1.2565,2914626.393,有行情,日线,Asia/Shanghai,2025-12-30T15:00:00+08:00,close为不复权；风险收益使用pct_chg÷100,千元,TuSharePro.daily,https://tushare.pro/document/1?doc_id=27,Fri Sep 04 2026 20:02:33 GMT+0800 (China Standard Time),公开行情历史快照
300750.SZ,宁德时代,2025-11-26,372.82,0.1235,7048903.988,有行情,日线,Asia/Shanghai,2025-12-30T15:00:00+08:00,close为不复权；风险收益使用pct_chg÷100,千元,TuSharePro.daily,https://tushare.pro/document/1?doc_id=27,Fri Sep 04 2026 20:02:33 GMT+0800 (China Standard Time),公开行情历史快照
600519.SH,贵州茅台,2025-11-26,1449.15,0.3115,2938818.095,有行情,日线,Asia/Shanghai,2025-12-30T15:00:00+08:00,close为不复权；风险收益使用pct_chg÷100,千元,TuSharePro.daily,https://tushare.pro/document/1?doc_id=27,Fri Sep 04 2026 20:02:33 GMT+0800 (China Standard Time),公开行情历史快照
601318.SH,中国平安,2025-11-26,59.78,0.5213,2598031.333,有行情,日线,Asia/Shanghai,2025-12-30T15:00:00+08:00,close为不复权；风险收益使用pct_chg÷100,千元,TuSharePro.daily,https://tushare.pro/document/1?doc_id=27,Fri Sep 04 2026 20:02:33 GMT+0800 (China Standard Time),公开行情历史快照
000333.SZ,美的集团,2025-11-27,79.8,0.0,2524590.682,有行情,日线,Asia/Shanghai,2025-12-30T15:00:00+08:00,close为不复权；风险收益使用pct_chg÷100,千元,TuSharePro.daily,https://tushare.pro/document/1?doc_id=27,Fri Sep 04 2026 20:02:33 GMT+0800 (China Standard Time),公开行情历史快照
000858.SZ,五粮液,2025-11-27,117.94,-0.2706,1087246.956,有行情,日线,Asia/Shanghai,2025-12-30T15:00:00+08:00,close为不复权；风险收益使用pct_chg÷100,千元,TuSharePro.daily,https://tushare.pro/document/1?doc_id=27,Fri Sep 04 2026 20:02:33 GMT+0800 (China Standard Time),公开行情历史快照
002594.SZ,比亚迪,2025-11-27,94.29,-0.8413,1915349.541,有行情,日线,Asia/Shanghai,2025-12-30T15:00:00+08:00,close为不复权；风险收益使用pct_chg÷100,千元,TuSharePro.daily,https://tushare.pro/document/1?doc_id=27,Fri Sep 04 2026 20:02:33 GMT+0800 (China Standard Time),公开行情历史快照
300750.SZ,宁德时代,2025-11-27,371.2,-0.4345,8289124.681,有行情,日线,Asia/Shanghai,2025-12-30T15:00:00+08:00,close为不复权；风险收益使用pct_chg÷100,千元,TuSharePro.daily,https://tushare.pro/document/1?doc_id=27,Fri Sep 04 2026 20:02:33 GMT+0800 (China Standard Time),公开行情历史快照
600519.SH,贵州茅台,2025-11-27,1447.3,-0.1277,3216797.187,有行情,日线,Asia/Shanghai,2025-12-30T15:00:00+08:00,close为不复权；风险收益使用pct_chg÷100,千元,TuSharePro.daily,https://tushare.pro/document/1?doc_id=27,Fri Sep 04 2026 20:02:33 GMT+0800 (China Standard Time),公开行情历史快照
601318.SH,中国平安,2025-11-27,59.34,-0.736,2993560.813,有行情,日线,Asia/Shanghai,2025-12-30T15:00:00+08:00,close为不复权；风险收益使用pct_chg÷100,千元,TuSharePro.daily,https://tushare.pro/document/1?doc_id=27,Fri Sep 04 2026 20:02:33 GMT+0800 (China Standard Time),公开行情历史快照
000333.SZ,美的集团,2025-11-28,79.86,0.0752,1445017.043,有行情,日线,Asia/Shanghai,2025-12-30T15:00:00+08:00,close为不复权；风险收益使用pct_chg÷100,千元,TuSharePro.daily,https://tushare.pro/document/1?doc_id=27,Fri Sep 04 2026 20:02:33 GMT+0800 (China Standard Time),公开行情历史快照
000858.SZ,五粮液,2025-11-28,117.85,-0.0763,945107.391,有行情,日线,Asia/Shanghai,2025-12-30T15:00:00+08:00,close为不复权；风险收益使用pct_chg÷100,千元,TuSharePro.daily,https://tushare.pro/document/1?doc_id=27,Fri Sep 04 2026 20:02:33 GMT+0800 (China Standard Time),公开行情历史快照
002594.SZ,比亚迪,2025-11-28,95.17,0.9333,2080615.71,有行情,日线,Asia/Shanghai,2025-12-30T15:00:00+08:00,close为不复权；风险收益使用pct_chg÷100,千元,TuSharePro.daily,https://tushare.pro/document/1?doc_id=27,Fri Sep 04 2026 20:02:33 GMT+0800 (China Standard Time),公开行情历史快照
300750.SZ,宁德时代,2025-11-28,373.2,0.5388,7542337.298,有行情,日线,Asia/Shanghai,2025-12-30T15:00:00+08:00,close为不复权；风险收益使用pct_chg÷100,千元,TuSharePro.daily,https://tushare.pro/document/1?doc_id=27,Fri Sep 04 2026 20:02:33 GMT+0800 (China Standard Time),公开行情历史快照
600519.SH,贵州茅台,2025-11-28,1450.5,0.2211,3366696.622,有行情,日线,Asia/Shanghai,2025-12-30T15:00:00+08:00,close为不复权；风险收益使用pct_chg÷100,千元,TuSharePro.daily,https://tushare.pro/document/1?doc_id=27,Fri Sep 04 2026 20:02:33 GMT+0800 (China Standard Time),公开行情历史快照
601318.SH,中国平安,2025-11-28,58.99,-0.5898,2553839.886,有行情,日线,Asia/Shanghai,2025-12-30T15:00:00+08:00,close为不复权；风险收益使用pct_chg÷100,千元,TuSharePro.daily,https://tushare.pro/document/1?doc_id=27,Fri Sep 04 2026 20:02:33 GMT+0800 (China Standard Time),公开行情历史快照
000333.SZ,美的集团,2025-12-01,80.0,0.1753,2419268.736,有行情,日线,Asia/Shanghai,2025-12-30T15:00:00+08:00,close为不复权；风险收益使用pct_chg÷100,千元,TuSharePro.daily,https://tushare.pro/document/1?doc_id=27,Fri Sep 04 2026 20:02:33 GMT+0800 (China Standard Time),公开行情历史快照
000858.SZ,五粮液,2025-12-01,117.65,-0.1697,1422932.7,有行情,日线,Asia/Shanghai,2025-12-30T15:00:00+08:00,close为不复权；风险收益使用pct_chg÷100,千元,TuSharePro.daily,https://tushare.pro/document/1?doc_id=27,Fri Sep 04 2026 20:02:33 GMT+0800 (China Standard Time),公开行情历史快照
002594.SZ,比亚迪,2025-12-01,95.77,0.6305,2237016.414,有行情,日线,Asia/Shanghai,2025-12-30T15:00:00+08:00,close为不复权；风险收益使用pct_chg÷100,千元,TuSharePro.daily,https://tushare.pro/document/1?doc_id=27,Fri Sep 04 2026 20:02:33 GMT+0800 (China Standard Time),公开行情历史快照
300750.SZ,宁德时代,2025-12-01,382.97,2.6179,10120862.871,有行情,日线,Asia/Shanghai,2025-12-30T15:00:00+08:00,close为不复权；风险收益使用pct_chg÷100,千元,TuSharePro.daily,https://tushare.pro/document/1?doc_id=27,Fri Sep 04 2026 20:02:33 GMT+0800 (China Standard Time),公开行情历史快照
600519.SH,贵州茅台,2025-12-01,1448.0,-0.1724,3961994.999,有行情,日线,Asia/Shanghai,2025-12-30T15:00:00+08:00,close为不复权；风险收益使用pct_chg÷100,千元,TuSharePro.daily,https://tushare.pro/document/1?doc_id=27,Fri Sep 04 2026 20:02:33 GMT+0800 (China Standard Time),公开行情历史快照
601318.SH,中国平安,2025-12-01,58.63,-0.6103,2614280.156,有行情,日线,Asia/Shanghai,2025-12-30T15:00:00+08:00,close为不复权；风险收益使用pct_chg÷100,千元,TuSharePro.daily,https://tushare.pro/document/1?doc_id=27,Fri Sep 04 2026 20:02:33 GMT+0800 (China Standard Time),公开行情历史快照
000333.SZ,美的集团,2025-12-02,81.56,1.95,3071966.512,有行情,日线,Asia/Shanghai,2025-12-30T15:00:00+08:00,close为不复权；风险收益使用pct_chg÷100,千元,TuSharePro.daily,https://tushare.pro/document/1?doc_id=27,Fri Sep 04 2026 20:02:33 GMT+0800 (China Standard Time),公开行情历史快照
000858.SZ,五粮液,2025-12-02,116.57,-0.918,1461213.467,有行情,日线,Asia/Shanghai,2025-12-30T15:00:00+08:00,close为不复权；风险收益使用pct_chg÷100,千元,TuSharePro.daily,https://tushare.pro/document/1?doc_id=27,Fri Sep 04 2026 20:02:33 GMT+0800 (China Standard Time),公开行情历史快照
002594.SZ,比亚迪,2025-12-02,96.62,0.8875,3483571.735,有行情,日线,Asia/Shanghai,2025-12-30T15:00:00+08:00,close为不复权；风险收益使用pct_chg÷100,千元,TuSharePro.daily,https://tushare.pro/document/1?doc_id=27,Fri Sep 04 2026 20:02:33 GMT+0800 (China Standard Time),公开行情历史快照
300750.SZ,宁德时代,2025-12-02,380.08,-0.7546,6220569.502,有行情,日线,Asia/Shanghai,2025-12-30T15:00:00+08:00,close为不复权；风险收益使用pct_chg÷100,千元,TuSharePro.daily,https://tushare.pro/document/1?doc_id=27,Fri Sep 04 2026 20:02:33 GMT+0800 (China Standard Time),公开行情历史快照
600519.SH,贵州茅台,2025-12-02,1436.03,-0.8267,3607543.825,有行情,日线,Asia/Shanghai,2025-12-30T15:00:00+08:00,close为不复权；风险收益使用pct_chg÷100,千元,TuSharePro.daily,https://tushare.pro/document/1?doc_id=27,Fri Sep 04 2026 20:02:33 GMT+0800 (China Standard Time),公开行情历史快照
601318.SH,中国平安,2025-12-02,58.8,0.29,2200530.387,有行情,日线,Asia/Shanghai,2025-12-30T15:00:00+08:00,close为不复权；风险收益使用pct_chg÷100,千元,TuSharePro.daily,https://tushare.pro/document/1?doc_id=27,Fri Sep 04 2026 20:02:33 GMT+0800 (China Standard Time),公开行情历史快照
000333.SZ,美的集团,2025-12-03,82.17,0.7479,3038100.689,有行情,日线,Asia/Shanghai,2025-12-30T15:00:00+08:00,close为不复权；风险收益使用pct_chg÷100,千元,TuSharePro.daily,https://tushare.pro/document/1?doc_id=27,Fri Sep 04 2026 20:02:33 GMT+0800 (China Standard Time),公开行情历史快照
000858.SZ,五粮液,2025-12-03,115.6,-0.8321,1923087.546,有行情,日线,Asia/Shanghai,2025-12-30T15:00:00+08:00,close为不复权；风险收益使用pct_chg÷100,千元,TuSharePro.daily,https://tushare.pro/document/1?doc_id=27,Fri Sep 04 2026 20:02:33 GMT+0800 (China Standard Time),公开行情历史快照
002594.SZ,比亚迪,2025-12-03,95.05,-1.6249,2207429.346,有行情,日线,Asia/Shanghai,2025-12-30T15:00:00+08:00,close为不复权；风险收益使用pct_chg÷100,千元,TuSharePro.daily,https://tushare.pro/document/1?doc_id=27,Fri Sep 04 2026 20:02:33 GMT+0800 (China Standard Time),公开行情历史快照
300750.SZ,宁德时代,2025-12-03,376.08,-1.0524,5294871.743,有行情,日线,Asia/Shanghai,2025-12-30T15:00:00+08:00,close为不复权；风险收益使用pct_chg÷100,千元,TuSharePro.daily,https://tushare.pro/document/1?doc_id=27,Fri Sep 04 2026 20:02:33 GMT+0800 (China Standard Time),公开行情历史快照
600519.SH,贵州茅台,2025-12-03,1429.1,-0.4826,3370080.066,有行情,日线,Asia/Shanghai,2025-12-30T15:00:00+08:00,close为不复权；风险收益使用pct_chg÷100,千元,TuSharePro.daily,https://tushare.pro/document/1?doc_id=27,Fri Sep 04 2026 20:02:33 GMT+0800 (China Standard Time),公开行情历史快照
601318.SH,中国平安,2025-12-03,58.35,-0.7653,1961924.291,有行情,日线,Asia/Shanghai,2025-12-30T15:00:00+08:00,close为不复权；风险收益使用pct_chg÷100,千元,TuSharePro.daily,https://tushare.pro/document/1?doc_id=27,Fri Sep 04 2026 20:02:33 GMT+0800 (China Standard Time),公开行情历史快照
000333.SZ,美的集团,2025-12-04,81.89,-0.3408,2377656.054,有行情,日线,Asia/Shanghai,2025-12-30T15:00:00+08:00,close为不复权；风险收益使用pct_chg÷100,千元,TuSharePro.daily,https://tushare.pro/document/1?doc_id=27,Fri Sep 04 2026 20:02:33 GMT+0800 (China Standard Time),公开行情历史快照
000858.SZ,五粮液,2025-12-04,114.45,-0.9948,1940544.885,有行情,日线,Asia/Shanghai,2025-12-30T15:00:00+08:00,close为不复权；风险收益使用pct_chg÷100,千元,TuSharePro.daily,https://tushare.pro/document/1?doc_id=27,Fri Sep 04 2026 20:02:33 GMT+0800 (China Standard Time),公开行情历史快照
002594.SZ,比亚迪,2025-12-04,95.24,0.1999,1576759.405,有行情,日线,Asia/Shanghai,2025-12-30T15:00:00+08:00,close为不复权；风险收益使用pct_chg÷100,千元,TuSharePro.daily,https://tushare.pro/document/1?doc_id=27,Fri Sep 04 2026 20:02:33 GMT+0800 (China Standard Time),公开行情历史快照
300750.SZ,宁德时代,2025-12-04,383.35,1.9331,7299943.081,有行情,日线,Asia/Shanghai,2025-12-30T15:00:00+08:00,close为不复权；风险收益使用pct_chg÷100,千元,TuSharePro.daily,https://tushare.pro/document/1?doc_id=27,Fri Sep 04 2026 20:02:33 GMT+0800 (China Standard Time),公开行情历史快照
600519.SH,贵州茅台,2025-12-04,1423.98,-0.3583,4134921.902,有行情,日线,Asia/Shanghai,2025-12-30T15:00:00+08:00,close为不复权；风险收益使用pct_chg÷100,千元,TuSharePro.daily,https://tushare.pro/document/1?doc_id=27,Fri Sep 04 2026 20:02:33 GMT+0800 (China Standard Time),公开行情历史快照
601318.SH,中国平安,2025-12-04,58.55,0.3428,1271252.461,有行情,日线,Asia/Shanghai,2025-12-30T15:00:00+08:00,close为不复权；风险收益使用pct_chg÷100,千元,TuSharePro.daily,https://tushare.pro/document/1?doc_id=27,Fri Sep 04 2026 20:02:33 GMT+0800 (China Standard Time),公开行情历史快照
000333.SZ,美的集团,2025-12-05,82.23,0.4152,2020996.778,有行情,日线,Asia/Shanghai,2025-12-30T15:00:00+08:00,close为不复权；风险收益使用pct_chg÷100,千元,TuSharePro.daily,https://tushare.pro/document/1?doc_id=27,Fri Sep 04 2026 20:02:33 GMT+0800 (China Standard Time),公开行情历史快照
000858.SZ,五粮液,2025-12-05,114.96,0.4456,1351054.927,有行情,日线,Asia/Shanghai,2025-12-30T15:00:00+08:00,close为不复权；风险收益使用pct_chg÷100,千元,TuSharePro.daily,https://tushare.pro/document/1?doc_id=27,Fri Sep 04 2026 20:02:33 GMT+0800 (China Standard Time),公开行情历史快照
002594.SZ,比亚迪,2025-12-05,95.98,0.777,2021250.209,有行情,日线,Asia/Shanghai,2025-12-30T15:00:00+08:00,close为不复权；风险收益使用pct_chg÷100,千元,TuSharePro.daily,https://tushare.pro/document/1?doc_id=27,Fri Sep 04 2026 20:02:33 GMT+0800 (China Standard Time),公开行情历史快照
300750.SZ,宁德时代,2025-12-05,389.09,1.4973,9004580.816,有行情,日线,Asia/Shanghai,2025-12-30T15:00:00+08:00,close为不复权；风险收益使用pct_chg÷100,千元,TuSharePro.daily,https://tushare.pro/document/1?doc_id=27,Fri Sep 04 2026 20:02:33 GMT+0800 (China Standard Time),公开行情历史快照
600519.SH,贵州茅台,2025-12-05,1430.01,0.4235,3622681.597,有行情,日线,Asia/Shanghai,2025-12-30T15:00:00+08:00,close为不复权；风险收益使用pct_chg÷100,千元,TuSharePro.daily,https://tushare.pro/document/1?doc_id=27,Fri Sep 04 2026 20:02:33 GMT+0800 (China Standard Time),公开行情历史快照
601318.SH,中国平安,2025-12-05,61.99,5.8753,8385205.488,有行情,日线,Asia/Shanghai,2025-12-30T15:00:00+08:00,close为不复权；风险收益使用pct_chg÷100,千元,TuSharePro.daily,https://tushare.pro/document/1?doc_id=27,Fri Sep 04 2026 20:02:33 GMT+0800 (China Standard Time),公开行情历史快照
000333.SZ,美的集团,2025-12-08,81.81,-0.5108,2235419.968,有行情,日线,Asia/Shanghai,2025-12-30T15:00:00+08:00,close为不复权；风险收益使用pct_chg÷100,千元,TuSharePro.daily,https://tushare.pro/document/1?doc_id=27,Fri Sep 04 2026 20:02:33 GMT+0800 (China Standard Time),公开行情历史快照
000858.SZ,五粮液,2025-12-08,113.27,-1.4701,3157374.147,有行情,日线,Asia/Shanghai,2025-12-30T15:00:00+08:00,close为不复权；风险收益使用pct_chg÷100,千元,TuSharePro.daily,https://tushare.pro/document/1?doc_id=27,Fri Sep 04 2026 20:02:33 GMT+0800 (China Standard Time),公开行情历史快照
002594.SZ,比亚迪,2025-12-08,96.53,0.573,2397261.754,有行情,日线,Asia/Shanghai,2025-12-30T15:00:00+08:00,close为不复权；风险收益使用pct_chg÷100,千元,TuSharePro.daily,https://tushare.pro/document/1?doc_id=27,Fri Sep 04 2026 20:02:33 GMT+0800 (China Standard Time),公开行情历史快照
300750.SZ,宁德时代,2025-12-08,392.5,0.8764,8476698.7,有行情,日线,Asia/Shanghai,2025-12-30T15:00:00+08:00,close为不复权；风险收益使用pct_chg÷100,千元,TuSharePro.daily,https://tushare.pro/document/1?doc_id=27,Fri Sep 04 2026 20:02:33 GMT+0800 (China Standard Time),公开行情历史快照
600519.SH,贵州茅台,2025-12-08,1418.22,-0.8245,4789155.77,有行情,日线,Asia/Shanghai,2025-12-30T15:00:00+08:00,close为不复权；风险收益使用pct_chg÷100,千元,TuSharePro.daily,https://tushare.pro/document/1?doc_id=27,Fri Sep 04 2026 20:02:33 GMT+0800 (China Standard Time),公开行情历史快照
601318.SH,中国平安,2025-12-08,63.4,2.2746,6514118.72,有行情,日线,Asia/Shanghai,2025-12-30T15:00:00+08:00,close为不复权；风险收益使用pct_chg÷100,千元,TuSharePro.daily,https://tushare.pro/document/1?doc_id=27,Fri Sep 04 2026 20:02:33 GMT+0800 (China Standard Time),公开行情历史快照
000333.SZ,美的集团,2025-12-09,80.2,-1.968,2872571.867,有行情,日线,Asia/Shanghai,2025-12-30T15:00:00+08:00,close为不复权；风险收益使用pct_chg÷100,千元,TuSharePro.daily,https://tushare.pro/document/1?doc_id=27,Fri Sep 04 2026 20:02:33 GMT+0800 (China Standard Time),公开行情历史快照
000858.SZ,五粮液,2025-12-09,110.88,-2.11,3390789.037,有行情,日线,Asia/Shanghai,2025-12-30T15:00:00+08:00,close为不复权；风险收益使用pct_chg÷100,千元,TuSharePro.daily,https://tushare.pro/document/1?doc_id=27,Fri Sep 04 2026 20:02:33 GMT+0800 (China Standard Time),公开行情历史快照
002594.SZ,比亚迪,2025-12-09,96.03,-0.518,1568057.388,有行情,日线,Asia/Shanghai,2025-12-30T15:00:00+08:00,close为不复权；风险收益使用pct_chg÷100,千元,TuSharePro.daily,https://tushare.pro/document/1?doc_id=27,Fri Sep 04 2026 20:02:33 GMT+0800 (China Standard Time),公开行情历史快照
300750.SZ,宁德时代,2025-12-09,387.59,-1.251,7255076.087,有行情,日线,Asia/Shanghai,2025-12-30T15:00:00+08:00,close为不复权；风险收益使用pct_chg÷100,千元,TuSharePro.daily,https://tushare.pro/document/1?doc_id=27,Fri Sep 04 2026 20:02:33 GMT+0800 (China Standard Time),公开行情历史快照
600519.SH,贵州茅台,2025-12-09,1401.01,-1.2135,5995722.121,有行情,日线,Asia/Shanghai,2025-12-30T15:00:00+08:00,close为不复权；风险收益使用pct_chg÷100,千元,TuSharePro.daily,https://tushare.pro/document/1?doc_id=27,Fri Sep 04 2026 20:02:33 GMT+0800 (China Standard Time),公开行情历史快照
601318.SH,中国平安,2025-12-09,62.45,-1.4984,3044070.518,有行情,日线,Asia/Shanghai,2025-12-30T15:00:00+08:00,close为不复权；风险收益使用pct_chg÷100,千元,TuSharePro.daily,https://tushare.pro/document/1?doc_id=27,Fri Sep 04 2026 20:02:33 GMT+0800 (China Standard Time),公开行情历史快照
000333.SZ,美的集团,2025-12-10,80.07,-0.1621,1970629.706,有行情,日线,Asia/Shanghai,2025-12-30T15:00:00+08:00,close为不复权；风险收益使用pct_chg÷100,千元,TuSharePro.daily,https://tushare.pro/document/1?doc_id=27,Fri Sep 04 2026 20:02:33 GMT+0800 (China Standard Time),公开行情历史快照
000858.SZ,五粮液,2025-12-10,111.62,0.6674,1984146.058,有行情,日线,Asia/Shanghai,2025-12-30T15:00:00+08:00,close为不复权；风险收益使用pct_chg÷100,千元,TuSharePro.daily,https://tushare.pro/document/1?doc_id=27,Fri Sep 04 2026 20:02:33 GMT+0800 (China Standard Time),公开行情历史快照
002594.SZ,比亚迪,2025-12-10,96.47,0.4582,1902988.18,有行情,日线,Asia/Shanghai,2025-12-30T15:00:00+08:00,close为不复权；风险收益使用pct_chg÷100,千元,TuSharePro.daily,https://tushare.pro/document/1?doc_id=27,Fri Sep 04 2026 20:02:33 GMT+0800 (China Standard Time),公开行情历史快照
300750.SZ,宁德时代,2025-12-10,382.38,-1.3442,7399361.241,有行情,日线,Asia/Shanghai,2025-12-30T15:00:00+08:00,close为不复权；风险收益使用pct_chg÷100,千元,TuSharePro.daily,https://tushare.pro/document/1?doc_id=27,Fri Sep 04 2026 20:02:33 GMT+0800 (China Standard Time),公开行情历史快照
600519.SH,贵州茅台,2025-12-10,1402.8,0.1278,4625906.139,有行情,日线,Asia/Shanghai,2025-12-30T15:00:00+08:00,close为不复权；风险收益使用pct_chg÷100,千元,TuSharePro.daily,https://tushare.pro/document/1?doc_id=27,Fri Sep 04 2026 20:02:33 GMT+0800 (China Standard Time),公开行情历史快照
601318.SH,中国平安,2025-12-10,62.55,0.1601,2808948.857,有行情,日线,Asia/Shanghai,2025-12-30T15:00:00+08:00,close为不复权；风险收益使用pct_chg÷100,千元,TuSharePro.daily,https://tushare.pro/document/1?doc_id=27,Fri Sep 04 2026 20:02:33 GMT+0800 (China Standard Time),公开行情历史快照
000333.SZ,美的集团,2025-12-11,79.3,-0.9617,2178536.617,有行情,日线,Asia/Shanghai,2025-12-30T15:00:00+08:00,close为不复权；风险收益使用pct_chg÷100,千元,TuSharePro.daily,https://tushare.pro/document/1?doc_id=27,Fri Sep 04 2026 20:02:33 GMT+0800 (China Standard Time),公开行情历史快照
000858.SZ,五粮液,2025-12-11,111.9,0.2509,1772255.902,有行情,日线,Asia/Shanghai,2025-12-30T15:00:00+08:00,close为不复权；风险收益使用pct_chg÷100,千元,TuSharePro.daily,https://tushare.pro/document/1?doc_id=27,Fri Sep 04 2026 20:02:33 GMT+0800 (China Standard Time),公开行情历史快照
002594.SZ,比亚迪,2025-12-11,96.23,-0.2488,2422448.208,有行情,日线,Asia/Shanghai,2025-12-30T15:00:00+08:00,close为不复权；风险收益使用pct_chg÷100,千元,TuSharePro.daily,https://tushare.pro/document/1?doc_id=27,Fri Sep 04 2026 20:02:33 GMT+0800 (China Standard Time),公开行情历史快照
300750.SZ,宁德时代,2025-12-11,388.99,1.7286,11089031.995,有行情,日线,Asia/Shanghai,2025-12-30T15:00:00+08:00,close为不复权；风险收益使用pct_chg÷100,千元,TuSharePro.daily,https://tushare.pro/document/1?doc_id=27,Fri Sep 04 2026 20:02:33 GMT+0800 (China Standard Time),公开行情历史快照
600519.SH,贵州茅台,2025-12-11,1411.99,0.6551,3149974.074,有行情,日线,Asia/Shanghai,2025-12-30T15:00:00+08:00,close为不复权；风险收益使用pct_chg÷100,千元,TuSharePro.daily,https://tushare.pro/document/1?doc_id=27,Fri Sep 04 2026 20:02:33 GMT+0800 (China Standard Time),公开行情历史快照
601318.SH,中国平安,2025-12-11,62.53,-0.032,2990603.756,有行情,日线,Asia/Shanghai,2025-12-30T15:00:00+08:00,close为不复权；风险收益使用pct_chg÷100,千元,TuSharePro.daily,https://tushare.pro/document/1?doc_id=27,Fri Sep 04 2026 20:02:33 GMT+0800 (China Standard Time),公开行情历史快照
000333.SZ,美的集团,2025-12-12,79.32,0.0252,2615339.99,有行情,日线,Asia/Shanghai,2025-12-30T15:00:00+08:00,close为不复权；风险收益使用pct_chg÷100,千元,TuSharePro.daily,https://tushare.pro/document/1?doc_id=27,Fri Sep 04 2026 20:02:33 GMT+0800 (China Standard Time),公开行情历史快照
000858.SZ,五粮液,2025-12-12,111.6,-0.2681,2889348.467,有行情,日线,Asia/Shanghai,2025-12-30T15:00:00+08:00,close为不复权；风险收益使用pct_chg÷100,千元,TuSharePro.daily,https://tushare.pro/document/1?doc_id=27,Fri Sep 04 2026 20:02:33 GMT+0800 (China Standard Time),公开行情历史快照
002594.SZ,比亚迪,2025-12-12,97.0,0.8002,5390456.375,有行情,日线,Asia/Shanghai,2025-12-30T15:00:00+08:00,close为不复权；风险收益使用pct_chg÷100,千元,TuSharePro.daily,https://tushare.pro/document/1?doc_id=27,Fri Sep 04 2026 20:02:33 GMT+0800 (China Standard Time),公开行情历史快照
300750.SZ,宁德时代,2025-12-12,391.8,0.7224,9355490.916,有行情,日线,Asia/Shanghai,2025-12-30T15:00:00+08:00,close为不复权；风险收益使用pct_chg÷100,千元,TuSharePro.daily,https://tushare.pro/document/1?doc_id=27,Fri Sep 04 2026 20:02:33 GMT+0800 (China Standard Time),公开行情历史快照
600519.SH,贵州茅台,2025-12-12,1420.65,0.6133,5273563.274,有行情,日线,Asia/Shanghai,2025-12-30T15:00:00+08:00,close为不复权；风险收益使用pct_chg÷100,千元,TuSharePro.daily,https://tushare.pro/document/1?doc_id=27,Fri Sep 04 2026 20:02:33 GMT+0800 (China Standard Time),公开行情历史快照
601318.SH,中国平安,2025-12-12,63.91,2.2069,6926125.694,有行情,日线,Asia/Shanghai,2025-12-30T15:00:00+08:00,close为不复权；风险收益使用pct_chg÷100,千元,TuSharePro.daily,https://tushare.pro/document/1?doc_id=27,Fri Sep 04 2026 20:02:33 GMT+0800 (China Standard Time),公开行情历史快照
000333.SZ,美的集团,2025-12-15,80.41,1.3742,2945959.175,有行情,日线,Asia/Shanghai,2025-12-30T15:00:00+08:00,close为不复权；风险收益使用pct_chg÷100,千元,TuSharePro.daily,https://tushare.pro/document/1?doc_id=27,Fri Sep 04 2026 20:02:33 GMT+0800 (China Standard Time),公开行情历史快照
000858.SZ,五粮液,2025-12-15,112.45,0.7616,2429077.63,有行情,日线,Asia/Shanghai,2025-12-30T15:00:00+08:00,close为不复权；风险收益使用pct_chg÷100,千元,TuSharePro.daily,https://tushare.pro/document/1?doc_id=27,Fri Sep 04 2026 20:02:33 GMT+0800 (China Standard Time),公开行情历史快照
002594.SZ,比亚迪,2025-12-15,95.53,-1.5155,2824248.327,有行情,日线,Asia/Shanghai,2025-12-30T15:00:00+08:00,close为不复权；风险收益使用pct_chg÷100,千元,TuSharePro.daily,https://tushare.pro/document/1?doc_id=27,Fri Sep 04 2026 20:02:33 GMT+0800 (China Standard Time),公开行情历史快照
300750.SZ,宁德时代,2025-12-15,385.5,-1.608,7099251.459,有行情,日线,Asia/Shanghai,2025-12-30T15:00:00+08:00,close为不复权；风险收益使用pct_chg÷100,千元,TuSharePro.daily,https://tushare.pro/document/1?doc_id=27,Fri Sep 04 2026 20:02:33 GMT+0800 (China Standard Time),公开行情历史快照
600519.SH,贵州茅台,2025-12-15,1426.0,0.3766,4774362.06,有行情,日线,Asia/Shanghai,2025-12-30T15:00:00+08:00,close为不复权；风险收益使用pct_chg÷100,千元,TuSharePro.daily,https://tushare.pro/document/1?doc_id=27,Fri Sep 04 2026 20:02:33 GMT+0800 (China Standard Time),公开行情历史快照
601318.SH,中国平安,2025-12-15,67.08,4.9601,10258390.316,有行情,日线,Asia/Shanghai,2025-12-30T15:00:00+08:00,close为不复权；风险收益使用pct_chg÷100,千元,TuSharePro.daily,https://tushare.pro/document/1?doc_id=27,Fri Sep 04 2026 20:02:33 GMT+0800 (China Standard Time),公开行情历史快照
000333.SZ,美的集团,2025-12-16,79.96,-0.5596,1718619.061,有行情,日线,Asia/Shanghai,2025-12-30T15:00:00+08:00,close为不复权；风险收益使用pct_chg÷100,千元,TuSharePro.daily,https://tushare.pro/document/1?doc_id=27,Fri Sep 04 2026 20:02:33 GMT+0800 (China Standard Time),公开行情历史快照
000858.SZ,五粮液,2025-12-16,113.0,0.4891,1631458.612,有行情,日线,Asia/Shanghai,2025-12-30T15:00:00+08:00,close为不复权；风险收益使用pct_chg÷100,千元,TuSharePro.daily,https://tushare.pro/document/1?doc_id=27,Fri Sep 04 2026 20:02:33 GMT+0800 (China Standard Time),公开行情历史快照
002594.SZ,比亚迪,2025-12-16,94.25,-1.3399,2450336.536,有行情,日线,Asia/Shanghai,2025-12-30T15:00:00+08:00,close为不复权；风险收益使用pct_chg÷100,千元,TuSharePro.daily,https://tushare.pro/document/1?doc_id=27,Fri Sep 04 2026 20:02:33 GMT+0800 (China Standard Time),公开行情历史快照
300750.SZ,宁德时代,2025-12-16,378.41,-1.8392,7292054.835,有行情,日线,Asia/Shanghai,2025-12-30T15:00:00+08:00,close为不复权；风险收益使用pct_chg÷100,千元,TuSharePro.daily,https://tushare.pro/document/1?doc_id=27,Fri Sep 04 2026 20:02:33 GMT+0800 (China Standard Time),公开行情历史快照
600519.SH,贵州茅台,2025-12-16,1422.0,-0.2805,3403139.194,有行情,日线,Asia/Shanghai,2025-12-30T15:00:00+08:00,close为不复权；风险收益使用pct_chg÷100,千元,TuSharePro.daily,https://tushare.pro/document/1?doc_id=27,Fri Sep 04 2026 20:02:33 GMT+0800 (China Standard Time),公开行情历史快照
601318.SH,中国平安,2025-12-16,67.0,-0.1193,7074646.043,有行情,日线,Asia/Shanghai,2025-12-30T15:00:00+08:00,close为不复权；风险收益使用pct_chg÷100,千元,TuSharePro.daily,https://tushare.pro/document/1?doc_id=27,Fri Sep 04 2026 20:02:33 GMT+0800 (China Standard Time),公开行情历史快照
000333.SZ,美的集团,2025-12-17,80.47,0.6378,1850597.016,有行情,日线,Asia/Shanghai,2025-12-30T15:00:00+08:00,close为不复权；风险收益使用pct_chg÷100,千元,TuSharePro.daily,https://tushare.pro/document/1?doc_id=27,Fri Sep 04 2026 20:02:33 GMT+0800 (China Standard Time),公开行情历史快照
000858.SZ,五粮液,2025-12-17,113.4,0.354,1732389.486,有行情,日线,Asia/Shanghai,2025-12-30T15:00:00+08:00,close为不复权；风险收益使用pct_chg÷100,千元,TuSharePro.daily,https://tushare.pro/document/1?doc_id=27,Fri Sep 04 2026 20:02:33 GMT+0800 (China Standard Time),公开行情历史快照
002594.SZ,比亚迪,2025-12-17,95.21,1.0186,2584139.145,有行情,日线,Asia/Shanghai,2025-12-30T15:00:00+08:00,close为不复权；风险收益使用pct_chg÷100,千元,TuSharePro.daily,https://tushare.pro/document/1?doc_id=27,Fri Sep 04 2026 20:02:33 GMT+0800 (China Standard Time),公开行情历史快照
300750.SZ,宁德时代,2025-12-17,383.42,1.324,8453303.234,有行情,日线,Asia/Shanghai,2025-12-30T15:00:00+08:00,close为不复权；风险收益使用pct_chg÷100,千元,TuSharePro.daily,https://tushare.pro/document/1?doc_id=27,Fri Sep 04 2026 20:02:33 GMT+0800 (China Standard Time),公开行情历史快照
600519.SH,贵州茅台,2025-12-17,1433.1,0.7806,4489482.138,有行情,日线,Asia/Shanghai,2025-12-30T15:00:00+08:00,close为不复权；风险收益使用pct_chg÷100,千元,TuSharePro.daily,https://tushare.pro/document/1?doc_id=27,Fri Sep 04 2026 20:02:33 GMT+0800 (China Standard Time),公开行情历史快照
601318.SH,中国平安,2025-12-17,68.05,1.5672,6513277.291,有行情,日线,Asia/Shanghai,2025-12-30T15:00:00+08:00,close为不复权；风险收益使用pct_chg÷100,千元,TuSharePro.daily,https://tushare.pro/document/1?doc_id=27,Fri Sep 04 2026 20:02:33 GMT+0800 (China Standard Time),公开行情历史快照
000333.SZ,美的集团,2025-12-18,79.83,-0.7953,1710070.019,有行情,日线,Asia/Shanghai,2025-12-30T15:00:00+08:00,close为不复权；风险收益使用pct_chg÷100,千元,TuSharePro.daily,https://tushare.pro/document/1?doc_id=27,Fri Sep 04 2026 20:02:33 GMT+0800 (China Standard Time),公开行情历史快照
000858.SZ,五粮液,2025-12-18,110.43,-0.3519,1379153.25,有行情,日线,Asia/Shanghai,2025-12-30T15:00:00+08:00,close为不复权；风险收益使用pct_chg÷100,千元,TuSharePro.daily,https://tushare.pro/document/1?doc_id=27,Fri Sep 04 2026 20:02:33 GMT+0800 (China Standard Time),公开行情历史快照
002594.SZ,比亚迪,2025-12-18,93.53,-1.7645,2376126.962,有行情,日线,Asia/Shanghai,2025-12-30T15:00:00+08:00,close为不复权；风险收益使用pct_chg÷100,千元,TuSharePro.daily,https://tushare.pro/document/1?doc_id=27,Fri Sep 04 2026 20:02:33 GMT+0800 (China Standard Time),公开行情历史快照
300750.SZ,宁德时代,2025-12-18,372.0,-2.9785,11079385.459,有行情,日线,Asia/Shanghai,2025-12-30T15:00:00+08:00,close为不复权；风险收益使用pct_chg÷100,千元,TuSharePro.daily,https://tushare.pro/document/1?doc_id=27,Fri Sep 04 2026 20:02:33 GMT+0800 (China Standard Time),公开行情历史快照
600519.SH,贵州茅台,2025-12-18,1431.0,-0.1465,2551177.659,有行情,日线,Asia/Shanghai,2025-12-30T15:00:00+08:00,close为不复权；风险收益使用pct_chg÷100,千元,TuSharePro.daily,https://tushare.pro/document/1?doc_id=27,Fri Sep 04 2026 20:02:33 GMT+0800 (China Standard Time),公开行情历史快照
601318.SH,中国平安,2025-12-18,68.5,0.6613,3839846.393,有行情,日线,Asia/Shanghai,2025-12-30T15:00:00+08:00,close为不复权；风险收益使用pct_chg÷100,千元,TuSharePro.daily,https://tushare.pro/document/1?doc_id=27,Fri Sep 04 2026 20:02:33 GMT+0800 (China Standard Time),公开行情历史快照
000333.SZ,美的集团,2025-12-19,79.45,-0.476,2205368.624,有行情,日线,Asia/Shanghai,2025-12-30T15:00:00+08:00,close为不复权；风险收益使用pct_chg÷100,千元,TuSharePro.daily,https://tushare.pro/document/1?doc_id=27,Fri Sep 04 2026 20:02:33 GMT+0800 (China Standard Time),公开行情历史快照
000858.SZ,五粮液,2025-12-19,110.53,0.0906,1526045.351,有行情,日线,Asia/Shanghai,2025-12-30T15:00:00+08:00,close为不复权；风险收益使用pct_chg÷100,千元,TuSharePro.daily,https://tushare.pro/document/1?doc_id=27,Fri Sep 04 2026 20:02:33 GMT+0800 (China Standard Time),公开行情历史快照
002594.SZ,比亚迪,2025-12-19,94.23,0.7484,2573037.718,有行情,日线,Asia/Shanghai,2025-12-30T15:00:00+08:00,close为不复权；风险收益使用pct_chg÷100,千元,TuSharePro.daily,https://tushare.pro/document/1?doc_id=27,Fri Sep 04 2026 20:02:33 GMT+0800 (China Standard Time),公开行情历史快照
300750.SZ,宁德时代,2025-12-19,374.0,0.5376,6572807.89,有行情,日线,Asia/Shanghai,2025-12-30T15:00:00+08:00,close为不复权；风险收益使用pct_chg÷100,千元,TuSharePro.daily,https://tushare.pro/document/1?doc_id=27,Fri Sep 04 2026 20:02:33 GMT+0800 (China Standard Time),公开行情历史快照
600519.SH,贵州茅台,2025-12-19,1410.0,0.2104,3733028.357,有行情,日线,Asia/Shanghai,2025-12-30T15:00:00+08:00,close为不复权；风险收益使用pct_chg÷100,千元,TuSharePro.daily,https://tushare.pro/document/1?doc_id=27,Fri Sep 04 2026 20:02:33 GMT+0800 (China Standard Time),公开行情历史快照
601318.SH,中国平安,2025-12-19,68.75,0.365,4363697.642,有行情,日线,Asia/Shanghai,2025-12-30T15:00:00+08:00,close为不复权；风险收益使用pct_chg÷100,千元,TuSharePro.daily,https://tushare.pro/document/1?doc_id=27,Fri Sep 04 2026 20:02:33 GMT+0800 (China Standard Time),公开行情历史快照
000333.SZ,美的集团,2025-12-22,79.16,-0.365,1941379.877,有行情,日线,Asia/Shanghai,2025-12-30T15:00:00+08:00,close为不复权；风险收益使用pct_chg÷100,千元,TuSharePro.daily,https://tushare.pro/document/1?doc_id=27,Fri Sep 04 2026 20:02:33 GMT+0800 (China Standard Time),公开行情历史快照
000858.SZ,五粮液,2025-12-22,110.33,-0.1809,1197376.767,有行情,日线,Asia/Shanghai,2025-12-30T15:00:00+08:00,close为不复权；风险收益使用pct_chg÷100,千元,TuSharePro.daily,https://tushare.pro/document/1?doc_id=27,Fri Sep 04 2026 20:02:33 GMT+0800 (China Standard Time),公开行情历史快照
002594.SZ,比亚迪,2025-12-22,94.37,0.1486,1952361.858,有行情,日线,Asia/Shanghai,2025-12-30T15:00:00+08:00,close为不复权；风险收益使用pct_chg÷100,千元,TuSharePro.daily,https://tushare.pro/document/1?doc_id=27,Fri Sep 04 2026 20:02:33 GMT+0800 (China Standard Time),公开行情历史快照
300750.SZ,宁德时代,2025-12-22,371.84,-0.5775,9489773.616,有行情,日线,Asia/Shanghai,2025-12-30T15:00:00+08:00,close为不复权；风险收益使用pct_chg÷100,千元,TuSharePro.daily,https://tushare.pro/document/1?doc_id=27,Fri Sep 04 2026 20:02:33 GMT+0800 (China Standard Time),公开行情历史快照
600519.SH,贵州茅台,2025-12-22,1408.26,-0.1234,2881636.856,有行情,日线,Asia/Shanghai,2025-12-30T15:00:00+08:00,close为不复权；风险收益使用pct_chg÷100,千元,TuSharePro.daily,https://tushare.pro/document/1?doc_id=27,Fri Sep 04 2026 20:02:33 GMT+0800 (China Standard Time),公开行情历史快照
601318.SH,中国平安,2025-12-22,68.54,-0.3055,3824247.2,有行情,日线,Asia/Shanghai,2025-12-30T15:00:00+08:00,close为不复权；风险收益使用pct_chg÷100,千元,TuSharePro.daily,https://tushare.pro/document/1?doc_id=27,Fri Sep 04 2026 20:02:33 GMT+0800 (China Standard Time),公开行情历史快照
000333.SZ,美的集团,2025-12-23,79.65,0.619,2029842.283,有行情,日线,Asia/Shanghai,2025-12-30T15:00:00+08:00,close为不复权；风险收益使用pct_chg÷100,千元,TuSharePro.daily,https://tushare.pro/document/1?doc_id=27,Fri Sep 04 2026 20:02:33 GMT+0800 (China Standard Time),公开行情历史快照
000858.SZ,五粮液,2025-12-23,109.72,-0.5529,1248444.948,有行情,日线,Asia/Shanghai,2025-12-30T15:00:00+08:00,close为不复权；风险收益使用pct_chg÷100,千元,TuSharePro.daily,https://tushare.pro/document/1?doc_id=27,Fri Sep 04 2026 20:02:33 GMT+0800 (China Standard Time),公开行情历史快照
002594.SZ,比亚迪,2025-12-23,94.81,0.4662,2247679.864,有行情,日线,Asia/Shanghai,2025-12-30T15:00:00+08:00,close为不复权；风险收益使用pct_chg÷100,千元,TuSharePro.daily,https://tushare.pro/document/1?doc_id=27,Fri Sep 04 2026 20:02:33 GMT+0800 (China Standard Time),公开行情历史快照
300750.SZ,宁德时代,2025-12-23,378.1,1.6835,8879315.764,有行情,日线,Asia/Shanghai,2025-12-30T15:00:00+08:00,close为不复权；风险收益使用pct_chg÷100,千元,TuSharePro.daily,https://tushare.pro/document/1?doc_id=27,Fri Sep 04 2026 20:02:33 GMT+0800 (China Standard Time),公开行情历史快照
600519.SH,贵州茅台,2025-12-23,1407.86,-0.0284,3445377.032,有行情,日线,Asia/Shanghai,2025-12-30T15:00:00+08:00,close为不复权；风险收益使用pct_chg÷100,千元,TuSharePro.daily,https://tushare.pro/document/1?doc_id=27,Fri Sep 04 2026 20:02:33 GMT+0800 (China Standard Time),公开行情历史快照
601318.SH,中国平安,2025-12-23,69.49,1.3861,5324655.842,有行情,日线,Asia/Shanghai,2025-12-30T15:00:00+08:00,close为不复权；风险收益使用pct_chg÷100,千元,TuSharePro.daily,https://tushare.pro/document/1?doc_id=27,Fri Sep 04 2026 20:02:33 GMT+0800 (China Standard Time),公开行情历史快照
000333.SZ,美的集团,2025-12-24,78.8,-1.0672,1715476.084,有行情,日线,Asia/Shanghai,2025-12-30T15:00:00+08:00,close为不复权；风险收益使用pct_chg÷100,千元,TuSharePro.daily,https://tushare.pro/document/1?doc_id=27,Fri Sep 04 2026 20:02:33 GMT+0800 (China Standard Time),公开行情历史快照
000858.SZ,五粮液,2025-12-24,109.28,-0.401,1286401.444,有行情,日线,Asia/Shanghai,2025-12-30T15:00:00+08:00,close为不复权；风险收益使用pct_chg÷100,千元,TuSharePro.daily,https://tushare.pro/document/1?doc_id=27,Fri Sep 04 2026 20:02:33 GMT+0800 (China Standard Time),公开行情历史快照
002594.SZ,比亚迪,2025-12-24,94.42,-0.4113,1819358.259,有行情,日线,Asia/Shanghai,2025-12-30T15:00:00+08:00,close为不复权；风险收益使用pct_chg÷100,千元,TuSharePro.daily,https://tushare.pro/document/1?doc_id=27,Fri Sep 04 2026 20:02:33 GMT+0800 (China Standard Time),公开行情历史快照
300750.SZ,宁德时代,2025-12-24,375.6,-0.6612,7902857.946,有行情,日线,Asia/Shanghai,2025-12-30T15:00:00+08:00,close为不复权；风险收益使用pct_chg÷100,千元,TuSharePro.daily,https://tushare.pro/document/1?doc_id=27,Fri Sep 04 2026 20:02:33 GMT+0800 (China Standard Time),公开行情历史快照
600519.SH,贵州茅台,2025-12-24,1400.9,-0.4944,3533253.565,有行情,日线,Asia/Shanghai,2025-12-30T15:00:00+08:00,close为不复权；风险收益使用pct_chg÷100,千元,TuSharePro.daily,https://tushare.pro/document/1?doc_id=27,Fri Sep 04 2026 20:02:33 GMT+0800 (China Standard Time),公开行情历史快照
601318.SH,中国平安,2025-12-24,69.03,-0.662,3522990.02,有行情,日线,Asia/Shanghai,2025-12-30T15:00:00+08:00,close为不复权；风险收益使用pct_chg÷100,千元,TuSharePro.daily,https://tushare.pro/document/1?doc_id=27,Fri Sep 04 2026 20:02:33 GMT+0800 (China Standard Time),公开行情历史快照
000333.SZ,美的集团,2025-12-25,78.59,-0.2665,1780124.525,有行情,日线,Asia/Shanghai,2025-12-30T15:00:00+08:00,close为不复权；风险收益使用pct_chg÷100,千元,TuSharePro.daily,https://tushare.pro/document/1?doc_id=27,Fri Sep 04 2026 20:02:33 GMT+0800 (China Standard Time),公开行情历史快照
000858.SZ,五粮液,2025-12-25,110.6,1.2079,1385101.983,有行情,日线,Asia/Shanghai,2025-12-30T15:00:00+08:00,close为不复权；风险收益使用pct_chg÷100,千元,TuSharePro.daily,https://tushare.pro/document/1?doc_id=27,Fri Sep 04 2026 20:02:33 GMT+0800 (China Standard Time),公开行情历史快照
002594.SZ,比亚迪,2025-12-25,94.84,0.4448,1725723.851,有行情,日线,Asia/Shanghai,2025-12-30T15:00:00+08:00,close为不复权；风险收益使用pct_chg÷100,千元,TuSharePro.daily,https://tushare.pro/document/1?doc_id=27,Fri Sep 04 2026 20:02:33 GMT+0800 (China Standard Time),公开行情历史快照
300750.SZ,宁德时代,2025-12-25,373.01,-0.6896,7559336.244,有行情,日线,Asia/Shanghai,2025-12-30T15:00:00+08:00,close为不复权；风险收益使用pct_chg÷100,千元,TuSharePro.daily,https://tushare.pro/document/1?doc_id=27,Fri Sep 04 2026 20:02:33 GMT+0800 (China Standard Time),公开行情历史快照
600519.SH,贵州茅台,2025-12-25,1414.17,0.9472,3299572.096,有行情,日线,Asia/Shanghai,2025-12-30T15:00:00+08:00,close为不复权；风险收益使用pct_chg÷100,千元,TuSharePro.daily,https://tushare.pro/document/1?doc_id=27,Fri Sep 04 2026 20:02:33 GMT+0800 (China Standard Time),公开行情历史快照
601318.SH,中国平安,2025-12-25,70.8,2.5641,5513013.481,有行情,日线,Asia/Shanghai,2025-12-30T15:00:00+08:00,close为不复权；风险收益使用pct_chg÷100,千元,TuSharePro.daily,https://tushare.pro/document/1?doc_id=27,Fri Sep 04 2026 20:02:33 GMT+0800 (China Standard Time),公开行情历史快照
000333.SZ,美的集团,2025-12-26,78.87,0.3563,1688269.46,有行情,日线,Asia/Shanghai,2025-12-30T15:00:00+08:00,close为不复权；风险收益使用pct_chg÷100,千元,TuSharePro.daily,https://tushare.pro/document/1?doc_id=27,Fri Sep 04 2026 20:02:33 GMT+0800 (China Standard Time),公开行情历史快照
000858.SZ,五粮液,2025-12-26,109.78,-0.7414,1261539.56,有行情,日线,Asia/Shanghai,2025-12-30T15:00:00+08:00,close为不复权；风险收益使用pct_chg÷100,千元,TuSharePro.daily,https://tushare.pro/document/1?doc_id=27,Fri Sep 04 2026 20:02:33 GMT+0800 (China Standard Time),公开行情历史快照
002594.SZ,比亚迪,2025-12-26,100.01,5.4513,10178557.962,有行情,日线,Asia/Shanghai,2025-12-30T15:00:00+08:00,close为不复权；风险收益使用pct_chg÷100,千元,TuSharePro.daily,https://tushare.pro/document/1?doc_id=27,Fri Sep 04 2026 20:02:33 GMT+0800 (China Standard Time),公开行情历史快照
300750.SZ,宁德时代,2025-12-26,374.43,0.3807,9616116.053,有行情,日线,Asia/Shanghai,2025-12-30T15:00:00+08:00,close为不复权；风险收益使用pct_chg÷100,千元,TuSharePro.daily,https://tushare.pro/document/1?doc_id=27,Fri Sep 04 2026 20:02:33 GMT+0800 (China Standard Time),公开行情历史快照
600519.SH,贵州茅台,2025-12-26,1414.13,-0.0028,2520605.635,有行情,日线,Asia/Shanghai,2025-12-30T15:00:00+08:00,close为不复权；风险收益使用pct_chg÷100,千元,TuSharePro.daily,https://tushare.pro/document/1?doc_id=27,Fri Sep 04 2026 20:02:33 GMT+0800 (China Standard Time),公开行情历史快照
601318.SH,中国平安,2025-12-26,71.16,0.5085,4689142.906,有行情,日线,Asia/Shanghai,2025-12-30T15:00:00+08:00,close为不复权；风险收益使用pct_chg÷100,千元,TuSharePro.daily,https://tushare.pro/document/1?doc_id=27,Fri Sep 04 2026 20:02:33 GMT+0800 (China Standard Time),公开行情历史快照
000333.SZ,美的集团,2025-12-29,78.41,-0.5832,2026008.965,有行情,日线,Asia/Shanghai,2025-12-30T15:00:00+08:00,close为不复权；风险收益使用pct_chg÷100,千元,TuSharePro.daily,https://tushare.pro/document/1?doc_id=27,Fri Sep 04 2026 20:02:33 GMT+0800 (China Standard Time),公开行情历史快照
000858.SZ,五粮液,2025-12-29,108.06,-1.5668,2119598.416,有行情,日线,Asia/Shanghai,2025-12-30T15:00:00+08:00,close为不复权；风险收益使用pct_chg÷100,千元,TuSharePro.daily,https://tushare.pro/document/1?doc_id=27,Fri Sep 04 2026 20:02:33 GMT+0800 (China Standard Time),公开行情历史快照
002594.SZ,比亚迪,2025-12-29,100.21,0.2,5209488.142,有行情,日线,Asia/Shanghai,2025-12-30T15:00:00+08:00,close为不复权；风险收益使用pct_chg÷100,千元,TuSharePro.daily,https://tushare.pro/document/1?doc_id=27,Fri Sep 04 2026 20:02:33 GMT+0800 (China Standard Time),公开行情历史快照
300750.SZ,宁德时代,2025-12-29,369.31,-1.3674,8924502.783,有行情,日线,Asia/Shanghai,2025-12-30T15:00:00+08:00,close为不复权；风险收益使用pct_chg÷100,千元,TuSharePro.daily,https://tushare.pro/document/1?doc_id=27,Fri Sep 04 2026 20:02:33 GMT+0800 (China Standard Time),公开行情历史快照
600519.SH,贵州茅台,2025-12-29,1402.0,-0.8578,3694660.107,有行情,日线,Asia/Shanghai,2025-12-30T15:00:00+08:00,close为不复权；风险收益使用pct_chg÷100,千元,TuSharePro.daily,https://tushare.pro/document/1?doc_id=27,Fri Sep 04 2026 20:02:33 GMT+0800 (China Standard Time),公开行情历史快照
601318.SH,中国平安,2025-12-29,69.88,-1.7988,4622483.554,有行情,日线,Asia/Shanghai,2025-12-30T15:00:00+08:00,close为不复权；风险收益使用pct_chg÷100,千元,TuSharePro.daily,https://tushare.pro/document/1?doc_id=27,Fri Sep 04 2026 20:02:33 GMT+0800 (China Standard Time),公开行情历史快照
000333.SZ,美的集团,2025-12-30,78.85,0.5612,1681118.068,有行情,日线,Asia/Shanghai,2025-12-30T15:00:00+08:00,close为不复权；风险收益使用pct_chg÷100,千元,TuSharePro.daily,https://tushare.pro/document/1?doc_id=27,Fri Sep 04 2026 20:02:33 GMT+0800 (China Standard Time),公开行情历史快照
000858.SZ,五粮液,2025-12-30,107.36,-0.6478,1700875.914,有行情,日线,Asia/Shanghai,2025-12-30T15:00:00+08:00,close为不复权；风险收益使用pct_chg÷100,千元,TuSharePro.daily,https://tushare.pro/document/1?doc_id=27,Fri Sep 04 2026 20:02:33 GMT+0800 (China Standard Time),公开行情历史快照
002594.SZ,比亚迪,2025-12-30,99.75,-0.459,3174697.986,有行情,日线,Asia/Shanghai,2025-12-30T15:00:00+08:00,close为不复权；风险收益使用pct_chg÷100,千元,TuSharePro.daily,https://tushare.pro/document/1?doc_id=27,Fri Sep 04 2026 20:02:33 GMT+0800 (China Standard Time),公开行情历史快照
300750.SZ,宁德时代,2025-12-30,369.2,-0.0298,7014015.794,有行情,日线,Asia/Shanghai,2025-12-30T15:00:00+08:00,close为不复权；风险收益使用pct_chg÷100,千元,TuSharePro.daily,https://tushare.pro/document/1?doc_id=27,Fri Sep 04 2026 20:02:33 GMT+0800 (China Standard Time),公开行情历史快照
600519.SH,贵州茅台,2025-12-30,1389.72,-0.8759,4702489.813,有行情,日线,Asia/Shanghai,2025-12-30T15:00:00+08:00,close为不复权；风险收益使用pct_chg÷100,千元,TuSharePro.daily,https://tushare.pro/document/1?doc_id=27,Fri Sep 04 2026 20:02:33 GMT+0800 (China Standard Time),公开行情历史快照
601318.SH,中国平安,2025-12-30,68.8,-1.5455,7226865.062,有行情,日线,Asia/Shanghai,2025-12-30T15:00:00+08:00,close为不复权；风险收益使用pct_chg÷100,千元,TuSharePro.daily,https://tushare.pro/document/1?doc_id=27,Fri Sep 04 2026 20:02:33 GMT+0800 (China Standard Time),公开行情历史快照
